To honour the JVM settings for this build a single-use Daemon process will be forked. For more on this, please refer to https://docs.gradle.org/8.10.2/userguide/gradle_daemon.html#sec:disabling_the_daemon in the Gradle documentation.
Daemon will be stopped at the end of the build 

> Configure project :app
WARNING: The option setting 'android.aapt2FromMavenOverride=/data/data/com.termux/files/usr/bin/aapt2' is experimental.

> Task :app:preBuild UP-TO-DATE
> Task :app:preDebugBuild UP-TO-DATE
> Task :app:mergeDebugNativeDebugMetadata NO-SOURCE
> Task :app:javaPreCompileDebug
> Task :app:generateDebugResValues
> Task :app:checkDebugAarMetadata
> Task :app:mapDebugSourceSetPaths
> Task :app:generateDebugResources

> Task :app:mergeDebugResources
/data/data/com.termux/files/home/HyperPS3/HyperPS3/app/src/main/res/values-hi/strings.xml:162:1: Multiple substitutions specified in non-positional format of string resource string/resolution_not_support. Did you mean to add the formatted="false" attribute?
/data/data/com.termux/files/home/HyperPS3/HyperPS3/app/src/main/res/values-id/strings.xml:163:1: Multiple substitutions specified in non-positional format of string resource string/resolution_not_support. Did you mean to add the formatted="false" attribute?
/data/data/com.termux/files/home/HyperPS3/HyperPS3/app/src/main/res/values-it/strings.xml:170:4: Multiple substitutions specified in non-positional format of string resource string/resolution_not_support. Did you mean to add the formatted="false" attribute?
/data/data/com.termux/files/home/HyperPS3/HyperPS3/app/src/main/res/values-pt-rPT/strings.xml:162:4: Multiple substitutions specified in non-positional format of string resource string/resolution_not_support. Did you mean to add the formatted="false" attribute?
/data/data/com.termux/files/home/HyperPS3/HyperPS3/app/src/main/res/values/strings.xml:73:1: Multiple substitutions specified in non-positional format of string resource string/resolution_not_support. Did you mean to add the formatted="false" attribute?
/data/data/com.termux/files/home/HyperPS3/HyperPS3/app/src/main/res/values-ja/strings.xml:163:4: Multiple substitutions specified in non-positional format of string resource string/resolution_not_support. Did you mean to add the formatted="false" attribute?
/data/data/com.termux/files/home/HyperPS3/HyperPS3/app/src/main/res/values-es/strings.xml:162:4: Multiple substitutions specified in non-positional format of string resource string/resolution_not_support. Did you mean to add the formatted="false" attribute?
/data/data/com.termux/files/home/HyperPS3/HyperPS3/app/src/main/res/values-tr/strings.xml:162:1: Multiple substitutions specified in non-positional format of string resource string/resolution_not_support. Did you mean to add the formatted="false" attribute?
/data/data/com.termux/files/home/HyperPS3/HyperPS3/app/src/main/res/values-ko/strings.xml:163:0: Multiple substitutions specified in non-positional format of string resource string/resolution_not_support. Did you mean to add the formatted="false" attribute?
/data/data/com.termux/files/home/HyperPS3/HyperPS3/app/src/main/res/values-ru/strings.xml:162:1: Multiple substitutions specified in non-positional format of string resource string/resolution_not_support. Did you mean to add the formatted="false" attribute?
/data/data/com.termux/files/home/HyperPS3/HyperPS3/app/src/main/res/values-de/strings.xml:154:4: Multiple substitutions specified in non-positional format of string resource string/resolution_not_support. Did you mean to add the formatted="false" attribute?
/data/data/com.termux/files/home/HyperPS3/HyperPS3/app/src/main/res/values-zh-rTW/strings.xml:162:1: Multiple substitutions specified in non-positional format of string resource string/resolution_not_support. Did you mean to add the formatted="false" attribute?
/data/data/com.termux/files/home/HyperPS3/HyperPS3/app/src/main/res/values-vi/strings.xml:163:1: Multiple substitutions specified in non-positional format of string resource string/resolution_not_support. Did you mean to add the formatted="false" attribute?
/data/data/com.termux/files/home/HyperPS3/HyperPS3/app/src/main/res/values-th/strings.xml:162:1: Multiple substitutions specified in non-positional format of string resource string/resolution_not_support. Did you mean to add the formatted="false" attribute?
/data/data/com.termux/files/home/HyperPS3/HyperPS3/app/src/main/res/values-uk/strings.xml:162:1: Multiple substitutions specified in non-positional format of string resource string/resolution_not_support. Did you mean to add the formatted="false" attribute?
/data/data/com.termux/files/home/HyperPS3/HyperPS3/app/src/main/res/values-pl/strings.xml:142:4: Multiple substitutions specified in non-positional format of string resource string/resolution_not_support. Did you mean to add the formatted="false" attribute?
/data/data/com.termux/files/home/HyperPS3/HyperPS3/app/src/main/res/values-ms/strings.xml:163:1: Multiple substitutions specified in non-positional format of string resource string/resolution_not_support. Did you mean to add the formatted="false" attribute?
/data/data/com.termux/files/home/HyperPS3/HyperPS3/app/src/main/res/values-fr/strings.xml:179:1: Multiple substitutions specified in non-positional format of string resource string/resolution_not_support. Did you mean to add the formatted="false" attribute?
/data/data/com.termux/files/home/HyperPS3/HyperPS3/app/src/main/res/values-zh-rCN/strings.xml:165:4: Multiple substitutions specified in non-positional format of string resource string/resolution_not_support. Did you mean to add the formatted="false" attribute?

> Task :app:packageDebugResources
> Task :app:createDebugCompatibleScreenManifests
> Task :app:extractDeepLinksDebug
> Task :app:parseDebugLocalResources
> Task :app:processDebugMainManifest
> Task :app:processDebugManifest
> Task :app:mergeDebugShaders
> Task :app:compileDebugShaders NO-SOURCE
> Task :app:generateDebugAssets UP-TO-DATE
> Task :app:mergeDebugAssets
> Task :app:processDebugManifestForPackage
> Task :app:processDebugJavaRes NO-SOURCE
> Task :app:compressDebugAssets

> Task :app:mergeDebugResources
/data/data/com.termux/files/home/HyperPS3/HyperPS3/app/src/main/res/values-ar/strings.xml:164:4: Multiple substitutions specified in non-positional format of string resource string/resolution_not_support. Did you mean to add the formatted="false" attribute?
/data/data/com.termux/files/home/HyperPS3/HyperPS3/app/src/main/res/values-pt-rBR/strings.xml:142:4: Multiple substitutions specified in non-positional format of string resource string/resolution_not_support. Did you mean to add the formatted="false" attribute?
/data/data/com.termux/files/home/HyperPS3/HyperPS3/app/src/main/res/values-fa/strings.xml:163:4: Multiple substitutions specified in non-positional format of string resource string/resolution_not_support. Did you mean to add the formatted="false" attribute?

> Task :app:checkDebugDuplicateClasses
> Task :app:desugarDebugFileDependencies
> Task :app:mergeLibDexDebug
> Task :app:mergeDebugJavaResource
07-24 04:32:10.006  6011  6011 E aapt2   : No package ID 7f found for resource ID 0x7f04036b.
07-24 04:32:10.006  6011  6011 E aapt2   : No package ID 7f found for resource ID 0x7f04018b.
07-24 04:32:10.006  6011  6011 E aapt2   : No package ID 7f found for resource ID 0x7f0404d6.
07-24 04:32:10.006  6011  6011 E aapt2   : No package ID 7f found for resource ID 0x7f04043c.
07-24 04:32:10.006  6011  6011 E aapt2   : No package ID 7f found for resource ID 0x7f04023e.
07-24 04:32:10.006  6011  6011 E aapt2   : No package ID 7f found for resource ID 0x7f04018c.
07-24 04:32:10.006  6011  6011 E aapt2   : No package ID 7f found for resource ID 0x7f04004e.
07-24 04:32:10.006  6011  6011 E aapt2   : No package ID 7f found for resource ID 0x7f040056.
07-24 04:32:10.006  6011  6011 E aapt2   : No package ID 7f found for resource ID 0x7f040055.
07-24 04:32:10.006  6011  6011 E aapt2   : No package ID 7f found for resource ID 0x7f040170.
07-24 04:32:10.006  6011  6011 E aapt2   : No package ID 7f found for resource ID 0x7f04022b.
07-24 04:32:10.006  6011  6011 E aapt2   : No package ID 7f found for resource ID 0x7f04023a.
07-24 04:32:10.006  6011  6011 E aapt2   : No package ID 7f found for resource ID 0x7f0403b6.
07-24 04:32:10.006  6011  6011 E aapt2   : No package ID 7f found for resource ID 0x7f040250.
07-24 04:32:10.006  6011  6011 E aapt2   : No package ID 7f found for resource ID 0x7f0403b5.
07-24 04:32:10.006  6011  6011 E aapt2   : No package ID 7f found for resource ID 0x7f040239.
07-24 04:32:10.006  6011  6011 E aapt2   : No package ID 7f found for resource ID 0x7f040268.
07-24 04:32:10.006  6011  6011 E aapt2   : No package ID 7f found for resource ID 0x7f040233.
07-24 04:32:10.006  6011  6011 E aapt2   : No package ID 7f found for resource ID 0x7f0401ae.
07-24 04:32:10.006  6011  6011 E aapt2   : No package ID 7f found for resource ID 0x7f0403a2.
07-24 04:32:10.007  6011  6011 E aapt2   : No package ID 7f found for resource ID 0x7f0400ee.
07-24 04:32:10.007  6011  6011 E aapt2   : No package ID 7f found for resource ID 0x7f040256.
07-24 04:32:10.007  6011  6011 E aapt2   : No package ID 7f found for resource ID 0x7f0401cd.
07-24 04:32:10.007  6011  6011 E aapt2   : No package ID 7f found for resource ID 0x7f040029.
07-24 04:32:10.007  6011  6011 E aapt2   : No package ID 7f found for resource ID 0x7f040027.
07-24 04:32:10.007  6011  6011 E aapt2   : No package ID 7f found for resource ID 0x7f040037.
07-24 04:32:10.007  6011  6011 E aapt2   : No package ID 7f found for resource ID 0x7f04009c.
07-24 04:32:10.007  6011  6011 E aapt2   : No package ID 7f found for resource ID 0x7f0402dc.
07-24 04:32:10.007  6011  6011 E aapt2   : No package ID 7f found for resource ID 0x7f040367.
07-24 04:32:10.007  6011  6011 E aapt2   : No package ID 7f found for resource ID 0x7f040403.
07-24 04:32:10.007  6011  6011 E aapt2   : No package ID 7f found for resource ID 0x7f0402db.
07-24 04:32:10.007  6011  6011 E aapt2   : No package ID 7f found for resource ID 0x7f0403fb.
07-24 04:32:10.007  6011  6011 E aapt2   : No package ID 7f found for resource ID 0x7f040099.
07-24 04:32:10.007  6011  6011 E aapt2   : No package ID 7f found for resource ID 0x7f0401ce.
07-24 04:32:10.007  6011  6011 E aapt2   : No package ID 7f found for resource ID 0x7f0402d0.
07-24 04:32:10.007  6011  6011 E aapt2   : No package ID 7f found for resource ID 0x7f0402d2.
07-24 04:32:10.007  6011  6011 E aapt2   : No package ID 7f found for resource ID 0x7f0402d1.
07-24 04:32:10.007  6011  6011 E aapt2   : No package ID 7f found for resource ID 0x7f04042e.
07-24 04:32:10.007  6011  6011 E aapt2   : No package ID 7f found for resource ID 0x7f040425.
07-24 04:32:10.007  6011  6011 E aapt2   : No package ID 7f found for resource ID 0x7f040426.
07-24 04:32:10.007  6011  6011 E aapt2   : No package ID 7f found for resource ID 0x7f04042b.
07-24 04:32:10.007  6011  6011 E aapt2   : No package ID 7f found for resource ID 0x7f04042a.
07-24 04:32:10.007  6011  6011 E aapt2   : No package ID 7f found for resource ID 0x7f0402cd.
07-24 04:32:10.007  6011  6011 E aapt2   : No package ID 7f found for resource ID 0x7f0402cc.
07-24 04:32:10.007  6011  6011 E aapt2   : No package ID 7f found for resource ID 0x7f0402ce.
07-24 04:32:10.007  6011  6011 E aapt2   : No package ID 7f found for resource ID 0x7f04041a.
07-24 04:32:10.007  6011  6011 E aapt2   : No package ID 7f found for resource ID 0x7f0404c5.
07-24 04:32:10.007  6011  6011 E aapt2   : No package ID 7f found for resource ID 0x7f0404c6.
07-24 04:32:10.007  6011  6011 E aapt2   : No package ID 7f found for resource ID 0x7f0404bf.
07-24 04:32:10.007  6011  6011 E aapt2   : No package ID 7f found for resource ID 0x7f0404c0.
07-24 04:32:10.007  6011  6011 E aapt2   : No package ID 7f found for resource ID 0x7f0404c1.
07-24 04:32:10.007  6011  6011 E aapt2   : No package ID 7f found for resource ID 0x7f04046d.
07-24 04:32:10.007  6011  6011 E aapt2   : No package ID 7f found for resource ID 0x7f0404a4.
07-24 04:32:10.007  6011  6011 E aapt2   : No package ID 7f found for resource ID 0x7f04004b.
07-24 04:32:10.007  6011  6011 E aapt2   : No package ID 7f found for resource ID 0x7f04004a.
07-24 04:32:10.007  6011  6011 E aapt2   : No package ID 7f found for resource ID 0x7f040049.
07-24 04:32:10.007  6011  6011 E aapt2   : No package ID 7f found for resource ID 0x7f040048.
07-24 04:32:10.007  6011  6011 E aapt2   : No package ID 7f found for resource ID 0x7f040047.
07-24 04:32:10.007  6011  6011 E aapt2   : No package ID 7f found for resource ID 0x7f040214.
07-24 04:32:10.007  6011  6011 E aapt2   : No package ID 7f found for resource ID 0x7f0402d4.
07-24 04:32:10.007  6011  6011 E aapt2   : No package ID 7f found for resource ID 0x7f0401f0.
07-24 04:32:10.007  6011  6011 E aapt2   : No package ID 7f found for resource ID 0x7f040285.
07-24 04:32:10.007  6011  6011 E aapt2   : No package ID 7f found for resource ID 0x7f04021d.
07-24 04:32:10.007  6011  6011 E aapt2   : No package ID 7f found for resource ID 0x7f04019a.
07-24 04:32:10.007  6011  6011 E aapt2   : No package ID 7f found for resource ID 0x7f0401a0.
07-24 04:32:10.007  6011  6011 E aapt2   : No package ID 7f found for resource ID 0x7f04019b.
07-24 04:32:10.007  6011  6011 E aapt2   : No package ID 7f found for resource ID 0x7f040198.
07-24 04:32:10.007  6011  6011 E aapt2   : No package ID 7f found for resource ID 0x7f04019d.
07-24 04:32:10.007  6011  6011 E aapt2   : No package ID 7f found for resource ID 0x7f040199.
07-24 04:32:10.007  6011  6011 E aapt2   : No package ID 7f found for resource ID 0x7f04019e.
07-24 04:32:10.007  6011  6011 E aapt2   : No package ID 7f found for resource ID 0x7f04019f.
07-24 04:32:10.007  6011  6011 E aapt2   : No package ID 7f found for resource ID 0x7f0401b2.
07-24 04:32:10.007  6011  6011 E aapt2   : No package ID 7f found for resource ID 0x7f040512.
07-24 04:32:10.007  6011  6011 E aapt2   : No package ID 7f found for resource ID 0x7f04051b.
07-24 04:32:10.007  6011  6011 E aapt2   : No package ID 7f found for resource ID 0x7f040513.
07-24 04:32:10.007  6011  6011 E aapt2   : No package ID 7f found for resource ID 0x7f040514.
07-24 04:32:10.007  6011  6011 E aapt2   : No package ID 7f found for resource ID 0x7f040517.
07-24 04:32:10.007  6011  6011 E aapt2   : No package ID 7f found for resource ID 0x7f040516.
07-24 04:32:10.007  6011  6011 E aapt2   : No package ID 7f found for resource ID 0x7f040518.
07-24 04:32:10.007  6011  6011 E aapt2   : No package ID 7f found for resource ID 0x7f040515.
07-24 04:32:10.007  6011  6011 E aapt2   : No package ID 7f found for resource ID 0x7f040519.
07-24 04:32:10.007  6011  6011 E aapt2   : No package ID 7f found for resource ID 0x7f04051a.
07-24 04:32:10.007  6011  6011 E aapt2   : No package ID 7f found for resource ID 0x7f040009.
07-24 04:32:10.007  6011  6011 E aapt2   : No package ID 7f found for resource ID 0x7f040008.
07-24 04:32:10.007  6011  6011 E aapt2   : No package ID 7f found for resource ID 0x7f04000a.
07-24 04:32:10.007  6011  6011 E aapt2   : No package ID 7f found for resource ID 0x7f040021.
07-24 04:32:10.007  6011  6011 E aapt2   : No package ID 7f found for resource ID 0x7f040022.
07-24 04:32:10.007  6011  6011 E aapt2   : No package ID 7f found for resource ID 0x7f040004.
07-24 04:32:10.007  6011  6011 E aapt2   : No package ID 7f found for resource ID 0x7f040007.
07-24 04:32:10.007  6011  6011 E aapt2   : No package ID 7f found for resource ID 0x7f040006.
07-24 04:32:10.007  6011  6011 E aapt2   : No package ID 7f found for resource ID 0x7f04000b.
07-24 04:32:10.007  6011  6011 E aapt2   : No package ID 7f found for resource ID 0x7f04001f.
07-24 04:32:10.007  6011  6011 E aapt2   : No package ID 7f found for resource ID 0x7f04000c.
07-24 04:32:10.007  6011  6011 E aapt2   : No package ID 7f found for resource ID 0x7f040005.
07-24 04:32:10.007  6011  6011 E aapt2   : No package ID 7f found for resource ID 0x7f040002.
07-24 04:32:10.007  6011  6011 E aapt2   : No package ID 7f found for resource ID 0x7f040003.
07-24 04:32:10.007  6011  6011 E aapt2   : No package ID 7f found for resource ID 0x7f040010.
07-24 04:32:10.007  6011  6011 E aapt2   : No package ID 7f found for resource ID 0x7f040011.
07-24 04:32:10.007  6011  6011 E aapt2   : No package ID 7f found for resource ID 0x7f04001e.
07-24 04:32:10.007  6011  6011 E aapt2   : No package ID 7f found for resource ID 0x7f040013.
07-24 04:32:10.007  6011  6011 E aapt2   : No package ID 7f found for resource ID 0x7f040012.
07-24 04:32:10.007  6011  6011 E aapt2   : No package ID 7f found for resource ID 0x7f04001d.
07-24 04:32:10.007  6011  6011 E aapt2   : No package ID 7f found for resource ID 0x7f040015.
07-24 04:32:10.007  6011  6011 E aapt2   : No package ID 7f found for resource ID 0x7f040017.
07-24 04:32:10.007  6011  6011 E aapt2   : No package ID 7f found for resource ID 0x7f040016.
07-24 04:32:10.007  6011  6011 E aapt2   : No package ID 7f found for resource ID 0x7f040019.
07-24 04:32:10.007  6011  6011 E aapt2   : No package ID 7f found for resource ID 0x7f04001b.
07-24 04:32:10.007  6011  6011 E aapt2   : No package ID 7f found for resource ID 0x7f04001c.
07-24 04:32:10.007  6011  6011 E aapt2   : No package ID 7f found for resource ID 0x7f040018.
07-24 04:32:10.007  6011  6011 E aapt2   : No package ID 7f found for resource ID 0x7f040020.
07-24 04:32:10.007  6011  6011 E aapt2   : No package ID 7f found for resource ID 0x7f040014.
07-24 04:32:10.007  6011  6011 E aapt2   : No package ID 7f found for resource ID 0x7f04001a.
07-24 04:32:10.007  6011  6011 E aapt2   : No package ID 7f found for resource ID 0x7f040484.
07-24 04:32:10.007  6011  6011 E aapt2   : No package ID 7f found for resource ID 0x7f04048d.
07-24 04:32:10.007  6011  6011 E aapt2   : No package ID 7f found for resource ID 0x7f04048a.
07-24 04:32:10.007  6011  6011 E aapt2   : No package ID 7f found for resource ID 0x7f040188.
07-24 04:32:10.007  6011  6011 E aapt2   : No package ID 7f found for resource ID 0x7f040187.
07-24 04:32:10.007  6011  6011 E aapt2   : No package ID 7f found for resource ID 0x7f0402da.
07-24 04:32:10.007  6011  6011 E aapt2   : No package ID 7f found for resource ID 0x7f040182.
07-24 04:32:10.007  6011  6011 E aapt2   : No package ID 7f found for resource ID 0x7f04000e.
07-24 04:32:10.007  6011  6011 E aapt2   : No package ID 7f found for resource ID 0x7f0401a6.
07-24 04:32:10.007  6011  6011 E aapt2   : No package ID 7f found for resource ID 0x7f04040e.
07-24 04:32:10.007  6011  6011 E aapt2   : No package ID 7f found for resource ID 0x7f04000d.
07-24 04:32:10.007  6011  6011 E aapt2   : No package ID 7f found for resource ID 0x7f040095.
07-24 04:32:10.007  6011  6011 E aapt2   : No package ID 7f found for resource ID 0x7f040091.
07-24 04:32:10.007  6011  6011 E aapt2   : No package ID 7f found for resource ID 0x7f0403e0.
07-24 04:32:10.007  6011  6011 E aapt2   : No package ID 7f found for resource ID 0x7f0403e1.
07-24 04:32:10.007  6011  6011 E aapt2   : No package ID 7f found for resource ID 0x7f04007e.
07-24 04:32:10.007  6011  6011 E aapt2   : No package ID 7f found for resource ID 0x7f040193.
07-24 04:32:10.007  6011  6011 E aapt2   : No package ID 7f found for resource ID 0x7f04018e.
07-24 04:32:10.007  6011  6011 E aapt2   : No package ID 7f found for resource ID 0x7f040028.
07-24 04:32:10.007  6011  6011 E aapt2   : No package ID 7f found for resource ID 0x7f0404da.
07-24 04:32:10.007  6011  6011 E aapt2   : No package ID 7f found for resource ID 0x7f0404d9.
07-24 04:32:10.007  6011  6011 E aapt2   : No package ID 7f found for resource ID 0x7f0403a1.
07-24 04:32:10.007  6011  6011 E aapt2   : No package ID 7f found for resource ID 0x7f0403a3.
07-24 04:32:10.007  6011  6011 E aapt2   : No package ID 7f found for resource ID 0x7f0401ab.
07-24 04:32:10.007  6011  6011 E aapt2   : No package ID 7f found for resource ID 0x7f0401aa.
07-24 04:32:10.007  6011  6011 E aapt2   : No package ID 7f found for resource ID 0x7f04024a.
07-24 04:32:10.007  6011  6011 E aapt2   : No package ID 7f found for resource ID 0x7f04048c.
07-24 04:32:10.007  6011  6011 E aapt2   : No package ID 7f found for resource ID 0x7f04048b.
07-24 04:32:10.007  6011  6011 E aapt2   : No package ID 7f found for resource ID 0x7f040499.
07-24 04:32:10.007  6011  6011 E aapt2   : No package ID 7f found for resource ID 0x7f0403d9.
07-24 04:32:10.007  6011  6011 E aapt2   : No package ID 7f found for resource ID 0x7f0402df.
07-24 04:32:10.007  6011  6011 E aapt2   : No package ID 7f found for resource ID 0x7f0402e1.
07-24 04:32:10.007  6011  6011 E aapt2   : No package ID 7f found for resource ID 0x7f0402e0.
07-24 04:32:10.007  6011  6011 E aapt2   : No package ID 7f found for resource ID 0x7f0402e3.
07-24 04:32:10.007  6011  6011 E aapt2   : No package ID 7f found for resource ID 0x7f0402e4.
07-24 04:32:10.007  6011  6011 E aapt2   : No package ID 7f found for resource ID 0x7f0402e5.
07-24 04:32:10.007  6011  6011 E aapt2   : No package ID 7f found for resource ID 0x7f0402e2.
07-24 04:32:10.007  6011  6011 E aapt2   : No package ID 7f found for resource ID 0x7f0401a5.
07-24 04:32:10.007  6011  6011 E aapt2   : No package ID 7f found for resource ID 0x7f0402de.
07-24 04:32:10.007  6011  6011 E aapt2   : No package ID 7f found for resource ID 0x7f040486.
07-24 04:32:10.007  6011  6011 E aapt2   : No package ID 7f found for resource ID 0x7f040487.
07-24 04:32:10.007  6011  6011 E aapt2   : No package ID 7f found for resource ID 0x7f040488.
07-24 04:32:10.007  6011  6011 E aapt2   : No package ID 7f found for resource ID 0x7f040389.
07-24 04:32:10.007  6011  6011 E aapt2   : No package ID 7f found for resource ID 0x7f04038b.
07-24 04:32:10.007  6011  6011 E aapt2   : No package ID 7f found for resource ID 0x7f04038a.
07-24 04:32:10.007  6011  6011 E aapt2   : No package ID 7f found for resource ID 0x7f0402d7.
07-24 04:32:10.007  6011  6011 E aapt2   : No package ID 7f found for resource ID 0x7f04011b.
07-24 04:32:10.007  6011  6011 E aapt2   : No package ID 7f found for resource ID 0x7f04011d.
07-24 04:32:10.007  6011  6011 E aapt2   : No package ID 7f found for resource ID 0x7f0400fb.
07-24 04:32:10.007  6011  6011 E aapt2   : No package ID 7f found for resource ID 0x7f040101.
07-24 04:32:10.007  6011  6011 E aapt2   : No package ID 7f found for resource ID 0x7f0400ff.
07-24 04:32:10.007  6011  6011 E aapt2   : No package ID 7f found for resource ID 0x7f040100.
07-24 04:32:10.007  6011  6011 E aapt2   : No package ID 7f found for resource ID 0x7f0400fd.
07-24 04:32:10.007  6011  6011 E aapt2   : No package ID 7f found for resource ID 0x7f040132.
07-24 04:32:10.007  6011  6011 E aapt2   : No package ID 7f found for resource ID 0x7f040151.
07-24 04:32:10.007  6011  6011 E aapt2   : No package ID 7f found for resource ID 0x7f0400fc.
07-24 04:32:10.007  6011  6011 E aapt2   : No package ID 7f found for resource ID 0x7f04002e.
07-24 04:32:10.007  6011  6011 E aapt2   : No package ID 7f found for resource ID 0x7f04002c.
07-24 04:32:10.007  6011  6011 E aapt2   : No package ID 7f found for resource ID 0x7f04002d.
07-24 04:32:10.007  6011  6011 E aapt2   : No package ID 7f found for resource ID 0x7f04002f.
07-24 04:32:10.008  6011  6011 E aapt2   : No package ID 7f found for resource ID 0x7f040498.
07-24 04:32:10.008  6011  6011 E aapt2   : No package ID 7f found for resource ID 0x7f040094.
07-24 04:32:10.008  6011  6011 E aapt2   : No package ID 7f found for resource ID 0x7f040092.
07-24 04:32:10.008  6011  6011 E aapt2   : No package ID 7f found for resource ID 0x7f040093.
07-24 04:32:10.008  6011  6011 E aapt2   : No package ID 7f found for resource ID 0x7f040045.
07-24 04:32:10.008  6011  6011 E aapt2   : No package ID 7f found for resource ID 0x7f04009d.
07-24 04:32:10.008  6011  6011 E aapt2   : No package ID 7f found for resource ID 0x7f04009e.
07-24 04:32:10.008  6011  6011 E aapt2   : No package ID 7f found for resource ID 0x7f0400b9.
07-24 04:32:10.008  6011  6011 E aapt2   : No package ID 7f found for resource ID 0x7f0400c4.
07-24 04:32:10.008  6011  6011 E aapt2   : No package ID 7f found for resource ID 0x7f0401ad.
07-24 04:32:10.008  6011  6011 E aapt2   : No package ID 7f found for resource ID 0x7f0403bd.
07-24 04:32:10.008  6011  6011 E aapt2   : No package ID 7f found for resource ID 0x7f0403bf.
07-24 04:32:10.008  6011  6011 E aapt2   : No package ID 7f found for resource ID 0x7f0403c0.
07-24 04:32:10.008  6011  6011 E aapt2   : No package ID 7f found for resource ID 0x7f0403c1.
07-24 04:32:10.008  6011  6011 E aapt2   : No package ID 7f found for resource ID 0x7f0403de.
07-24 04:32:10.008  6011  6011 E aapt2   : No package ID 7f found for resource ID 0x7f04040f.
07-24 04:32:10.008  6011  6011 E aapt2   : No package ID 7f found for resource ID 0x7f040448.
07-24 04:32:10.008  6011  6011 E aapt2   : No package ID 7f found for resource ID 0x7f0402dd.
07-24 04:32:10.008  6011  6011 E aapt2   : No package ID 7f found for resource ID 0x7f0404dd.
07-24 04:32:10.008  6011  6011 E aapt2   : No package ID 7f found for resource ID 0x7f0404dc.
07-24 04:32:10.008  6011  6011 E aapt2   : No package ID 7f found for resource ID 0x7f040102.
07-24 04:32:10.008  6011  6011 E aapt2   : No package ID 7f found for resource ID 0x7f040503.
07-24 04:32:10.008  6011  6011 E aapt2   : No package ID 7f found for resource ID 0x7f0402d9.
07-24 04:32:10.008  6011  6011 E aapt2   : No package ID 7f found for resource ID 0x7f0402d8.
07-24 04:32:10.008  6011  6011 E aapt2   : No package ID 7f found for resource ID 0x7f04005b.
07-24 04:32:10.008  6011  6011 E aapt2   : No package ID 7f found for resource ID 0x7f040063.
07-24 04:32:10.008  6011  6011 E aapt2   : No package ID 7f found for resource ID 0x7f040062.
07-24 04:32:10.008  6011  6011 E aapt2   : No package ID 7f found for resource ID 0x7f040066.
07-24 04:32:10.008  6011  6011 E aapt2   : No package ID 7f found for resource ID 0x7f040064.
07-24 04:32:10.008  6011  6011 E aapt2   : No package ID 7f found for resource ID 0x7f040069.
07-24 04:32:10.008  6011  6011 E aapt2   : No package ID 7f found for resource ID 0x7f04005a.
07-24 04:32:10.008  6011  6011 E aapt2   : No package ID 7f found for resource ID 0x7f040065.
07-24 04:32:10.008  6011  6011 E aapt2   : No package ID 7f found for resource ID 0x7f04004f.
07-24 04:32:10.008  6011  6011 E aapt2   : No package ID 7f found for resource ID 0x7f040061.
07-24 04:32:10.008  6011  6011 E aapt2   : No package ID 7f found for resource ID 0x7f040321.
07-24 04:32:10.008  6011  6011 E aapt2   : No package ID 7f found for resource ID 0x7f040325.
07-24 04:32:10.008  6011  6011 E aapt2   : No package ID 7f found for resource ID 0x7f04005f.
07-24 04:32:10.008  6011  6011 E aapt2   : No package ID 7f found for resource ID 0x7f040372.
07-24 04:32:10.008  6011  6011 E aapt2   : No package ID 7f found for resource ID 0x7f040059.
07-24 04:32:10.008  6011  6011 E aapt2   : No package ID 7f found for resource ID 0x7f040060.
07-24 04:32:10.008  6011  6011 E aapt2   : No package ID 7f found for resource ID 0x7f04005c.
07-24 04:32:10.008  6011  6011 E aapt2   : No package ID 7f found for resource ID 0x7f04005d.
07-24 04:32:10.008  6011  6011 E aapt2   : No package ID 7f found for resource ID 0x7f040067.
07-24 04:32:10.008  6011  6011 E aapt2   : No package ID 7f found for resource ID 0x7f040068.
07-24 04:32:10.008  6011  6011 E aapt2   : No package ID 7f found for resource ID 0x7f040374.
07-24 04:32:10.008  6011  6011 E aapt2   : No package ID 7f found for resource ID 0x7f04023b.
07-24 04:32:10.008  6011  6011 E aapt2   : No package ID 7f found for resource ID 0x7f040501.
07-24 04:32:10.008  6011  6011 E aapt2   : No package ID 7f found for resource ID 0x7f04023c.
07-24 04:32:10.008  6011  6011 E aapt2   : No package ID 7f found for resource ID 0x7f040502.
07-24 04:32:10.008  6011  6011 E aapt2   : No package ID 7f found for resource ID 0x7f040284.
07-24 04:32:10.008  6011  6011 E aapt2   : No package ID 7f found for resource ID 0x7f040043.
07-24 04:32:10.008  6011  6011 E aapt2   : No package ID 7f found for resource ID 0x7f0404ed.
07-24 04:32:10.008  6011  6011 E aapt2   : No package ID 7f found for resource ID 0x7f0404e8.
07-24 04:32:10.008  6011  6011 E aapt2   : No package ID 7f found for resource ID 0x7f040251.
07-24 04:32:10.008  6011  6011 E aapt2   : No package ID 7f found for resource ID 0x7f0404e5.
07-24 04:32:10.008  6011  6011 E aapt2   : No package ID 7f found for resource ID 0x7f0403f3.
07-24 04:32:10.008  6011  6011 E aapt2   : No package ID 7f found for resource ID 0x7f040230.
07-24 04:32:10.008  6011  6011 E aapt2   : No package ID 7f found for resource ID 0x7f0403f5.
07-24 04:32:10.008  6011  6011 E aapt2   : No package ID 7f found for resource ID 0x7f04032f.
07-24 04:32:10.008  6011  6011 E aapt2   : No package ID 7f found for resource ID 0x7f040057.
07-24 04:32:10.008  6011  6011 E aapt2   : No package ID 7f found for resource ID 0x7f04036a.
07-24 04:32:10.008  6011  6011 E aapt2   : No package ID 7f found for resource ID 0x7f0401ae.
07-24 04:32:10.008  6011  6011 E aapt2   : No package ID 7f found for resource ID 0x7f0401e0.
07-24 04:32:10.008  6011  6011 E aapt2   : No package ID 7f found for resource ID 0x7f0401e2.
07-24 04:32:10.008  6011  6011 E aapt2   : No package ID 7f found for resource ID 0x7f0401e3.
07-24 04:32:10.008  6011  6011 E aapt2   : No package ID 7f found for resource ID 0x7f0401e4.
07-24 04:32:10.008  6011  6011 E aapt2   : No package ID 7f found for resource ID 0x7f0401e5.
07-24 04:32:10.008  6011  6011 E aapt2   : No package ID 7f found for resource ID 0x7f0401e6.
07-24 04:32:10.008  6011  6011 E aapt2   : No package ID 7f found for resource ID 0x7f0401e1.
07-24 04:32:10.008  6011  6011 E aapt2   : No package ID 7f found for resource ID 0x7f0403cb.
07-24 04:32:10.008  6011  6011 E aapt2   : No package ID 7f found for resource ID 0x7f04002a.
07-24 04:32:10.008  6011  6011 E aapt2   : No package ID 7f found for resource ID 0x7f040234.
07-24 04:32:10.008  6011  6011 E aapt2   : No package ID 7f found for resource ID 0x7f040381.
07-24 04:32:10.008  6011  6011 E aapt2   : No package ID 7f found for resource ID 0x7f040383.
07-24 04:32:10.008  6011  6011 E aapt2   : No package ID 7f found for resource ID 0x7f040384.
07-24 04:32:10.008  6011  6011 E aapt2   : No package ID 7f found for resource ID 0x7f04032a.
07-24 04:32:10.008  6011  6011 E aapt2   : No package ID 7f found for resource ID 0x7f040262.
07-24 04:32:10.008  6011  6011 E aapt2   : No package ID 7f found for resource ID 0x7f040138.
07-24 04:32:10.008  6011  6011 E aapt2   : No package ID 7f found for resource ID 0x7f0403e5.
07-24 04:32:10.008  6011  6011 E aapt2   : No package ID 7f found for resource ID 0x7f0403ed.
07-24 04:32:10.008  6011  6011 E aapt2   : No package ID 7f found for resource ID 0x7f040076.
07-24 04:32:10.008  6011  6011 E aapt2   : No package ID 7f found for resource ID 0x7f040074.
07-24 04:32:10.008  6011  6011 E aapt2   : No package ID 7f found for resource ID 0x7f040079.
07-24 04:32:10.008  6011  6011 E aapt2   : No package ID 7f found for resource ID 0x7f040072.
07-24 04:32:10.008  6011  6011 E aapt2   : No package ID 7f found for resource ID 0x7f040070.
07-24 04:32:10.008  6011  6011 E aapt2   : No package ID 7f found for resource ID 0x7f040073.
07-24 04:32:10.008  6011  6011 E aapt2   : No package ID 7f found for resource ID 0x7f040071.
07-24 04:32:10.008  6011  6011 E aapt2   : No package ID 7f found for resource ID 0x7f040078.
07-24 04:32:10.008  6011  6011 E aapt2   : No package ID 7f found for resource ID 0x7f040077.
07-24 04:32:10.008  6011  6011 E aapt2   : No package ID 7f found for resource ID 0x7f040225.
07-24 04:32:10.008  6011  6011 E aapt2   : No package ID 7f found for resource ID 0x7f040388.
07-24 04:32:10.008  6011  6011 E aapt2   : No package ID 7f found for resource ID 0x7f0402eb.
07-24 04:32:10.008  6011  6011 E aapt2   : No package ID 7f found for resource ID 0x7f0402ec.
07-24 04:32:10.008  6011  6011 E aapt2   : No package ID 7f found for resource ID 0x7f0402ed.
07-24 04:32:10.008  6011  6011 E aapt2   : No package ID 7f found for resource ID 0x7f0403f2.
07-24 04:32:10.008  6011  6011 E aapt2   : No package ID 7f found for resource ID 0x7f040033.
07-24 04:32:10.008  6011  6011 E aapt2   : No package ID 7f found for resource ID 0x7f0403bc.
07-24 04:32:10.008  6011  6011 E aapt2   : No package ID 7f found for resource ID 0x7f0403f0.
07-24 04:32:10.008  6011  6011 E aapt2   : No package ID 7f found for resource ID 0x7f0400a1.
07-24 04:32:10.008  6011  6011 E aapt2   : No package ID 7f found for resource ID 0x7f0400a2.
07-24 04:32:10.008  6011  6011 E aapt2   : No package ID 7f found for resource ID 0x7f0400a3.
07-24 04:32:10.008  6011  6011 E aapt2   : No package ID 7f found for resource ID 0x7f0400a5.
07-24 04:32:10.008  6011  6011 E aapt2   : No package ID 7f found for resource ID 0x7f0400a7.
07-24 04:32:10.008  6011  6011 E aapt2   : No package ID 7f found for resource ID 0x7f0400a6.
07-24 04:32:10.008  6011  6011 E aapt2   : No package ID 7f found for resource ID 0x7f040148.
07-24 04:32:10.008  6011  6011 E aapt2   : No package ID 7f found for resource ID 0x7f04014b.
07-24 04:32:10.008  6011  6011 E aapt2   : No package ID 7f found for resource ID 0x7f04014c.
07-24 04:32:10.008  6011  6011 E aapt2   : No package ID 7f found for resource ID 0x7f04014e.
07-24 04:32:10.008  6011  6011 E aapt2   : No package ID 7f found for resource ID 0x7f040149.
07-24 04:32:10.008  6011  6011 E aapt2   : No package ID 7f found for resource ID 0x7f0400ab.
07-24 04:32:10.008  6011  6011 E aapt2   : No package ID 7f found for resource ID 0x7f0400af.
07-24 04:32:10.008  6011  6011 E aapt2   : No package ID 7f found for resource ID 0x7f0400ae.
07-24 04:32:10.008  6011  6011 E aapt2   : No package ID 7f found for resource ID 0x7f0400ad.
07-24 04:32:10.008  6011  6011 E aapt2   : No package ID 7f found for resource ID 0x7f0400ac.
07-24 04:32:10.008  6011  6011 E aapt2   : No package ID 7f found for resource ID 0x7f0400a9.
07-24 04:32:10.008  6011  6011 E aapt2   : No package ID 7f found for resource ID 0x7f0400b1.
07-24 04:32:10.008  6011  6011 E aapt2   : No package ID 7f found for resource ID 0x7f0400b0.
07-24 04:32:10.008  6011  6011 E aapt2   : No package ID 7f found for resource ID 0x7f0400b2.
07-24 04:32:10.008  6011  6011 E aapt2   : No package ID 7f found for resource ID 0x7f0400aa.
07-24 04:32:10.008  6011  6011 E aapt2   : No package ID 7f found for resource ID 0x7f040443.
07-24 04:32:10.008  6011  6011 E aapt2   : No package ID 7f found for resource ID 0x7f040442.
07-24 04:32:10.008  6011  6011 E aapt2   : No package ID 7f found for resource ID 0x7f04018a.
07-24 04:32:10.008  6011  6011 E aapt2   : No package ID 7f found for resource ID 0x7f0400b6.
07-24 04:32:10.008  6011  6011 E aapt2   : No package ID 7f found for resource ID 0x7f0400b7.
07-24 04:32:10.008  6011  6011 E aapt2   : No package ID 7f found for resource ID 0x7f0400b8.
07-24 04:32:10.008  6011  6011 E aapt2   : No package ID 7f found for resource ID 0x7f0400d8.
07-24 04:32:10.008  6011  6011 E aapt2   : No package ID 7f found for resource ID 0x7f0400c5.
07-24 04:32:10.008  6011  6011 E aapt2   : No package ID 7f found for resource ID 0x7f0400ce.
07-24 04:32:10.008  6011  6011 E aapt2   : No package ID 7f found for resource ID 0x7f0400c6.
07-24 04:32:10.008  6011  6011 E aapt2   : No package ID 7f found for resource ID 0x7f0400d5.
07-24 04:32:10.008  6011  6011 E aapt2   : No package ID 7f found for resource ID 0x7f0400d6.
07-24 04:32:10.008  6011  6011 E aapt2   : No package ID 7f found for resource ID 0x7f0403cd.
07-24 04:32:10.008  6011  6011 E aapt2   : No package ID 7f found for resource ID 0x7f0400cf.
07-24 04:32:10.008  6011  6011 E aapt2   : No package ID 7f found for resource ID 0x7f0401c0.
07-24 04:32:10.008  6011  6011 E aapt2   : No package ID 7f found for resource ID 0x7f0400cd.
07-24 04:32:10.008  6011  6011 E aapt2   : No package ID 7f found for resource ID 0x7f0400ca.
07-24 04:32:10.008  6011  6011 E aapt2   : No package ID 7f found for resource ID 0x7f0400c9.
07-24 04:32:10.008  6011  6011 E aapt2   : No package ID 7f found for resource ID 0x7f0400cc.
07-24 04:32:10.008  6011  6011 E aapt2   : No package ID 7f found for resource ID 0x7f0400cb.
07-24 04:32:10.008  6011  6011 E aapt2   : No package ID 7f found for resource ID 0x7f0400ed.
07-24 04:32:10.008  6011  6011 E aapt2   : No package ID 7f found for resource ID 0x7f0400e8.
07-24 04:32:10.008  6011  6011 E aapt2   : No package ID 7f found for resource ID 0x7f0400e7.
07-24 04:32:10.008  6011  6011 E aapt2   : No package ID 7f found for resource ID 0x7f0400ec.
07-24 04:32:10.008  6011  6011 E aapt2   : No package ID 7f found for resource ID 0x7f0400ea.
07-24 04:32:10.008  6011  6011 E aapt2   : No package ID 7f found for resource ID 0x7f0400c2.
07-24 04:32:10.008  6011  6011 E aapt2   : No package ID 7f found for resource ID 0x7f0400bd.
07-24 04:32:10.008  6011  6011 E aapt2   : No package ID 7f found for resource ID 0x7f0400bc.
07-24 04:32:10.008  6011  6011 E aapt2   : No package ID 7f found for resource ID 0x7f0400c1.
07-24 04:32:10.009  6011  6011 E aapt2   : No package ID 7f found for resource ID 0x7f0403f7.
07-24 04:32:10.009  6011  6011 E aapt2   : No package ID 7f found for resource ID 0x7f040231.
07-24 04:32:10.009  6011  6011 E aapt2   : No package ID 7f found for resource ID 0x7f0400d4.
07-24 04:32:10.009  6011  6011 E aapt2   : No package ID 7f found for resource ID 0x7f040244.
07-24 04:32:10.009  6011  6011 E aapt2   : No package ID 7f found for resource ID 0x7f04023f.
07-24 04:32:10.009  6011  6011 E aapt2   : No package ID 7f found for resource ID 0x7f0404a9.
07-24 04:32:10.009  6011  6011 E aapt2   : No package ID 7f found for resource ID 0x7f04049a.
07-24 04:32:10.009  6011  6011 E aapt2   : No package ID 7f found for resource ID 0x7f0400eb.
07-24 04:32:10.009  6011  6011 E aapt2   : No package ID 7f found for resource ID 0x7f0400e9.
07-24 04:32:10.009  6011  6011 E aapt2   : No package ID 7f found for resource ID 0x7f0400c7.
07-24 04:32:10.009  6011  6011 E aapt2   : No package ID 7f found for resource ID 0x7f0400d0.
07-24 04:32:10.009  6011  6011 E aapt2   : No package ID 7f found for resource ID 0x7f0400d1.
07-24 04:32:10.009  6011  6011 E aapt2   : No package ID 7f found for resource ID 0x7f0400d2.
07-24 04:32:10.009  6011  6011 E aapt2   : No package ID 7f found for resource ID 0x7f040404.
07-24 04:32:10.009  6011  6011 E aapt2   : No package ID 7f found for resource ID 0x7f040406.
07-24 04:32:10.009  6011  6011 E aapt2   : No package ID 7f found for resource ID 0x7f0403e2.
07-24 04:32:10.009  6011  6011 E aapt2   : No package ID 7f found for resource ID 0x7f0400bb.
07-24 04:32:10.009  6011  6011 E aapt2   : No package ID 7f found for resource ID 0x7f040255.
07-24 04:32:10.009  6011  6011 E aapt2   : No package ID 7f found for resource ID 0x7f040254.
07-24 04:32:10.009  6011  6011 E aapt2   : No package ID 7f found for resource ID 0x7f040252.
07-24 04:32:10.009  6011  6011 E aapt2   : No package ID 7f found for resource ID 0x7f0400e6.
07-24 04:32:10.009  6011  6011 E aapt2   : No package ID 7f found for resource ID 0x7f0400e3.
07-24 04:32:10.009  6011  6011 E aapt2   : No package ID 7f found for resource ID 0x7f0400e4.
07-24 04:32:10.009  6011  6011 E aapt2   : No package ID 7f found for resource ID 0x7f04030a.
07-24 04:32:10.009  6011  6011 E aapt2   : No package ID 7f found for resource ID 0x7f0403e3.
07-24 04:32:10.009  6011  6011 E aapt2   : No package ID 7f found for resource ID 0x7f0401d1.
07-24 04:32:10.009  6011  6011 E aapt2   : No package ID 7f found for resource ID 0x7f0401d4.
07-24 04:32:10.009  6011  6011 E aapt2   : No package ID 7f found for resource ID 0x7f0401d5.
07-24 04:32:10.009  6011  6011 E aapt2   : No package ID 7f found for resource ID 0x7f0401d3.
07-24 04:32:10.009  6011  6011 E aapt2   : No package ID 7f found for resource ID 0x7f0401d2.
07-24 04:32:10.009  6011  6011 E aapt2   : No package ID 7f found for resource ID 0x7f0401d6.
07-24 04:32:10.009  6011  6011 E aapt2   : No package ID 7f found for resource ID 0x7f0400f3.
07-24 04:32:10.009  6011  6011 E aapt2   : No package ID 7f found for resource ID 0x7f0404d5.
07-24 04:32:10.009  6011  6011 E aapt2   : No package ID 7f found for resource ID 0x7f0401d7.
07-24 04:32:10.009  6011  6011 E aapt2   : No package ID 7f found for resource ID 0x7f0400f4.
07-24 04:32:10.009  6011  6011 E aapt2   : No package ID 7f found for resource ID 0x7f04014f.
07-24 04:32:10.009  6011  6011 E aapt2   : No package ID 7f found for resource ID 0x7f04042f.
07-24 04:32:10.009  6011  6011 E aapt2   : No package ID 7f found for resource ID 0x7f0404d8.
07-24 04:32:10.009  6011  6011 E aapt2   : No package ID 7f found for resource ID 0x7f0403d5.
07-24 04:32:10.009  6011  6011 E aapt2   : No package ID 7f found for resource ID 0x7f0403d3.
07-24 04:32:10.009  6011  6011 E aapt2   : No package ID 7f found for resource ID 0x7f0400f2.
07-24 04:32:10.009  6011  6011 E aapt2   : No package ID 7f found for resource ID 0x7f0401d0.
07-24 04:32:10.009  6011  6011 E aapt2   : No package ID 7f found for resource ID 0x7f0404cb.
07-24 04:32:10.009  6011  6011 E aapt2   : No package ID 7f found for resource ID 0x7f0404c8.
07-24 04:32:10.009  6011  6011 E aapt2   : No package ID 7f found for resource ID 0x7f0404ca.
07-24 04:32:10.009  6011  6011 E aapt2   : No package ID 7f found for resource ID 0x7f040324.
07-24 04:32:10.009  6011  6011 E aapt2   : No package ID 7f found for resource ID 0x7f04021f.
07-24 04:32:10.009  6011  6011 E aapt2   : No package ID 7f found for resource ID 0x7f0401df.
07-24 04:32:10.009  6011  6011 E aapt2   : No package ID 7f found for resource ID 0x7f0404d2.
07-24 04:32:10.009  6011  6011 E aapt2   : No package ID 7f found for resource ID 0x7f04028e.
07-24 04:32:10.009  6011  6011 E aapt2   : No package ID 7f found for resource ID 0x7f04028f.
07-24 04:32:10.009  6011  6011 E aapt2   : No package ID 7f found for resource ID 0x7f040034.
07-24 04:32:10.009  6011  6011 E aapt2   : No package ID 7f found for resource ID 0x7f040280.
07-24 04:32:10.009  6011  6011 E aapt2   : No package ID 7f found for resource ID 0x7f040096.
07-24 04:32:10.009  6011  6011 E aapt2   : No package ID 7f found for resource ID 0x7f04009f.
07-24 04:32:10.009  6011  6011 E aapt2   : No package ID 7f found for resource ID 0x7f0400a0.
07-24 04:32:10.009  6011  6011 E aapt2   : No package ID 7f found for resource ID 0x7f040508.
07-24 04:32:10.009  6011  6011 E aapt2   : No package ID 7f found for resource ID 0x7f040399.
07-24 04:32:10.009  6011  6011 E aapt2   : No package ID 7f found for resource ID 0x7f0404f0.
07-24 04:32:10.009  6011  6011 E aapt2   : No package ID 7f found for resource ID 0x7f0402b9.
07-24 04:32:10.009  6011  6011 E aapt2   : No package ID 7f found for resource ID 0x7f0402a2.
07-24 04:32:10.009  6011  6011 E aapt2   : No package ID 7f found for resource ID 0x7f040299.
07-24 04:32:10.009  6011  6011 E aapt2   : No package ID 7f found for resource ID 0x7f04029b.
07-24 04:32:10.009  6011  6011 E aapt2   : No package ID 7f found for resource ID 0x7f04029a.
07-24 04:32:10.009  6011  6011 E aapt2   : No package ID 7f found for resource ID 0x7f04029f.
07-24 04:32:10.009  6011  6011 E aapt2   : No package ID 7f found for resource ID 0x7f0402a0.
07-24 04:32:10.009  6011  6011 E aapt2   : No package ID 7f found for resource ID 0x7f0402a1.
07-24 04:32:10.009  6011  6011 E aapt2   : No package ID 7f found for resource ID 0x7f040227.
07-24 04:32:10.009  6011  6011 E aapt2   : No package ID 7f found for resource ID 0x7f0402ab.
07-24 04:32:10.009  6011  6011 E aapt2   : No package ID 7f found for resource ID 0x7f0402ac.
07-24 04:32:10.009  6011  6011 E aapt2   : No package ID 7f found for resource ID 0x7f0402ae.
07-24 04:32:10.009  6011  6011 E aapt2   : No package ID 7f found for resource ID 0x7f0402af.
07-24 04:32:10.009  6011  6011 E aapt2   : No package ID 7f found for resource ID 0x7f0402b5.
07-24 04:32:10.009  6011  6011 E aapt2   : No package ID 7f found for resource ID 0x7f0402b4.
07-24 04:32:10.009  6011  6011 E aapt2   : No package ID 7f found for resource ID 0x7f040298.
07-24 04:32:10.009  6011  6011 E aapt2   : No package ID 7f found for resource ID 0x7f040297.
07-24 04:32:10.009  6011  6011 E aapt2   : No package ID 7f found for resource ID 0x7f040293.
07-24 04:32:10.009  6011  6011 E aapt2   : No package ID 7f found for resource ID 0x7f040295.
07-24 04:32:10.009  6011  6011 E aapt2   : No package ID 7f found for resource ID 0x7f040294.
07-24 04:32:10.009  6011  6011 E aapt2   : No package ID 7f found for resource ID 0x7f0402b0.
07-24 04:32:10.009  6011  6011 E aapt2   : No package ID 7f found for resource ID 0x7f0402b1.
07-24 04:32:10.009  6011  6011 E aapt2   : No package ID 7f found for resource ID 0x7f04029e.
07-24 04:32:10.009  6011  6011 E aapt2   : No package ID 7f found for resource ID 0x7f04029d.
07-24 04:32:10.009  6011  6011 E aapt2   : No package ID 7f found for resource ID 0x7f0402c4.
07-24 04:32:10.009  6011  6011 E aapt2   : No package ID 7f found for resource ID 0x7f0402c7.
07-24 04:32:10.009  6011  6011 E aapt2   : No package ID 7f found for resource ID 0x7f0402c5.
07-24 04:32:10.009  6011  6011 E aapt2   : No package ID 7f found for resource ID 0x7f0402c2.
07-24 04:32:10.009  6011  6011 E aapt2   : No package ID 7f found for resource ID 0x7f0402c6.
07-24 04:32:10.009  6011  6011 E aapt2   : No package ID 7f found for resource ID 0x7f0402c3.
07-24 04:32:10.009  6011  6011 E aapt2   : No package ID 7f found for resource ID 0x7f0402c1.
07-24 04:32:10.009  6011  6011 E aapt2   : No package ID 7f found for resource ID 0x7f0402ca.
07-24 04:32:10.009  6011  6011 E aapt2   : No package ID 7f found for resource ID 0x7f040291.
07-24 04:32:10.009  6011  6011 E aapt2   : No package ID 7f found for resource ID 0x7f040290.
07-24 04:32:10.009  6011  6011 E aapt2   : No package ID 7f found for resource ID 0x7f0402a7.
07-24 04:32:10.009  6011  6011 E aapt2   : No package ID 7f found for resource ID 0x7f0402b6.
07-24 04:32:10.009  6011  6011 E aapt2   : No package ID 7f found for resource ID 0x7f0402ba.
07-24 04:32:10.009  6011  6011 E aapt2   : No package ID 7f found for resource ID 0x7f0402a3.
07-24 04:32:10.009  6011  6011 E aapt2   : No package ID 7f found for resource ID 0x7f0402bc.
07-24 04:32:10.009  6011  6011 E aapt2   : No package ID 7f found for resource ID 0x7f0402bb.
07-24 04:32:10.009  6011  6011 E aapt2   : No package ID 7f found for resource ID 0x7f0402bd.
07-24 04:32:10.009  6011  6011 E aapt2   : No package ID 7f found for resource ID 0x7f0402a5.
07-24 04:32:10.009  6011  6011 E aapt2   : No package ID 7f found for resource ID 0x7f0402a4.
07-24 04:32:10.009  6011  6011 E aapt2   : No package ID 7f found for resource ID 0x7f0402a6.
07-24 04:32:10.009  6011  6011 E aapt2   : No package ID 7f found for resource ID 0x7f0402aa.
07-24 04:32:10.009  6011  6011 E aapt2   : No package ID 7f found for resource ID 0x7f0402b3.
07-24 04:32:10.009  6011  6011 E aapt2   : No package ID 7f found for resource ID 0x7f0402ad.
07-24 04:32:10.009  6011  6011 E aapt2   : No package ID 7f found for resource ID 0x7f040296.
07-24 04:32:10.009  6011  6011 E aapt2   : No package ID 7f found for resource ID 0x7f040292.
07-24 04:32:10.009  6011  6011 E aapt2   : No package ID 7f found for resource ID 0x7f04029c.
07-24 04:32:10.009  6011  6011 E aapt2   : No package ID 7f found for resource ID 0x7f0402a9.
07-24 04:32:10.009  6011  6011 E aapt2   : No package ID 7f found for resource ID 0x7f0402b8.
07-24 04:32:10.009  6011  6011 E aapt2   : No package ID 7f found for resource ID 0x7f0402a8.
07-24 04:32:10.009  6011  6011 E aapt2   : No package ID 7f found for resource ID 0x7f0402b7.
07-24 04:32:10.009  6011  6011 E aapt2   : No package ID 7f found for resource ID 0x7f0402bf.
07-24 04:32:10.009  6011  6011 E aapt2   : No package ID 7f found for resource ID 0x7f0402c0.
07-24 04:32:10.009  6011  6011 E aapt2   : No package ID 7f found for resource ID 0x7f0402cf.
07-24 04:32:10.009  6011  6011 E aapt2   : No package ID 7f found for resource ID 0x7f04006c.
07-24 04:32:10.009  6011  6011 E aapt2   : No package ID 7f found for resource ID 0x7f04006d.
07-24 04:32:10.009  6011  6011 E aapt2   : No package ID 7f found for resource ID 0x7f04013d.
07-24 04:32:10.009  6011  6011 E aapt2   : No package ID 7f found for resource ID 0x7f04013e.
07-24 04:32:10.009  6011  6011 E aapt2   : No package ID 7f found for resource ID 0x7f04006b.
07-24 04:32:10.009  6011  6011 E aapt2   : No package ID 7f found for resource ID 0x7f0400b4.
07-24 04:32:10.009  6011  6011 E aapt2   : No package ID 7f found for resource ID 0x7f040207.
07-24 04:32:10.009  6011  6011 E aapt2   : No package ID 7f found for resource ID 0x7f040211.
07-24 04:32:10.009  6011  6011 E aapt2   : No package ID 7f found for resource ID 0x7f04020e.
07-24 04:32:10.009  6011  6011 E aapt2   : No package ID 7f found for resource ID 0x7f040204.
07-24 04:32:10.009  6011  6011 E aapt2   : No package ID 7f found for resource ID 0x7f04020f.
07-24 04:32:10.009  6011  6011 E aapt2   : No package ID 7f found for resource ID 0x7f040205.
07-24 04:32:10.009  6011  6011 E aapt2   : No package ID 7f found for resource ID 0x7f040212.
07-24 04:32:10.009  6011  6011 E aapt2   : No package ID 7f found for resource ID 0x7f04020c.
07-24 04:32:10.009  6011  6011 E aapt2   : No package ID 7f found for resource ID 0x7f040206.
07-24 04:32:10.009  6011  6011 E aapt2   : No package ID 7f found for resource ID 0x7f040210.
07-24 04:32:10.009  6011  6011 E aapt2   : No package ID 7f found for resource ID 0x7f040201.
07-24 04:32:10.009  6011  6011 E aapt2   : No package ID 7f found for resource ID 0x7f040203.
07-24 04:32:10.009  6011  6011 E aapt2   : No package ID 7f found for resource ID 0x7f040200.
07-24 04:32:10.009  6011  6011 E aapt2   : No package ID 7f found for resource ID 0x7f040202.
07-24 04:32:10.009  6011  6011 E aapt2   : No package ID 7f found for resource ID 0x7f040209.
07-24 04:32:10.009  6011  6011 E aapt2   : No package ID 7f found for resource ID 0x7f04020b.
07-24 04:32:10.009  6011  6011 E aapt2   : No package ID 7f found for resource ID 0x7f040208.
07-24 04:32:10.009  6011  6011 E aapt2   : No package ID 7f found for resource ID 0x7f04020a.
07-24 04:32:10.009  6011  6011 E aapt2   : No package ID 7f found for resource ID 0x7f04003b.
07-24 04:32:10.009  6011  6011 E aapt2   : No package ID 7f found for resource ID 0x7f040038.
07-24 04:32:10.009  6011  6011 E aapt2   : No package ID 7f found for resource ID 0x7f0404f2.
07-24 04:32:10.009  6011  6011 E aapt2   : No package ID 7f found for resource ID 0x7f040391.
07-24 04:32:10.009  6011  6011 E aapt2   : No package ID 7f found for resource ID 0x7f04039f.
07-24 04:32:10.009  6011  6011 E aapt2   : No package ID 7f found for resource ID 0x7f0404f4.
07-24 04:32:10.009  6011  6011 E aapt2   : No package ID 7f found for resource ID 0x7f040197.
07-24 04:32:10.009  6011  6011 E aapt2   : No package ID 7f found for resource ID 0x7f040361.
07-24 04:32:10.009  6011  6011 E aapt2   : No package ID 7f found for resource ID 0x7f0402b2.
07-24 04:32:10.009  6011  6011 E aapt2   : No package ID 7f found for resource ID 0x7f040362.
07-24 04:32:10.009  6011  6011 E aapt2   : No package ID 7f found for resource ID 0x7f0403b9.
07-24 04:32:10.009  6011  6011 E aapt2   : No package ID 7f found for resource ID 0x7f0403b8.
07-24 04:32:10.009  6011  6011 E aapt2   : No package ID 7f found for resource ID 0x7f0403b7.
07-24 04:32:10.009  6011  6011 E aapt2   : No package ID 7f found for resource ID 0x7f0402cb.
07-24 04:32:10.009  6011  6011 E aapt2   : No package ID 7f found for resource ID 0x7f040288.
07-24 04:32:10.010  6011  6011 E aapt2   : No package ID 7f found for resource ID 0x7f04013a.
07-24 04:32:10.010  6011  6011 E aapt2   : No package ID 7f found for resource ID 0x7f0400de.
07-24 04:32:10.010  6011  6011 E aapt2   : No package ID 7f found for resource ID 0x7f0400db.
07-24 04:32:10.010  6011  6011 E aapt2   : No package ID 7f found for resource ID 0x7f0400df.
07-24 04:32:10.010  6011  6011 E aapt2   : No package ID 7f found for resource ID 0x7f0400dd.
07-24 04:32:10.010  6011  6011 E aapt2   : No package ID 7f found for resource ID 0x7f0400dc.
07-24 04:32:10.010  6011  6011 E aapt2   : No package ID 7f found for resource ID 0x7f0403c5.
07-24 04:32:10.010  6011  6011 E aapt2   : No package ID 7f found for resource ID 0x7f0403c2.
07-24 04:32:10.010  6011  6011 E aapt2   : No package ID 7f found for resource ID 0x7f0403c3.
07-24 04:32:10.010  6011  6011 E aapt2   : No package ID 7f found for resource ID 0x7f0403c4.
07-24 04:32:10.010  6011  6011 E aapt2   : No package ID 7f found for resource ID 0x7f04039e.
07-24 04:32:10.010  6011  6011 E aapt2   : No package ID 7f found for resource ID 0x7f040140.
07-24 04:32:10.010  6011  6011 E aapt2   : No package ID 7f found for resource ID 0x7f040363.
07-24 04:32:10.010  6011  6011 E aapt2   : No package ID 7f found for resource ID 0x7f040181.
07-24 04:32:10.010  6011  6011 E aapt2   : No package ID 7f found for resource ID 0x7f040139.
07-24 04:32:10.010  6011  6011 E aapt2   : No package ID 7f found for resource ID 0x7f04027f.
07-24 04:32:10.010  6011  6011 E aapt2   : No package ID 7f found for resource ID 0x7f04042d.
07-24 04:32:10.010  6011  6011 E aapt2   : No package ID 7f found for resource ID 0x7f04028d.
07-24 04:32:10.010  6011  6011 E aapt2   : No package ID 7f found for resource ID 0x7f04028b.
07-24 04:32:10.010  6011  6011 E aapt2   : No package ID 7f found for resource ID 0x7f0402c9.
07-24 04:32:10.010  6011  6011 E aapt2   : No package ID 7f found for resource ID 0x7f04028c.
07-24 04:32:10.010  6011  6011 E aapt2   : No package ID 7f found for resource ID 0x7f0402c8.
07-24 04:32:10.010  6011  6011 E aapt2   : No package ID 7f found for resource ID 0x7f0402be.
07-24 04:32:10.010  6011  6011 E aapt2   : No package ID 7f found for resource ID 0x7f040042.
07-24 04:32:10.010  6011  6011 E aapt2   : No package ID 7f found for resource ID 0x7f04032c.
07-24 04:32:10.010  6011  6011 E aapt2   : No package ID 7f found for resource ID 0x7f04016c.
07-24 04:32:10.010  6011  6011 E aapt2   : No package ID 7f found for resource ID 0x7f04016b.
07-24 04:32:10.010  6011  6011 E aapt2   : No package ID 7f found for resource ID 0x7f04016f.
07-24 04:32:10.010  6011  6011 E aapt2   : No package ID 7f found for resource ID 0x7f04016e.
07-24 04:32:10.010  6011  6011 E aapt2   : No package ID 7f found for resource ID 0x7f040173.
07-24 04:32:10.010  6011  6011 E aapt2   : No package ID 7f found for resource ID 0x7f04016d.
07-24 04:32:10.010  6011  6011 E aapt2   : No package ID 7f found for resource ID 0x7f040171.
07-24 04:32:10.010  6011  6011 E aapt2   : No package ID 7f found for resource ID 0x7f04016a.
07-24 04:32:10.010  6011  6011 E aapt2   : No package ID 7f found for resource ID 0x7f040172.
07-24 04:32:10.010  6011  6011 E aapt2   : No package ID 7f found for resource ID 0x7f040189.
07-24 04:32:10.010  6011  6011 E aapt2   : No package ID 7f found for resource ID 0x7f040185.
07-24 04:32:10.010  6011  6011 E aapt2   : No package ID 7f found for resource ID 0x7f040183.
07-24 04:32:10.010  6011  6011 E aapt2   : No package ID 7f found for resource ID 0x7f0403a4.
07-24 04:32:10.010  6011  6011 E aapt2   : No package ID 7f found for resource ID 0x7f04036e.
07-24 04:32:10.010  6011  6011 E aapt2   : No package ID 7f found for resource ID 0x7f040184.
07-24 04:32:10.010  6011  6011 E aapt2   : No package ID 7f found for resource ID 0x7f0400fa.
07-24 04:32:10.010  6011  6011 E aapt2   : No package ID 7f found for resource ID 0x7f04040d.
07-24 04:32:10.010  6011  6011 E aapt2   : No package ID 7f found for resource ID 0x7f04019c.
07-24 04:32:10.010  6011  6011 E aapt2   : No package ID 7f found for resource ID 0x7f040224.
07-24 04:32:10.010  6011  6011 E aapt2   : No package ID 7f found for resource ID 0x7f040040.
07-24 04:32:10.010  6011  6011 E aapt2   : No package ID 7f found for resource ID 0x7f040041.
07-24 04:32:10.010  6011  6011 E aapt2   : No package ID 7f found for resource ID 0x7f04006a.
07-24 04:32:10.010  6011  6011 E aapt2   : No package ID 7f found for resource ID 0x7f0404af.
07-24 04:32:10.010  6011  6011 E aapt2   : No package ID 7f found for resource ID 0x7f0401ae.
07-24 04:32:10.010  6011  6011 E aapt2   : No package ID 7f found for resource ID 0x7f0404ff.
07-24 04:32:10.010  6011  6011 E aapt2   : No package ID 7f found for resource ID 0x7f0401d9.
07-24 04:32:10.010  6011  6011 E aapt2   : No package ID 7f found for resource ID 0x7f0403f7.
07-24 04:32:10.010  6011  6011 E aapt2   : No package ID 7f found for resource ID 0x7f040231.
07-24 04:32:10.010  6011  6011 E aapt2   : No package ID 7f found for resource ID 0x7f0401d8.
07-24 04:32:10.010  6011  6011 E aapt2   : No package ID 7f found for resource ID 0x7f0403fc.
07-24 04:32:10.010  6011  6011 E aapt2   : No package ID 7f found for resource ID 0x7f0400f1.
07-24 04:32:10.010  6011  6011 E aapt2   : No package ID 7f found for resource ID 0x7f04006e.
07-24 04:32:10.010  6011  6011 E aapt2   : No package ID 7f found for resource ID 0x7f04006f.
07-24 04:32:10.010  6011  6011 E aapt2   : No package ID 7f found for resource ID 0x7f040057.
07-24 04:32:10.010  6011  6011 E aapt2   : No package ID 7f found for resource ID 0x7f040058.
07-24 04:32:10.010  6011  6011 E aapt2   : No package ID 7f found for resource ID 0x7f0403cd.
07-24 04:32:10.010  6011  6011 E aapt2   : No package ID 7f found for resource ID 0x7f0401e8.
07-24 04:32:10.010  6011  6011 E aapt2   : No package ID 7f found for resource ID 0x7f0401e7.
07-24 04:32:10.010  6011  6011 E aapt2   : No package ID 7f found for resource ID 0x7f0401c0.
07-24 04:32:10.010  6011  6011 E aapt2   : No package ID 7f found for resource ID 0x7f04023d.
07-24 04:32:10.010  6011  6011 E aapt2   : No package ID 7f found for resource ID 0x7f0403b3.
07-24 04:32:10.010  6011  6011 E aapt2   : No package ID 7f found for resource ID 0x7f04007d.
07-24 04:32:10.010  6011  6011 E aapt2   : No package ID 7f found for resource ID 0x7f0404fc.
07-24 04:32:10.010  6011  6011 E aapt2   : No package ID 7f found for resource ID 0x7f040323.
07-24 04:32:10.010  6011  6011 E aapt2   : No package ID 7f found for resource ID 0x7f0403e5.
07-24 04:32:10.010  6011  6011 E aapt2   : No package ID 7f found for resource ID 0x7f0403ed.
07-24 04:32:10.010  6011  6011 E aapt2   : No package ID 7f found for resource ID 0x7f040273.
07-24 04:32:10.010  6011  6011 E aapt2   : No package ID 7f found for resource ID 0x7f0402d5.
07-24 04:32:10.010  6011  6011 E aapt2   : No package ID 7f found for resource ID 0x7f040215.
07-24 04:32:10.010  6011  6011 E aapt2   : No package ID 7f found for resource ID 0x7f040219.
07-24 04:32:10.010  6011  6011 E aapt2   : No package ID 7f found for resource ID 0x7f04021a.
07-24 04:32:10.010  6011  6011 E aapt2   : No package ID 7f found for resource ID 0x7f040216.
07-24 04:32:10.010  6011  6011 E aapt2   : No package ID 7f found for resource ID 0x7f040217.
07-24 04:32:10.010  6011  6011 E aapt2   : No package ID 7f found for resource ID 0x7f040218.
07-24 04:32:10.010  6011  6011 E aapt2   : No package ID 7f found for resource ID 0x7f04021b.
07-24 04:32:10.010  6011  6011 E aapt2   : No package ID 7f found for resource ID 0x7f04021c.
07-24 04:32:10.010  6011  6011 E aapt2   : No package ID 7f found for resource ID 0x7f040213.
07-24 04:32:10.010  6011  6011 E aapt2   : No package ID 7f found for resource ID 0x7f04021e.
07-24 04:32:10.010  6011  6011 E aapt2   : No package ID 7f found for resource ID 0x7f04021d.
07-24 04:32:10.010  6011  6011 E aapt2   : No package ID 7f found for resource ID 0x7f0404f9.
07-24 04:32:10.010  6011  6011 E aapt2   : No package ID 7f found for resource ID 0x7f040221.
07-24 04:32:10.011  6011  6011 E aapt2   : No package ID 7f found for resource ID 0x7f04007a.
07-24 04:32:10.011  6011  6011 E aapt2   : No package ID 7f found for resource ID 0x7f040036.
07-24 04:32:10.011  6011  6011 E aapt2   : No package ID 7f found for resource ID 0x7f0403d1.
07-24 04:32:10.011  6011  6011 E aapt2   : No package ID 7f found for resource ID 0x7f040090.
07-24 04:32:10.011  6011  6011 E aapt2   : No package ID 7f found for resource ID 0x7f04050a.
07-24 04:32:10.011  6011  6011 E aapt2   : No package ID 7f found for resource ID 0x7f040150.
07-24 04:32:10.011  6011  6011 E aapt2   : No package ID 7f found for resource ID 0x7f040165.
07-24 04:32:10.011  6011  6011 E aapt2   : No package ID 7f found for resource ID 0x7f0403cf.
07-24 04:32:10.011  6011  6011 E aapt2   : No package ID 7f found for resource ID 0x7f04037f.
07-24 04:32:10.011  6011  6011 E aapt2   : No package ID 7f found for resource ID 0x7f0403d0.
07-24 04:32:10.011  6011  6011 E aapt2   : No package ID 7f found for resource ID 0x7f04024b.
07-24 04:32:10.011  6011  6011 E aapt2   : No package ID 7f found for resource ID 0x7f04024c.
07-24 04:32:10.011  6011  6011 E aapt2   : No package ID 7f found for resource ID 0x7f04024e.
07-24 04:32:10.011  6011  6011 E aapt2   : No package ID 7f found for resource ID 0x7f04024d.
07-24 04:32:10.011  6011  6011 E aapt2   : No package ID 7f found for resource ID 0x7f040381.
07-24 04:32:10.011  6011  6011 E aapt2   : No package ID 7f found for resource ID 0x7f040383.
07-24 04:32:10.011  6011  6011 E aapt2   : No package ID 7f found for resource ID 0x7f040384.
07-24 04:32:10.011  6011  6011 E aapt2   : No package ID 7f found for resource ID 0x7f040386.
07-24 04:32:10.011  6011  6011 E aapt2   : No package ID 7f found for resource ID 0x7f040388.
07-24 04:32:10.011  6011  6011 E aapt2   : No package ID 7f found for resource ID 0x7f0402eb.
07-24 04:32:10.011  6011  6011 E aapt2   : No package ID 7f found for resource ID 0x7f0402ec.
07-24 04:32:10.011  6011  6011 E aapt2   : No package ID 7f found for resource ID 0x7f0402ed.
07-24 04:32:10.011  6011  6011 E aapt2   : No package ID 7f found for resource ID 0x7f040223.
07-24 04:32:10.011  6011  6011 E aapt2   : No package ID 7f found for resource ID 0x7f040363.
07-24 04:32:10.011  6011  6011 E aapt2   : No package ID 7f found for resource ID 0x7f040169.
07-24 04:32:10.011  6011  6011 E aapt2   : No package ID 7f found for resource ID 0x7f0404f0.
07-24 04:32:10.011  6011  6011 E aapt2   : No package ID 7f found for resource ID 0x7f040363.
07-24 04:32:10.011  6011  6011 E aapt2   : No package ID 7f found for resource ID 0x7f04050f.
07-24 04:32:10.011  6011  6011 E aapt2   : No package ID 7f found for resource ID 0x7f04050e.
07-24 04:32:10.011  6011  6011 E aapt2   : No package ID 7f found for resource ID 0x7f04050d.
07-24 04:32:10.011  6011  6011 E aapt2   : No package ID 7f found for resource ID 0x7f04050c.
07-24 04:32:10.011  6011  6011 E aapt2   : No package ID 7f found for resource ID 0x7f040510.
07-24 04:32:10.011  6011  6011 E aapt2   : No package ID 7f found for resource ID 0x7f04027d.
07-24 04:32:10.011  6011  6011 E aapt2   : No package ID 7f found for resource ID 0x7f040395.
07-24 04:32:10.011  6011  6011 E aapt2   : No package ID 7f found for resource ID 0x7f040396.
07-24 04:32:10.011  6011  6011 E aapt2   : No package ID 7f found for resource ID 0x7f040394.
07-24 04:32:10.011  6011  6011 E aapt2   : No package ID 7f found for resource ID 0x7f040393.
07-24 04:32:10.011  6011  6011 E aapt2   : No package ID 7f found for resource ID 0x7f040363.
07-24 04:32:10.011  6011  6011 E aapt2   : No package ID 7f found for resource ID 0x7f040407.
07-24 04:32:10.011  6011  6011 E aapt2   : No package ID 7f found for resource ID 0x7f040363.
07-24 04:32:10.011  6011  6011 E aapt2   : No package ID 7f found for resource ID 0x7f04050b.
07-24 04:32:10.011  6011  6011 E aapt2   : No package ID 7f found for resource ID 0x7f040363.
07-24 04:32:10.011  6011  6011 E aapt2   : No package ID 7f found for resource ID 0x7f0404f7.
07-24 04:32:10.011  6011  6011 E aapt2   : No package ID 7f found for resource ID 0x7f040377.
07-24 04:32:10.011  6011  6011 E aapt2   : No package ID 7f found for resource ID 0x7f040378.
07-24 04:32:10.011  6011  6011 E aapt2   : No package ID 7f found for resource ID 0x7f040375.
07-24 04:32:10.011  6011  6011 E aapt2   : No package ID 7f found for resource ID 0x7f040506.
07-24 04:32:10.011  6011  6011 E aapt2   : No package ID 7f found for resource ID 0x7f040507.
07-24 04:32:10.011  6011  6011 E aapt2   : No package ID 7f found for resource ID 0x7f040505.
07-24 04:32:10.011  6011  6011 E aapt2   : No package ID 7f found for resource ID 0x7f0404f8.
07-24 04:32:10.011  6011  6011 E aapt2   : No package ID 7f found for resource ID 0x7f0404f6.
07-24 04:32:10.011  6011  6011 E aapt2   : No package ID 7f found for resource ID 0x7f040364.
07-24 04:32:10.011  6011  6011 E aapt2   : No package ID 7f found for resource ID 0x7f040365.
07-24 04:32:10.011  6011  6011 E aapt2   : No package ID 7f found for resource ID 0x7f0402b9.
07-24 04:32:10.011  6011  6011 E aapt2   : No package ID 7f found for resource ID 0x7f0402a2.
07-24 04:32:10.011  6011  6011 E aapt2   : No package ID 7f found for resource ID 0x7f040299.
07-24 04:32:10.011  6011  6011 E aapt2   : No package ID 7f found for resource ID 0x7f04029b.
07-24 04:32:10.011  6011  6011 E aapt2   : No package ID 7f found for resource ID 0x7f04029a.
07-24 04:32:10.011  6011  6011 E aapt2   : No package ID 7f found for resource ID 0x7f04029f.
07-24 04:32:10.011  6011  6011 E aapt2   : No package ID 7f found for resource ID 0x7f0402a0.
07-24 04:32:10.011  6011  6011 E aapt2   : No package ID 7f found for resource ID 0x7f0402a1.
07-24 04:32:10.011  6011  6011 E aapt2   : No package ID 7f found for resource ID 0x7f040227.
07-24 04:32:10.011  6011  6011 E aapt2   : No package ID 7f found for resource ID 0x7f0402ab.
07-24 04:32:10.011  6011  6011 E aapt2   : No package ID 7f found for resource ID 0x7f0402ac.
07-24 04:32:10.011  6011  6011 E aapt2   : No package ID 7f found for resource ID 0x7f0402ae.
07-24 04:32:10.011  6011  6011 E aapt2   : No package ID 7f found for resource ID 0x7f0402af.
07-24 04:32:10.011  6011  6011 E aapt2   : No package ID 7f found for resource ID 0x7f0402b5.
07-24 04:32:10.011  6011  6011 E aapt2   : No package ID 7f found for resource ID 0x7f0402b4.
07-24 04:32:10.011  6011  6011 E aapt2   : No package ID 7f found for resource ID 0x7f040298.
07-24 04:32:10.011  6011  6011 E aapt2   : No package ID 7f found for resource ID 0x7f040297.
07-24 04:32:10.011  6011  6011 E aapt2   : No package ID 7f found for resource ID 0x7f040293.
07-24 04:32:10.011  6011  6011 E aapt2   : No package ID 7f found for resource ID 0x7f040295.
07-24 04:32:10.011  6011  6011 E aapt2   : No package ID 7f found for resource ID 0x7f040294.
07-24 04:32:10.011  6011  6011 E aapt2   : No package ID 7f found for resource ID 0x7f0402b0.
07-24 04:32:10.011  6011  6011 E aapt2   : No package ID 7f found for resource ID 0x7f0402b1.
07-24 04:32:10.011  6011  6011 E aapt2   : No package ID 7f found for resource ID 0x7f04029e.
07-24 04:32:10.011  6011  6011 E aapt2   : No package ID 7f found for resource ID 0x7f04029d.
07-24 04:32:10.011  6011  6011 E aapt2   : No package ID 7f found for resource ID 0x7f0402c4.
07-24 04:32:10.011  6011  6011 E aapt2   : No package ID 7f found for resource ID 0x7f0402c7.
07-24 04:32:10.011  6011  6011 E aapt2   : No package ID 7f found for resource ID 0x7f0402c5.
07-24 04:32:10.011  6011  6011 E aapt2   : No package ID 7f found for resource ID 0x7f0402c2.
07-24 04:32:10.011  6011  6011 E aapt2   : No package ID 7f found for resource ID 0x7f0402c6.
07-24 04:32:10.011  6011  6011 E aapt2   : No package ID 7f found for resource ID 0x7f0402c3.
07-24 04:32:10.011  6011  6011 E aapt2   : No package ID 7f found for resource ID 0x7f0402c1.
07-24 04:32:10.011  6011  6011 E aapt2   : No package ID 7f found for resource ID 0x7f0402ca.
07-24 04:32:10.011  6011  6011 E aapt2   : No package ID 7f found for resource ID 0x7f040291.
07-24 04:32:10.011  6011  6011 E aapt2   : No package ID 7f found for resource ID 0x7f040290.
07-24 04:32:10.011  6011  6011 E aapt2   : No package ID 7f found for resource ID 0x7f0402a7.
07-24 04:32:10.011  6011  6011 E aapt2   : No package ID 7f found for resource ID 0x7f0402b6.
07-24 04:32:10.011  6011  6011 E aapt2   : No package ID 7f found for resource ID 0x7f0402ba.
07-24 04:32:10.011  6011  6011 E aapt2   : No package ID 7f found for resource ID 0x7f0402a3.
07-24 04:32:10.011  6011  6011 E aapt2   : No package ID 7f found for resource ID 0x7f0402bc.
07-24 04:32:10.011  6011  6011 E aapt2   : No package ID 7f found for resource ID 0x7f0402bb.
07-24 04:32:10.011  6011  6011 E aapt2   : No package ID 7f found for resource ID 0x7f0402bd.
07-24 04:32:10.011  6011  6011 E aapt2   : No package ID 7f found for resource ID 0x7f0402a5.
07-24 04:32:10.011  6011  6011 E aapt2   : No package ID 7f found for resource ID 0x7f0402a4.
07-24 04:32:10.011  6011  6011 E aapt2   : No package ID 7f found for resource ID 0x7f0402a6.
07-24 04:32:10.011  6011  6011 E aapt2   : No package ID 7f found for resource ID 0x7f0402aa.
07-24 04:32:10.011  6011  6011 E aapt2   : No package ID 7f found for resource ID 0x7f0402b3.
07-24 04:32:10.011  6011  6011 E aapt2   : No package ID 7f found for resource ID 0x7f0402ad.
07-24 04:32:10.011  6011  6011 E aapt2   : No package ID 7f found for resource ID 0x7f040296.
07-24 04:32:10.011  6011  6011 E aapt2   : No package ID 7f found for resource ID 0x7f040292.
07-24 04:32:10.011  6011  6011 E aapt2   : No package ID 7f found for resource ID 0x7f04029c.
07-24 04:32:10.011  6011  6011 E aapt2   : No package ID 7f found for resource ID 0x7f0402a9.
07-24 04:32:10.011  6011  6011 E aapt2   : No package ID 7f found for resource ID 0x7f0402b8.
07-24 04:32:10.011  6011  6011 E aapt2   : No package ID 7f found for resource ID 0x7f0402a8.
07-24 04:32:10.011  6011  6011 E aapt2   : No package ID 7f found for resource ID 0x7f0402b7.
07-24 04:32:10.011  6011  6011 E aapt2   : No package ID 7f found for resource ID 0x7f0402bf.
07-24 04:32:10.011  6011  6011 E aapt2   : No package ID 7f found for resource ID 0x7f0402c0.
07-24 04:32:10.011  6011  6011 E aapt2   : No package ID 7f found for resource ID 0x7f0402cf.
07-24 04:32:10.011  6011  6011 E aapt2   : No package ID 7f found for resource ID 0x7f04006c.
07-24 04:32:10.011  6011  6011 E aapt2   : No package ID 7f found for resource ID 0x7f04006d.
07-24 04:32:10.011  6011  6011 E aapt2   : No package ID 7f found for resource ID 0x7f04013d.
07-24 04:32:10.011  6011  6011 E aapt2   : No package ID 7f found for resource ID 0x7f04013e.
07-24 04:32:10.011  6011  6011 E aapt2   : No package ID 7f found for resource ID 0x7f040322.
07-24 04:32:10.011  6011  6011 E aapt2   : No package ID 7f found for resource ID 0x7f040327.
07-24 04:32:10.011  6011  6011 E aapt2   : No package ID 7f found for resource ID 0x7f04032e.
07-24 04:32:10.011  6011  6011 E aapt2   : No package ID 7f found for resource ID 0x7f040332.
07-24 04:32:10.011  6011  6011 E aapt2   : No package ID 7f found for resource ID 0x7f04006b.
07-24 04:32:10.011  6011  6011 E aapt2   : No package ID 7f found for resource ID 0x7f0400b4.
07-24 04:32:10.011  6011  6011 E aapt2   : No package ID 7f found for resource ID 0x7f040328.
07-24 04:32:10.011  6011  6011 E aapt2   : No package ID 7f found for resource ID 0x7f04018c.
07-24 04:32:10.011  6011  6011 E aapt2   : No package ID 7f found for resource ID 0x7f0403f6.
07-24 04:32:10.011  6011  6011 E aapt2   : No package ID 7f found for resource ID 0x7f040191.
07-24 04:32:10.011  6011  6011 E aapt2   : No package ID 7f found for resource ID 0x7f04024f.
07-24 04:32:10.011  6011  6011 E aapt2   : No package ID 7f found for resource ID 0x7f040253.
07-24 04:32:10.011  6011  6011 E aapt2   : No package ID 7f found for resource ID 0x7f0401c1.
07-24 04:32:10.011  6011  6011 E aapt2   : No package ID 7f found for resource ID 0x7f0401c2.
07-24 04:32:10.011  6011  6011 E aapt2   : No package ID 7f found for resource ID 0x7f0404ff.
07-24 04:32:10.011  6011  6011 E aapt2   : No package ID 7f found for resource ID 0x7f040057.
07-24 04:32:10.011  6011  6011 E aapt2   : No package ID 7f found for resource ID 0x7f040052.
07-24 04:32:10.011  6011  6011 E aapt2   : No package ID 7f found for resource ID 0x7f040053.
07-24 04:32:10.011  6011  6011 E aapt2   : No package ID 7f found for resource ID 0x7f040051.
07-24 04:32:10.011  6011  6011 E aapt2   : No package ID 7f found for resource ID 0x7f040050.
07-24 04:32:10.011  6011  6011 E aapt2   : No package ID 7f found for resource ID 0x7f0402f0.
07-24 04:32:10.011  6011  6011 E aapt2   : No package ID 7f found for resource ID 0x7f0402f2.
07-24 04:32:10.011  6011  6011 E aapt2   : No package ID 7f found for resource ID 0x7f0402f1.
07-24 04:32:10.011  6011  6011 E aapt2   : No package ID 7f found for resource ID 0x7f0402f3.
07-24 04:32:10.011  6011  6011 E aapt2   : No package ID 7f found for resource ID 0x7f0402ee.
07-24 04:32:10.011  6011  6011 E aapt2   : No package ID 7f found for resource ID 0x7f0402ef.
07-24 04:32:10.012  6011  6011 E aapt2   : No package ID 7f found for resource ID 0x7f0403ff.
07-24 04:32:10.012  6011  6011 E aapt2   : No package ID 7f found for resource ID 0x7f040402.
07-24 04:32:10.012  6011  6011 E aapt2   : No package ID 7f found for resource ID 0x7f040400.
07-24 04:32:10.012  6011  6011 E aapt2   : No package ID 7f found for resource ID 0x7f040401.
07-24 04:32:10.012  6011  6011 E aapt2   : No package ID 7f found for resource ID 0x7f0401a4.
07-24 04:32:10.012  6011  6011 E aapt2   : No package ID 7f found for resource ID 0x7f040057.
07-24 04:32:10.012  6011  6011 E aapt2   : No package ID 7f found for resource ID 0x7f040058.
07-24 04:32:10.012  6011  6011 E aapt2   : No package ID 7f found for resource ID 0x7f0401ae.
07-24 04:32:10.012  6011  6011 E aapt2   : No package ID 7f found for resource ID 0x7f04023e.
07-24 04:32:10.012  6011  6011 E aapt2   : No package ID 7f found for resource ID 0x7f040242.
07-24 04:32:10.012  6011  6011 E aapt2   : No package ID 7f found for resource ID 0x7f040241.
07-24 04:32:10.012  6011  6011 E aapt2   : No package ID 7f found for resource ID 0x7f040240.
07-24 04:32:10.012  6011  6011 E aapt2   : No package ID 7f found for resource ID 0x7f040245.
07-24 04:32:10.012  6011  6011 E aapt2   : No package ID 7f found for resource ID 0x7f040246.
07-24 04:32:10.012  6011  6011 E aapt2   : No package ID 7f found for resource ID 0x7f0403e5.
07-24 04:32:10.012  6011  6011 E aapt2   : No package ID 7f found for resource ID 0x7f0403ed.
07-24 04:32:10.012  6011  6011 E aapt2   : No package ID 7f found for resource ID 0x7f040430.
07-24 04:32:10.012  6011  6011 E aapt2   : No package ID 7f found for resource ID 0x7f040431.
07-24 04:32:10.012  6011  6011 E aapt2   : No package ID 7f found for resource ID 0x7f040159.
07-24 04:32:10.012  6011  6011 E aapt2   : No package ID 7f found for resource ID 0x7f0403cd.
07-24 04:32:10.012  6011  6011 E aapt2   : No package ID 7f found for resource ID 0x7f0404d7.
07-24 04:32:10.012  6011  6011 E aapt2   : No package ID 7f found for resource ID 0x7f040406.
07-24 04:32:10.012  6011  6011 E aapt2   : No package ID 7f found for resource ID 0x7f0403e2.
07-24 04:32:10.012  6011  6011 E aapt2   : No package ID 7f found for resource ID 0x7f0400ba.
07-24 04:32:10.012  6011  6011 E aapt2   : No package ID 7f found for resource ID 0x7f040057.
07-24 04:32:10.012  6011  6011 E aapt2   : No package ID 7f found for resource ID 0x7f040176.
07-24 04:32:10.012  6011  6011 E aapt2   : No package ID 7f found for resource ID 0x7f040174.
07-24 04:32:10.012  6011  6011 E aapt2   : No package ID 7f found for resource ID 0x7f040175.
07-24 04:32:10.012  6011  6011 E aapt2   : No package ID 7f found for resource ID 0x7f040177.
07-24 04:32:10.012  6011  6011 E aapt2   : No package ID 7f found for resource ID 0x7f04051d.
07-24 04:32:10.012  6011  6011 E aapt2   : No package ID 7f found for resource ID 0x7f04051c.
07-24 04:32:10.012  6011  6011 E aapt2   : No package ID 7f found for resource ID 0x7f04051e.
07-24 04:32:10.012  6011  6011 E aapt2   : No package ID 7f found for resource ID 0x7f0403be.
07-24 04:32:10.012  6011  6011 E aapt2   : No package ID 7f found for resource ID 0x7f040371.
07-24 04:32:10.012  6011  6011 E aapt2   : No package ID 7f found for resource ID 0x7f040260.
07-24 04:32:10.012  6011  6011 E aapt2   : No package ID 7f found for resource ID 0x7f04027a.
07-24 04:32:10.012  6011  6011 E aapt2   : No package ID 7f found for resource ID 0x7f040274.
07-24 04:32:10.012  6011  6011 E aapt2   : No package ID 7f found for resource ID 0x7f040275.
07-24 04:32:10.012  6011  6011 E aapt2   : No package ID 7f found for resource ID 0x7f04026c.
07-24 04:32:10.012  6011  6011 E aapt2   : No package ID 7f found for resource ID 0x7f04026d.
07-24 04:32:10.012  6011  6011 E aapt2   : No package ID 7f found for resource ID 0x7f0400a4.
07-24 04:32:10.012  6011  6011 E aapt2   : No package ID 7f found for resource ID 0x7f0400bc.
07-24 04:32:10.012  6011  6011 E aapt2   : No package ID 7f found for resource ID 0x7f0400c1.
07-24 04:32:10.012  6011  6011 E aapt2   : No package ID 7f found for resource ID 0x7f0400c0.
07-24 04:32:10.012  6011  6011 E aapt2   : No package ID 7f found for resource ID 0x7f0400bf.
07-24 04:32:10.012  6011  6011 E aapt2   : No package ID 7f found for resource ID 0x7f0400be.
07-24 04:32:10.012  6011  6011 E aapt2   : No package ID 7f found for resource ID 0x7f0403cd.
07-24 04:32:10.012  6011  6011 E aapt2   : No package ID 7f found for resource ID 0x7f040427.
07-24 04:32:10.012  6011  6011 E aapt2   : No package ID 7f found for resource ID 0x7f0403e5.
07-24 04:32:10.012  6011  6011 E aapt2   : No package ID 7f found for resource ID 0x7f0403ed.
07-24 04:32:10.012  6011  6011 E aapt2   : No package ID 7f found for resource ID 0x7f040096.
07-24 04:32:10.012  6011  6011 E aapt2   : No package ID 7f found for resource ID 0x7f0404fe.
07-24 04:32:10.012  6011  6011 E aapt2   : No package ID 7f found for resource ID 0x7f04009f.
07-24 04:32:10.012  6011  6011 E aapt2   : No package ID 7f found for resource ID 0x7f040098.
07-24 04:32:10.012  6011  6011 E aapt2   : No package ID 7f found for resource ID 0x7f04009a.
07-24 04:32:10.012  6011  6011 E aapt2   : No package ID 7f found for resource ID 0x7f04009b.
07-24 04:32:10.012  6011  6011 E aapt2   : No package ID 7f found for resource ID 0x7f0400b3.
07-24 04:32:10.012  6011  6011 E aapt2   : No package ID 7f found for resource ID 0x7f0401ca.
07-24 04:32:10.012  6011  6011 E aapt2   : No package ID 7f found for resource ID 0x7f0401c3.
07-24 04:32:10.012  6011  6011 E aapt2   : No package ID 7f found for resource ID 0x7f0400c3.
07-24 04:32:10.012  6011  6011 E aapt2   : No package ID 7f found for resource ID 0x7f040428.
07-24 04:32:10.012  6011  6011 E aapt2   : No package ID 7f found for resource ID 0x7f040429.
07-24 04:32:10.012  6011  6011 E aapt2   : No package ID 7f found for resource ID 0x7f04018d.
07-24 04:32:10.012  6011  6011 E aapt2   : No package ID 7f found for resource ID 0x7f040192.
07-24 04:32:10.012  6011  6011 E aapt2   : No package ID 7f found for resource ID 0x7f04018f.
07-24 04:32:10.012  6011  6011 E aapt2   : No package ID 7f found for resource ID 0x7f040190.
07-24 04:32:10.012  6011  6011 E aapt2   : No package ID 7f found for resource ID 0x7f040286.
07-24 04:32:10.012  6011  6011 E aapt2   : No package ID 7f found for resource ID 0x7f0403e5.
07-24 04:32:10.012  6011  6011 E aapt2   : No package ID 7f found for resource ID 0x7f0403ed.
07-24 04:32:10.012  6011  6011 E aapt2   : No package ID 7f found for resource ID 0x7f0404b2.
07-24 04:32:10.012  6011  6011 E aapt2   : No package ID 7f found for resource ID 0x7f0404b4.
07-24 04:32:10.012  6011  6011 E aapt2   : No package ID 7f found for resource ID 0x7f0404b5.
07-24 04:32:10.012  6011  6011 E aapt2   : No package ID 7f found for resource ID 0x7f0404b3.
07-24 04:32:10.012  6011  6011 E aapt2   : No package ID 7f found for resource ID 0x7f0404e9.
07-24 04:32:10.012  6011  6011 E aapt2   : No package ID 7f found for resource ID 0x7f0404ea.
07-24 04:32:10.012  6011  6011 E aapt2   : No package ID 7f found for resource ID 0x7f0404eb.
07-24 04:32:10.012  6011  6011 E aapt2   : No package ID 7f found for resource ID 0x7f0402d4.
07-24 04:32:10.012  6011  6011 E aapt2   : No package ID 7f found for resource ID 0x7f04027e.
07-24 04:32:10.012  6011  6011 E aapt2   : No package ID 7f found for resource ID 0x7f0400e5.
07-24 04:32:10.012  6011  6011 E aapt2   : No package ID 7f found for resource ID 0x7f040057.
07-24 04:32:10.012  6011  6011 E aapt2   : No package ID 7f found for resource ID 0x7f04036a.
07-24 04:32:10.012  6011  6011 E aapt2   : No package ID 7f found for resource ID 0x7f0404c9.
07-24 04:32:10.012  6011  6011 E aapt2   : No package ID 7f found for resource ID 0x7f040439.
07-24 04:32:10.012  6011  6011 E aapt2   : No package ID 7f found for resource ID 0x7f0402e7.
07-24 04:32:10.012  6011  6011 E aapt2   : No package ID 7f found for resource ID 0x7f0402e9.
07-24 04:32:10.012  6011  6011 E aapt2   : No package ID 7f found for resource ID 0x7f040035.
07-24 04:32:10.012  6011  6011 E aapt2   : No package ID 7f found for resource ID 0x7f040373.
07-24 04:32:10.012  6011  6011 E aapt2   : No package ID 7f found for resource ID 0x7f0403f4.
07-24 04:32:10.012  6011  6011 E aapt2   : No package ID 7f found for resource ID 0x7f04000f.
07-24 04:32:10.012  6011  6011 E aapt2   : No package ID 7f found for resource ID 0x7f040025.
07-24 04:32:10.012  6011  6011 E aapt2   : No package ID 7f found for resource ID 0x7f040023.
07-24 04:32:10.012  6011  6011 E aapt2   : No package ID 7f found for resource ID 0x7f040141.
07-24 04:32:10.012  6011  6011 E aapt2   : No package ID 7f found for resource ID 0x7f0404df.
07-24 04:32:10.012  6011  6011 E aapt2   : No package ID 7f found for resource ID 0x7f0403b2.
07-24 04:32:10.012  6011  6011 E aapt2   : No package ID 7f found for resource ID 0x7f040432.
07-24 04:32:10.012  6011  6011 E aapt2   : No package ID 7f found for resource ID 0x7f040334.
07-24 04:32:10.012  6011  6011 E aapt2   : No package ID 7f found for resource ID 0x7f040336.
07-24 04:32:10.012  6011  6011 E aapt2   : No package ID 7f found for resource ID 0x7f040335.
07-24 04:32:10.012  6011  6011 E aapt2   : No package ID 7f found for resource ID 0x7f040333.
07-24 04:32:10.012  6011  6011 E aapt2   : No package ID 7f found for resource ID 0x7f040337.
07-24 04:32:10.012  6011  6011 E aapt2   : No package ID 7f found for resource ID 0x7f040338.
07-24 04:32:10.012  6011  6011 E aapt2   : No package ID 7f found for resource ID 0x7f04003b.
07-24 04:32:10.012  6011  6011 E aapt2   : No package ID 7f found for resource ID 0x7f040038.
07-24 04:32:10.012  6011  6011 E aapt2   : No package ID 7f found for resource ID 0x7f0404f2.
07-24 04:32:10.012  6011  6011 E aapt2   : No package ID 7f found for resource ID 0x7f040391.
07-24 04:32:10.012  6011  6011 E aapt2   : No package ID 7f found for resource ID 0x7f040360.
07-24 04:32:10.012  6011  6011 E aapt2   : No package ID 7f found for resource ID 0x7f040362.
07-24 04:32:10.012  6011  6011 E aapt2   : No package ID 7f found for resource ID 0x7f040197.
07-24 04:32:10.012  6011  6011 E aapt2   : No package ID 7f found for resource ID 0x7f0403b9.
07-24 04:32:10.012  6011  6011 E aapt2   : No package ID 7f found for resource ID 0x7f0403b8.
07-24 04:32:10.012  6011  6011 E aapt2   : No package ID 7f found for resource ID 0x7f0403b7.
07-24 04:32:10.012  6011  6011 E aapt2   : No package ID 7f found for resource ID 0x7f040359.
07-24 04:32:10.012  6011  6011 E aapt2   : No package ID 7f found for resource ID 0x7f040357.
07-24 04:32:10.012  6011  6011 E aapt2   : No package ID 7f found for resource ID 0x7f04035b.
07-24 04:32:10.012  6011  6011 E aapt2   : No package ID 7f found for resource ID 0x7f04035c.
07-24 04:32:10.012  6011  6011 E aapt2   : No package ID 7f found for resource ID 0x7f040356.
07-24 04:32:10.012  6011  6011 E aapt2   : No package ID 7f found for resource ID 0x7f04035d.
07-24 04:32:10.012  6011  6011 E aapt2   : No package ID 7f found for resource ID 0x7f040358.
07-24 04:32:10.012  6011  6011 E aapt2   : No package ID 7f found for resource ID 0x7f04035a.
07-24 04:32:10.012  6011  6011 E aapt2   : No package ID 7f found for resource ID 0x7f040379.
07-24 04:32:10.012  6011  6011 E aapt2   : No package ID 7f found for resource ID 0x7f040376.
07-24 04:32:10.012  6011  6011 E aapt2   : No package ID 7f found for resource ID 0x7f0404a7.
07-24 04:32:10.012  6011  6011 E aapt2   : No package ID 7f found for resource ID 0x7f0404a8.
07-24 04:32:10.012  6011  6011 E aapt2   : No package ID 7f found for resource ID 0x7f04007b.
07-24 04:32:10.012  6011  6011 E aapt2   : No package ID 7f found for resource ID 0x7f0403d2.
07-24 04:32:10.012  6011  6011 E aapt2   : No package ID 7f found for resource ID 0x7f04007c.
07-24 04:32:10.012  6011  6011 E aapt2   : No package ID 7f found for resource ID 0x7f0404a6.
07-24 04:32:10.012  6011  6011 E aapt2   : No package ID 7f found for resource ID 0x7f0404a5.
07-24 04:32:10.012  6011  6011 E aapt2   : No package ID 7f found for resource ID 0x7f040493.
07-24 04:32:10.012  6011  6011 E aapt2   : No package ID 7f found for resource ID 0x7f0404ad.
07-24 04:32:10.012  6011  6011 E aapt2   : No package ID 7f found for resource ID 0x7f0404ac.
07-24 04:32:10.012  6011  6011 E aapt2   : No package ID 7f found for resource ID 0x7f0404aa.
07-24 04:32:10.012  6011  6011 E aapt2   : No package ID 7f found for resource ID 0x7f040494.
07-24 04:32:10.012  6011  6011 E aapt2   : No package ID 7f found for resource ID 0x7f040495.
07-24 04:32:10.012  6011  6011 E aapt2   : No package ID 7f found for resource ID 0x7f040497.
07-24 04:32:10.012  6011  6011 E aapt2   : No package ID 7f found for resource ID 0x7f040496.
07-24 04:32:10.012  6011  6011 E aapt2   : No package ID 7f found for resource ID 0x7f0404ab.
07-24 04:32:10.013  6011  6011 E aapt2   : No package ID 7f found for resource ID 0x7f040288.
07-24 04:32:10.013  6011  6011 E aapt2   : No package ID 7f found for resource ID 0x7f040166.
07-24 04:32:10.013  6011  6011 E aapt2   : No package ID 7f found for resource ID 0x7f040361.
07-24 04:32:10.013  6011  6011 E aapt2   : No package ID 7f found for resource ID 0x7f04003e.
07-24 04:32:10.013  6011  6011 E aapt2   : No package ID 7f found for resource ID 0x7f0403f8.
07-24 04:32:10.013  6011  6011 E aapt2   : No package ID 7f found for resource ID 0x7f040339.
07-24 04:32:10.013  6011  6011 E aapt2   : No package ID 7f found for resource ID 0x7f040178.
07-24 04:32:10.013  6011  6011 E aapt2   : No package ID 7f found for resource ID 0x7f040289.
07-24 04:32:10.013  6011  6011 E aapt2   : No package ID 7f found for resource ID 0x7f04046c.
07-24 04:32:10.013  6011  6011 E aapt2   : No package ID 7f found for resource ID 0x7f04046a.
07-24 04:32:10.013  6011  6011 E aapt2   : No package ID 7f found for resource ID 0x7f04046b.
07-24 04:32:10.013  6011  6011 E aapt2   : No package ID 7f found for resource ID 0x7f0403e5.
07-24 04:32:10.013  6011  6011 E aapt2   : No package ID 7f found for resource ID 0x7f0402ea.
07-24 04:32:10.013  6011  6011 E aapt2   : No package ID 7f found for resource ID 0x7f040057.
07-24 04:32:10.013  6011  6011 E aapt2   : No package ID 7f found for resource ID 0x7f040329.
07-24 04:32:10.013  6011  6011 E aapt2   : No package ID 7f found for resource ID 0x7f040283.
07-24 04:32:10.013  6011  6011 E aapt2   : No package ID 7f found for resource ID 0x7f04025f.
07-24 04:32:10.013  6011  6011 E aapt2   : No package ID 7f found for resource ID 0x7f04026b.
07-24 04:32:10.013  6011  6011 E aapt2   : No package ID 7f found for resource ID 0x7f040264.
07-24 04:32:10.013  6011  6011 E aapt2   : No package ID 7f found for resource ID 0x7f040265.
07-24 04:32:10.013  6011  6011 E aapt2   : No package ID 7f found for resource ID 0x7f040279.
07-24 04:32:10.013  6011  6011 E aapt2   : No package ID 7f found for resource ID 0x7f040277.
07-24 04:32:10.013  6011  6011 E aapt2   : No package ID 7f found for resource ID 0x7f040278.
07-24 04:32:10.013  6011  6011 E aapt2   : No package ID 7f found for resource ID 0x7f04026a.
07-24 04:32:10.013  6011  6011 E aapt2   : No package ID 7f found for resource ID 0x7f040269.
07-24 04:32:10.013  6011  6011 E aapt2   : No package ID 7f found for resource ID 0x7f040026.
07-24 04:32:10.013  6011  6011 E aapt2   : No package ID 7f found for resource ID 0x7f04025e.
07-24 04:32:10.013  6011  6011 E aapt2   : No package ID 7f found for resource ID 0x7f0401ae.
07-24 04:32:10.013  6011  6011 E aapt2   : No package ID 7f found for resource ID 0x7f040267.
07-24 04:32:10.013  6011  6011 E aapt2   : No package ID 7f found for resource ID 0x7f04022a.
07-24 04:32:10.013  6011  6011 E aapt2   : No package ID 7f found for resource ID 0x7f04032b.
07-24 04:32:10.013  6011  6011 E aapt2   : No package ID 7f found for resource ID 0x7f040388.
07-24 04:32:10.013  6011  6011 E aapt2   : No package ID 7f found for resource ID 0x7f040381.
07-24 04:32:10.013  6011  6011 E aapt2   : No package ID 7f found for resource ID 0x7f040386.
07-24 04:32:10.013  6011  6011 E aapt2   : No package ID 7f found for resource ID 0x7f0403e5.
07-24 04:32:10.013  6011  6011 E aapt2   : No package ID 7f found for resource ID 0x7f0403ed.
07-24 04:32:10.013  6011  6011 E aapt2   : No package ID 7f found for resource ID 0x7f0401ae.
07-24 04:32:10.013  6011  6011 E aapt2   : No package ID 7f found for resource ID 0x7f040433.
07-24 04:32:10.013  6011  6011 E aapt2   : No package ID 7f found for resource ID 0x7f040436.
07-24 04:32:10.013  6011  6011 E aapt2   : No package ID 7f found for resource ID 0x7f040276.
07-24 04:32:10.013  6011  6011 E aapt2   : No package ID 7f found for resource ID 0x7f040261.
07-24 04:32:10.013  6011  6011 E aapt2   : No package ID 7f found for resource ID 0x7f04027b.
07-24 04:32:10.013  6011  6011 E aapt2   : No package ID 7f found for resource ID 0x7f040263.
07-24 04:32:10.013  6011  6011 E aapt2   : No package ID 7f found for resource ID 0x7f040266.
07-24 04:32:10.013  6011  6011 E aapt2   : No package ID 7f found for resource ID 0x7f040271.
07-24 04:32:10.013  6011  6011 E aapt2   : No package ID 7f found for resource ID 0x7f040272.
07-24 04:32:10.013  6011  6011 E aapt2   : No package ID 7f found for resource ID 0x7f040270.
07-24 04:32:10.013  6011  6011 E aapt2   : No package ID 7f found for resource ID 0x7f04026f.
07-24 04:32:10.013  6011  6011 E aapt2   : No package ID 7f found for resource ID 0x7f04026e.
07-24 04:32:10.013  6011  6011 E aapt2   : No package ID 7f found for resource ID 0x7f0403e5.
07-24 04:32:10.013  6011  6011 E aapt2   : No package ID 7f found for resource ID 0x7f0403ed.
07-24 04:32:10.013  6011  6011 E aapt2   : No package ID 7f found for resource ID 0x7f0404e0.
07-24 04:32:10.013  6011  6011 E aapt2   : No package ID 7f found for resource ID 0x7f040080.
07-24 04:32:10.013  6011  6011 E aapt2   : No package ID 7f found for resource ID 0x7f040435.
07-24 04:32:10.013  6011  6011 E aapt2   : No package ID 7f found for resource ID 0x7f040434.
07-24 04:32:10.013  6011  6011 E aapt2   : No package ID 7f found for resource ID 0x7f0401a2.
07-24 04:32:10.013  6011  6011 E aapt2   : No package ID 7f found for resource ID 0x7f040469.
07-24 04:32:10.013  6011  6011 E aapt2   : No package ID 7f found for resource ID 0x7f0400e2.
07-24 04:32:10.013  6011  6011 E aapt2   : No package ID 7f found for resource ID 0x7f040195.
07-24 04:32:10.013  6011  6011 E aapt2   : No package ID 7f found for resource ID 0x7f040196.
07-24 04:32:10.013  6011  6011 E aapt2   : No package ID 7f found for resource ID 0x7f040044.
07-24 04:32:10.013  6011  6011 E aapt2   : No package ID 7f found for resource ID 0x7f040326.
07-24 04:32:10.013  6011  6011 E aapt2   : No package ID 7f found for resource ID 0x7f04031e.
07-24 04:32:10.013  6011  6011 E aapt2   : No package ID 7f found for resource ID 0x7f040417.
07-24 04:32:10.013  6011  6011 E aapt2   : No package ID 7f found for resource ID 0x7f040418.
07-24 04:32:10.013  6011  6011 E aapt2   : No package ID 7f found for resource ID 0x7f040416.
07-24 04:32:10.013  6011  6011 E aapt2   : No package ID 7f found for resource ID 0x7f040419.
07-24 04:32:10.013  6011  6011 E aapt2   : No package ID 7f found for resource ID 0x7f040415.
07-24 04:32:10.013  6011  6011 E aapt2   : No package ID 7f found for resource ID 0x7f040194.
07-24 04:32:10.013  6011  6011 E aapt2   : No package ID 7f found for resource ID 0x7f0404e1.
07-24 04:32:10.013  6011  6011 E aapt2   : No package ID 7f found for resource ID 0x7f0404e2.
07-24 04:32:10.013  6011  6011 E aapt2   : No package ID 7f found for resource ID 0x7f0403ce.
07-24 04:32:10.013  6011  6011 E aapt2   : No package ID 7f found for resource ID 0x7f0404e3.
07-24 04:32:10.013  6011  6011 E aapt2   : No package ID 7f found for resource ID 0x7f0402d3.
07-24 04:32:10.013  6011  6011 E aapt2   : No package ID 7f found for resource ID 0x7f04036f.
07-24 04:32:10.013  6011  6011 E aapt2   : No package ID 7f found for resource ID 0x7f040366.
07-24 04:32:10.013  6011  6011 E aapt2   : No package ID 7f found for resource ID 0x7f04037b.
07-24 04:32:10.013  6011  6011 E aapt2   : No package ID 7f found for resource ID 0x7f04037e.
07-24 04:32:10.013  6011  6011 E aapt2   : No package ID 7f found for resource ID 0x7f040424.
07-24 04:32:10.013  6011  6011 E aapt2   : No package ID 7f found for resource ID 0x7f04023e.
07-24 04:32:10.013  6011  6011 E aapt2   : No package ID 7f found for resource ID 0x7f04027c.
07-24 04:32:10.013  6011  6011 E aapt2   : No package ID 7f found for resource ID 0x7f0404c8.
07-24 04:32:10.013  6011  6011 E aapt2   : No package ID 7f found for resource ID 0x7f040441.
07-24 04:32:10.013  6011  6011 E aapt2   : No package ID 7f found for resource ID 0x7f04037c.
07-24 04:32:10.013  6011  6011 E aapt2   : No package ID 7f found for resource ID 0x7f040222.
07-24 04:32:10.013  6011  6011 E aapt2   : No package ID 7f found for resource ID 0x7f040287.
07-24 04:32:10.013  6011  6011 E aapt2   : No package ID 7f found for resource ID 0x7f040511.
07-24 04:32:10.013  6011  6011 E aapt2   : No package ID 7f found for resource ID 0x7f0401b5.
07-24 04:32:10.013  6011  6011 E aapt2   : No package ID 7f found for resource ID 0x7f0403df.
07-24 04:32:10.013  6011  6011 E aapt2   : No package ID 7f found for resource ID 0x7f040180.
07-24 04:32:10.013  6011  6011 E aapt2   : No package ID 7f found for resource ID 0x7f040398.
07-24 04:32:10.013  6011  6011 E aapt2   : No package ID 7f found for resource ID 0x7f04017d.
07-24 04:32:10.013  6011  6011 E aapt2   : No package ID 7f found for resource ID 0x7f0403f1.
07-24 04:32:10.013  6011  6011 E aapt2   : No package ID 7f found for resource ID 0x7f040030.
07-24 04:32:10.013  6011  6011 E aapt2   : No package ID 7f found for resource ID 0x7f040032.
07-24 04:32:10.013  6011  6011 E aapt2   : No package ID 7f found for resource ID 0x7f040405.
07-24 04:32:10.013  6011  6011 E aapt2   : No package ID 7f found for resource ID 0x7f040243.
07-24 04:32:10.013  6011  6011 E aapt2   : No package ID 7f found for resource ID 0x7f04025d.
07-24 04:32:10.013  6011  6011 E aapt2   : No package ID 7f found for resource ID 0x7f0401b3.
07-24 04:32:10.013  6011  6011 E aapt2   : No package ID 7f found for resource ID 0x7f040031.
07-24 04:32:10.013  6011  6011 E aapt2   : No package ID 7f found for resource ID 0x7f04037d.
07-24 04:32:10.013  6011  6011 E aapt2   : No package ID 7f found for resource ID 0x7f040257.
07-24 04:32:10.013  6011  6011 E aapt2   : No package ID 7f found for resource ID 0x7f040327.
07-24 04:32:10.013  6011  6011 E aapt2   : No package ID 7f found for resource ID 0x7f040322.
07-24 04:32:10.013  6011  6011 E aapt2   : No package ID 7f found for resource ID 0x7f0403ae.
07-24 04:32:10.013  6011  6011 E aapt2   : No package ID 7f found for resource ID 0x7f0403a6.
07-24 04:32:10.013  6011  6011 E aapt2   : No package ID 7f found for resource ID 0x7f0403a7.
07-24 04:32:10.013  6011  6011 E aapt2   : No package ID 7f found for resource ID 0x7f0403ac.
07-24 04:32:10.013  6011  6011 E aapt2   : No package ID 7f found for resource ID 0x7f0403aa.
07-24 04:32:10.013  6011  6011 E aapt2   : No package ID 7f found for resource ID 0x7f0403a8.
07-24 04:32:10.013  6011  6011 E aapt2   : No package ID 7f found for resource ID 0x7f0403a5.
07-24 04:32:10.013  6011  6011 E aapt2   : No package ID 7f found for resource ID 0x7f0403ad.
07-24 04:32:10.013  6011  6011 E aapt2   : No package ID 7f found for resource ID 0x7f0403ab.
07-24 04:32:10.013  6011  6011 E aapt2   : No package ID 7f found for resource ID 0x7f0400b5.
07-24 04:32:10.013  6011  6011 E aapt2   : No package ID 7f found for resource ID 0x7f040186.
07-24 04:32:10.013  6011  6011 E aapt2   : No package ID 7f found for resource ID 0x7f0401ac.
07-24 04:32:10.013  6011  6011 E aapt2   : No package ID 7f found for resource ID 0x7f0401a7.
07-24 04:32:10.013  6011  6011 E aapt2   : No package ID 7f found for resource ID 0x7f0403a9.
07-24 04:32:10.013  6011  6011 E aapt2   : No package ID 7f found for resource ID 0x7f040447.
07-24 04:32:10.013  6011  6011 E aapt2   : No package ID 7f found for resource ID 0x7f040446.
07-24 04:32:10.013  6011  6011 E aapt2   : No package ID 7f found for resource ID 0x7f0403dd.
07-24 04:32:10.013  6011  6011 E aapt2   : No package ID 7f found for resource ID 0x7f040508.
07-24 04:32:10.013  6011  6011 E aapt2   : No package ID 7f found for resource ID 0x7f0402b2.
07-24 04:32:10.013  6011  6011 E aapt2   : No package ID 7f found for resource ID 0x7f04030a.
07-24 04:32:10.013  6011  6011 E aapt2   : No package ID 7f found for resource ID 0x7f040500.
07-24 04:32:10.013  6011  6011 E aapt2   : No package ID 7f found for resource ID 0x7f040330.
07-24 04:32:10.013  6011  6011 E aapt2   : No package ID 7f found for resource ID 0x7f040380.
07-24 04:32:10.013  6011  6011 E aapt2   : No package ID 7f found for resource ID 0x7f040387.
07-24 04:32:10.013  6011  6011 E aapt2   : No package ID 7f found for resource ID 0x7f04028a.
07-24 04:32:10.013  6011  6011 E aapt2   : No package ID 7f found for resource ID 0x7f04040c.
07-24 04:32:10.013  6011  6011 E aapt2   : No package ID 7f found for resource ID 0x7f0403cc.
07-24 04:32:10.013  6011  6011 E aapt2   : No package ID 7f found for resource ID 0x7f04041b.
07-24 04:32:10.013  6011  6011 E aapt2   : No package ID 7f found for resource ID 0x7f0401e9.
07-24 04:32:10.013  6011  6011 E aapt2   : No package ID 7f found for resource ID 0x7f0401ec.
07-24 04:32:10.013  6011  6011 E aapt2   : No package ID 7f found for resource ID 0x7f0401ed.
07-24 04:32:10.013  6011  6011 E aapt2   : No package ID 7f found for resource ID 0x7f0401ea.
07-24 04:32:10.013  6011  6011 E aapt2   : No package ID 7f found for resource ID 0x7f0401eb.
07-24 04:32:10.013  6011  6011 E aapt2   : No package ID 7f found for resource ID 0x7f040258.
07-24 04:32:10.013  6011  6011 E aapt2   : No package ID 7f found for resource ID 0x7f040075.
07-24 04:32:10.013  6011  6011 E aapt2   : No package ID 7f found for resource ID 0x7f040057.
07-24 04:32:10.013  6011  6011 E aapt2   : No package ID 7f found for resource ID 0x7f0401ae.
07-24 04:32:10.013  6011  6011 E aapt2   : No package ID 7f found for resource ID 0x7f040179.
07-24 04:32:10.013  6011  6011 E aapt2   : No package ID 7f found for resource ID 0x7f04017b.
07-24 04:32:10.013  6011  6011 E aapt2   : No package ID 7f found for resource ID 0x7f040232.
07-24 04:32:10.013  6011  6011 E aapt2   : No package ID 7f found for resource ID 0x7f040220.
07-24 04:32:10.013  6011  6011 E aapt2   : No package ID 7f found for resource ID 0x7f0404c7.
07-24 04:32:10.013  6011  6011 E aapt2   : No package ID 7f found for resource ID 0x7f04036a.
07-24 04:32:10.013  6011  6011 E aapt2   : No package ID 7f found for resource ID 0x7f040430.
07-24 04:32:10.013  6011  6011 E aapt2   : No package ID 7f found for resource ID 0x7f040431.
07-24 04:32:10.014  6011  6011 E aapt2   : No package ID 7f found for resource ID 0x7f040247.
07-24 04:32:10.014  6011  6011 E aapt2   : No package ID 7f found for resource ID 0x7f0403bb.
07-24 04:32:10.014  6011  6011 E aapt2   : No package ID 7f found for resource ID 0x7f04017a.
07-24 04:32:10.014  6011  6011 E aapt2   : No package ID 7f found for resource ID 0x7f0400e7.
07-24 04:32:10.014  6011  6011 E aapt2   : No package ID 7f found for resource ID 0x7f040226.
07-24 04:32:10.014  6011  6011 E aapt2   : No package ID 7f found for resource ID 0x7f0403d7.
07-24 04:32:10.014  6011  6011 E aapt2   : No package ID 7f found for resource ID 0x7f0403d6.
07-24 04:32:10.014  6011  6011 E aapt2   : No package ID 7f found for resource ID 0x7f040509.
07-24 04:32:10.014  6011  6011 E aapt2   : No package ID 7f found for resource ID 0x7f040137.
07-24 04:32:10.014  6011  6011 E aapt2   : No package ID 7f found for resource ID 0x7f040440.
07-24 04:32:10.014  6011  6011 E aapt2   : No package ID 7f found for resource ID 0x7f0403ba.
07-24 04:32:10.014  6011  6011 E aapt2   : No package ID 7f found for resource ID 0x7f040437.
07-24 04:32:10.014  6011  6011 E aapt2   : No package ID 7f found for resource ID 0x7f040057.
07-24 04:32:10.014  6011  6011 E aapt2   : No package ID 7f found for resource ID 0x7f0403d8.
07-24 04:32:10.014  6011  6011 E aapt2   : No package ID 7f found for resource ID 0x7f0404fd.
07-24 04:32:10.014  6011  6011 E aapt2   : No package ID 7f found for resource ID 0x7f04003a.
07-24 04:32:10.014  6011  6011 E aapt2   : No package ID 7f found for resource ID 0x7f040039.
07-24 04:32:10.014  6011  6011 E aapt2   : No package ID 7f found for resource ID 0x7f040046.
07-24 04:32:10.014  6011  6011 E aapt2   : No package ID 7f found for resource ID 0x7f04004d.
07-24 04:32:10.014  6011  6011 E aapt2   : No package ID 7f found for resource ID 0x7f04032d.
07-24 04:32:10.014  6011  6011 E aapt2   : No package ID 7f found for resource ID 0x7f0403dc.
07-24 04:32:10.014  6011  6011 E aapt2   : No package ID 7f found for resource ID 0x7f04002b.
07-24 04:32:10.014  6011  6011 E aapt2   : No package ID 7f found for resource ID 0x7f0403f9.
07-24 04:32:10.014  6011  6011 E aapt2   : No package ID 7f found for resource ID 0x7f0404fb.
07-24 04:32:10.014  6011  6011 E aapt2   : No package ID 7f found for resource ID 0x7f04031d.
07-24 04:32:10.014  6011  6011 E aapt2   : No package ID 7f found for resource ID 0x7f04015a.
07-24 04:32:10.014  6011  6011 E aapt2   : No package ID 7f found for resource ID 0x7f04015d.
07-24 04:32:10.014  6011  6011 E aapt2   : No package ID 7f found for resource ID 0x7f04015e.
07-24 04:32:10.014  6011  6011 E aapt2   : No package ID 7f found for resource ID 0x7f04015c.
07-24 04:32:10.014  6011  6011 E aapt2   : No package ID 7f found for resource ID 0x7f04015b.
07-24 04:32:10.014  6011  6011 E aapt2   : No package ID 7f found for resource ID 0x7f040154.
07-24 04:32:10.014  6011  6011 E aapt2   : No package ID 7f found for resource ID 0x7f040157.
07-24 04:32:10.014  6011  6011 E aapt2   : No package ID 7f found for resource ID 0x7f040158.
07-24 04:32:10.014  6011  6011 E aapt2   : No package ID 7f found for resource ID 0x7f040156.
07-24 04:32:10.014  6011  6011 E aapt2   : No package ID 7f found for resource ID 0x7f040155.
07-24 04:32:10.014  6011  6011 E aapt2   : No package ID 7f found for resource ID 0x7f0403e5.
07-24 04:32:10.014  6011  6011 E aapt2   : No package ID 7f found for resource ID 0x7f0403ed.
07-24 04:32:10.014  6011  6011 E aapt2   : No package ID 7f found for resource ID 0x7f040148.
07-24 04:32:10.014  6011  6011 E aapt2   : No package ID 7f found for resource ID 0x7f040149.
07-24 04:32:10.014  6011  6011 E aapt2   : No package ID 7f found for resource ID 0x7f04014a.
07-24 04:32:10.014  6011  6011 E aapt2   : No package ID 7f found for resource ID 0x7f04014b.
07-24 04:32:10.014  6011  6011 E aapt2   : No package ID 7f found for resource ID 0x7f04014c.
07-24 04:32:10.014  6011  6011 E aapt2   : No package ID 7f found for resource ID 0x7f04014d.
07-24 04:32:10.014  6011  6011 E aapt2   : No package ID 7f found for resource ID 0x7f04014e.
07-24 04:32:10.014  6011  6011 E aapt2   : No package ID 7f found for resource ID 0x7f040070.
07-24 04:32:10.014  6011  6011 E aapt2   : No package ID 7f found for resource ID 0x7f0403e5.
07-24 04:32:10.014  6011  6011 E aapt2   : No package ID 7f found for resource ID 0x7f0403ed.
07-24 04:32:10.014  6011  6011 E aapt2   : No package ID 7f found for resource ID 0x7f040057.
07-24 04:32:10.014  6011  6011 E aapt2   : No package ID 7f found for resource ID 0x7f040153.
07-24 04:32:10.014  6011  6011 E aapt2   : No package ID 7f found for resource ID 0x7f040228.
07-24 04:32:10.014  6011  6011 E aapt2   : No package ID 7f found for resource ID 0x7f040229.
07-24 04:32:10.014  6011  6011 E aapt2   : No package ID 7f found for resource ID 0x7f040281.
07-24 04:32:10.014  6011  6011 E aapt2   : No package ID 7f found for resource ID 0x7f040282.
07-24 04:32:10.014  6011  6011 E aapt2   : No package ID 7f found for resource ID 0x7f0404b0.
07-24 04:32:10.014  6011  6011 E aapt2   : No package ID 7f found for resource ID 0x7f0404b1.
07-24 04:32:10.014  6011  6011 E aapt2   : No package ID 7f found for resource ID 0x7f0404b6.
07-24 04:32:10.014  6011  6011 E aapt2   : No package ID 7f found for resource ID 0x7f0404b7.
07-24 04:32:10.014  6011  6011 E aapt2   : No package ID 7f found for resource ID 0x7f0404b8.
07-24 04:32:10.014  6011  6011 E aapt2   : No package ID 7f found for resource ID 0x7f040331.
07-24 04:32:10.014  6011  6011 E aapt2   : No package ID 7f found for resource ID 0x7f0404bc.
07-24 04:32:10.014  6011  6011 E aapt2   : No package ID 7f found for resource ID 0x7f0404bd.
07-24 04:32:10.014  6011  6011 E aapt2   : No package ID 7f found for resource ID 0x7f0404be.
07-24 04:32:10.014  6011  6011 E aapt2   : No package ID 7f found for resource ID 0x7f0404c2.
07-24 04:32:10.014  6011  6011 E aapt2   : No package ID 7f found for resource ID 0x7f0404c3.
07-24 04:32:10.014  6011  6011 E aapt2   : No package ID 7f found for resource ID 0x7f0404c4.
07-24 04:32:10.014  6011  6011 E aapt2   : No package ID 7f found for resource ID 0x7f0404e5.
07-24 04:32:10.014  6011  6011 E aapt2   : No package ID 7f found for resource ID 0x7f0404e6.
07-24 04:32:10.014  6011  6011 E aapt2   : No package ID 7f found for resource ID 0x7f0404e7.
07-24 04:32:10.014  6011  6011 E aapt2   : No package ID 7f found for resource ID 0x7f0404ec.
07-24 04:32:10.014  6011  6011 E aapt2   : No package ID 7f found for resource ID 0x7f04040a.
07-24 04:32:10.014  6011  6011 E aapt2   : No package ID 7f found for resource ID 0x7f040409.
07-24 04:32:10.014  6011  6011 E aapt2   : No package ID 7f found for resource ID 0x7f04040b.
07-24 04:32:10.014  6011  6011 E aapt2   : No package ID 7f found for resource ID 0x7f0401ae.
07-24 04:32:10.014  6011  6011 E aapt2   : No package ID 7f found for resource ID 0x7f04031f.
07-24 04:32:10.014  6011  6011 E aapt2   : No package ID 7f found for resource ID 0x7f04003c.
07-24 04:32:10.014  6011  6011 E aapt2   : No package ID 7f found for resource ID 0x7f040054.
07-24 04:32:10.014  6011  6011 E aapt2   : No package ID 7f found for resource ID 0x7f040057.
07-24 04:32:10.014  6011  6011 E aapt2   : No package ID 7f found for resource ID 0x7f040058.
07-24 04:32:10.014  6011  6011 E aapt2   : No package ID 7f found for resource ID 0x7f040024.
07-24 04:32:10.014  6011  6011 E aapt2   : No package ID 7f found for resource ID 0x7f0403e5.
07-24 04:32:10.014  6011  6011 E aapt2   : No package ID 7f found for resource ID 0x7f0403ed.
07-24 04:32:10.014  6011  6011 E aapt2   : No package ID 7f found for resource ID 0x7f0403a2.
07-24 04:32:10.014  6011  6011 E aapt2   : No package ID 7f found for resource ID 0x7f0403b4.
07-24 04:32:10.014  6011  6011 E aapt2   : No package ID 7f found for resource ID 0x7f0403db.
07-24 04:32:10.014  6011  6011 E aapt2   : No package ID 7f found for resource ID 0x7f0403da.
07-24 04:32:10.014  6011  6011 E aapt2   : No package ID 7f found for resource ID 0x7f0401ee.
07-24 04:32:10.014  6011  6011 E aapt2   : No package ID 7f found for resource ID 0x7f0401ef.
07-24 04:32:10.014  6011  6011 E aapt2   : No package ID 7f found for resource ID 0x7f0400e0.
07-24 04:32:10.014  6011  6011 E aapt2   : No package ID 7f found for resource ID 0x7f040413.
07-24 04:32:10.014  6011  6011 E aapt2   : No package ID 7f found for resource ID 0x7f040412.
07-24 04:32:10.014  6011  6011 E aapt2   : No package ID 7f found for resource ID 0x7f040411.
07-24 04:32:10.014  6011  6011 E aapt2   : No package ID 7f found for resource ID 0x7f040410.
07-24 04:32:10.014  6011  6011 E aapt2   : No package ID 7f found for resource ID 0x7f04039a.
07-24 04:32:10.014  6011  6011 E aapt2   : No package ID 7f found for resource ID 0x7f04013f.
07-24 04:32:10.014  6011  6011 E aapt2   : No package ID 7f found for resource ID 0x7f04017c.
07-24 04:32:10.014  6011  6011 E aapt2   : No package ID 7f found for resource ID 0x7f0404ba.
07-24 04:32:10.014  6011  6011 E aapt2   : No package ID 7f found for resource ID 0x7f0404bb.
07-24 04:32:10.014  6011  6011 E aapt2   : No package ID 7f found for resource ID 0x7f0404e4.
07-24 04:32:10.014  6011  6011 E aapt2   : No package ID 7f found for resource ID 0x7f0404ee.
07-24 04:32:10.014  6011  6011 E aapt2   : No package ID 7f found for resource ID 0x7f0404ef.
07-24 04:32:10.014  6011  6011 E aapt2   : No package ID 7f found for resource ID 0x7f0404b9.
07-24 04:32:10.014  6011  6011 E aapt2   : No package ID 7f found for resource ID 0x7f040449.
07-24 04:32:10.014  6011  6011 E aapt2   : No package ID 7f found for resource ID 0x7f040444.
07-24 04:32:10.014  6011  6011 E aapt2   : No package ID 7f found for resource ID 0x7f040445.
07-24 04:32:10.014  6011  6011 E aapt2   : No package ID 7f found for resource ID 0x7f040414.
07-24 04:32:10.014  6011  6011 E aapt2   : No package ID 7f found for resource ID 0x7f0403fa.
07-24 04:32:10.014  6011  6011 E aapt2   : No package ID 7f found for resource ID 0x7f0404fe.
07-24 04:32:10.014  6011  6011 E aapt2   : No package ID 7f found for resource ID 0x7f040443.
07-24 04:32:10.014  6011  6011 E aapt2   : No package ID 7f found for resource ID 0x7f040442.
07-24 04:32:10.014  6011  6011 E aapt2   : No package ID 7f found for resource ID 0x7f04044b.
07-24 04:32:10.014  6011  6011 E aapt2   : No package ID 7f found for resource ID 0x7f04044a.
07-24 04:32:10.014  6011  6011 E aapt2   : No package ID 7f found for resource ID 0x7f04018a.
07-24 04:32:10.014  6011  6011 E aapt2   : No package ID 7f found for resource ID 0x7f040454.
07-24 04:32:10.014  6011  6011 E aapt2   : No package ID 7f found for resource ID 0x7f040457.
07-24 04:32:10.014  6011  6011 E aapt2   : No package ID 7f found for resource ID 0x7f04044d.
07-24 04:32:10.014  6011  6011 E aapt2   : No package ID 7f found for resource ID 0x7f04044c.
07-24 04:32:10.014  6011  6011 E aapt2   : No package ID 7f found for resource ID 0x7f040451.
07-24 04:32:10.014  6011  6011 E aapt2   : No package ID 7f found for resource ID 0x7f040456.
07-24 04:32:10.014  6011  6011 E aapt2   : No package ID 7f found for resource ID 0x7f040452.
07-24 04:32:10.014  6011  6011 E aapt2   : No package ID 7f found for resource ID 0x7f040455.
07-24 04:32:10.014  6011  6011 E aapt2   : No package ID 7f found for resource ID 0x7f040453.
07-24 04:32:10.014  6011  6011 E aapt2   : No package ID 7f found for resource ID 0x7f04045b.
07-24 04:32:10.014  6011  6011 E aapt2   : No package ID 7f found for resource ID 0x7f04044e.
07-24 04:32:10.014  6011  6011 E aapt2   : No package ID 7f found for resource ID 0x7f040458.
07-24 04:32:10.014  6011  6011 E aapt2   : No package ID 7f found for resource ID 0x7f04045a.
07-24 04:32:10.014  6011  6011 E aapt2   : No package ID 7f found for resource ID 0x7f040459.
07-24 04:32:10.014  6011  6011 E aapt2   : No package ID 7f found for resource ID 0x7f040466.
07-24 04:32:10.014  6011  6011 E aapt2   : No package ID 7f found for resource ID 0x7f040467.
07-24 04:32:10.014  6011  6011 E aapt2   : No package ID 7f found for resource ID 0x7f040464.
07-24 04:32:10.014  6011  6011 E aapt2   : No package ID 7f found for resource ID 0x7f040463.
07-24 04:32:10.014  6011  6011 E aapt2   : No package ID 7f found for resource ID 0x7f04045f.
07-24 04:32:10.014  6011  6011 E aapt2   : No package ID 7f found for resource ID 0x7f040460.
07-24 04:32:10.014  6011  6011 E aapt2   : No package ID 7f found for resource ID 0x7f04045e.
07-24 04:32:10.014  6011  6011 E aapt2   : No package ID 7f found for resource ID 0x7f04045d.
07-24 04:32:10.014  6011  6011 E aapt2   : No package ID 7f found for resource ID 0x7f04045c.
07-24 04:32:10.014  6011  6011 E aapt2   : No package ID 7f found for resource ID 0x7f04044f.
07-24 04:32:10.014  6011  6011 E aapt2   : No package ID 7f found for resource ID 0x7f040450.
07-24 04:32:10.014  6011  6011 E aapt2   : No package ID 7f found for resource ID 0x7f040461.
07-24 04:32:10.014  6011  6011 E aapt2   : No package ID 7f found for resource ID 0x7f040468.
07-24 04:32:10.014  6011  6011 E aapt2   : No package ID 7f found for resource ID 0x7f040214.
07-24 04:32:10.014  6011  6011 E aapt2   : No package ID 7f found for resource ID 0x7f04046d.
07-24 04:32:10.014  6011  6011 E aapt2   : No package ID 7f found for resource ID 0x7f0404a4.
07-24 04:32:10.014  6011  6011 E aapt2   : No package ID 7f found for resource ID 0x7f04021d.
07-24 04:32:10.014  6011  6011 E aapt2   : No package ID 7f found for resource ID 0x7f04049b.
07-24 04:32:10.014  6011  6011 E aapt2   : No package ID 7f found for resource ID 0x7f0404a6.
07-24 04:32:10.014  6011  6011 E aapt2   : No package ID 7f found for resource ID 0x7f0404a5.
07-24 04:32:10.014  6011  6011 E aapt2   : No package ID 7f found for resource ID 0x7f04007b.
07-24 04:32:10.014  6011  6011 E aapt2   : No package ID 7f found for resource ID 0x7f04007c.
07-24 04:32:10.015  6011  6011 E aapt2   : No package ID 7f found for resource ID 0x7f04049f.
07-24 04:32:10.015  6011  6011 E aapt2   : No package ID 7f found for resource ID 0x7f040236.
07-24 04:32:10.015  6011  6011 E aapt2   : No package ID 7f found for resource ID 0x7f040235.
07-24 04:32:10.015  6011  6011 E aapt2   : No package ID 7f found for resource ID 0x7f040237.
07-24 04:32:10.015  6011  6011 E aapt2   : No package ID 7f found for resource ID 0x7f040238.
07-24 04:32:10.015  6011  6011 E aapt2   : No package ID 7f found for resource ID 0x7f0401cf.
07-24 04:32:10.015  6011  6011 E aapt2   : No package ID 7f found for resource ID 0x7f04022c.
07-24 04:32:10.015  6011  6011 E aapt2   : No package ID 7f found for resource ID 0x7f04022d.
07-24 04:32:10.015  6011  6011 E aapt2   : No package ID 7f found for resource ID 0x7f04022e.
07-24 04:32:10.015  6011  6011 E aapt2   : No package ID 7f found for resource ID 0x7f04022f.
07-24 04:32:10.015  6011  6011 E aapt2   : No package ID 7f found for resource ID 0x7f0401c6.
07-24 04:32:10.015  6011  6011 E aapt2   : No package ID 7f found for resource ID 0x7f0401cb.
07-24 04:32:10.015  6011  6011 E aapt2   : No package ID 7f found for resource ID 0x7f0401cc.
07-24 04:32:10.015  6011  6011 E aapt2   : No package ID 7f found for resource ID 0x7f0401c5.
07-24 04:32:10.015  6011  6011 E aapt2   : No package ID 7f found for resource ID 0x7f0401c4.
07-24 04:32:10.015  6011  6011 E aapt2   : No package ID 7f found for resource ID 0x7f0401c7.
07-24 04:32:10.015  6011  6011 E aapt2   : No package ID 7f found for resource ID 0x7f0401c8.
07-24 04:32:10.015  6011  6011 E aapt2   : No package ID 7f found for resource ID 0x7f0401c9.
07-24 04:32:10.015  6011  6011 E aapt2   : No package ID 7f found for resource ID 0x7f040167.
07-24 04:32:10.015  6011  6011 E aapt2   : No package ID 7f found for resource ID 0x7f040168.
07-24 04:32:10.015  6011  6011 E aapt2   : No package ID 7f found for resource ID 0x7f04015f.
07-24 04:32:10.015  6011  6011 E aapt2   : No package ID 7f found for resource ID 0x7f040160.
07-24 04:32:10.015  6011  6011 E aapt2   : No package ID 7f found for resource ID 0x7f040163.
07-24 04:32:10.015  6011  6011 E aapt2   : No package ID 7f found for resource ID 0x7f040164.
07-24 04:32:10.015  6011  6011 E aapt2   : No package ID 7f found for resource ID 0x7f040161.
07-24 04:32:10.015  6011  6011 E aapt2   : No package ID 7f found for resource ID 0x7f040162.
07-24 04:32:10.015  6011  6011 E aapt2   : No package ID 7f found for resource ID 0x7f04039b.
07-24 04:32:10.015  6011  6011 E aapt2   : No package ID 7f found for resource ID 0x7f04039c.
07-24 04:32:10.015  6011  6011 E aapt2   : No package ID 7f found for resource ID 0x7f04039d.
07-24 04:32:10.015  6011  6011 E aapt2   : No package ID 7f found for resource ID 0x7f0403af.
07-24 04:32:10.015  6011  6011 E aapt2   : No package ID 7f found for resource ID 0x7f0403b0.
07-24 04:32:10.015  6011  6011 E aapt2   : No package ID 7f found for resource ID 0x7f0403b1.
07-24 04:32:10.015  6011  6011 E aapt2   : No package ID 7f found for resource ID 0x7f04043d.
07-24 04:32:10.015  6011  6011 E aapt2   : No package ID 7f found for resource ID 0x7f04043e.
07-24 04:32:10.015  6011  6011 E aapt2   : No package ID 7f found for resource ID 0x7f04043f.
07-24 04:32:10.015  6011  6011 E aapt2   : No package ID 7f found for resource ID 0x7f04041f.
07-24 04:32:10.015  6011  6011 E aapt2   : No package ID 7f found for resource ID 0x7f04041e.
07-24 04:32:10.015  6011  6011 E aapt2   : No package ID 7f found for resource ID 0x7f04041d.
07-24 04:32:10.015  6011  6011 E aapt2   : No package ID 7f found for resource ID 0x7f040422.
07-24 04:32:10.015  6011  6011 E aapt2   : No package ID 7f found for resource ID 0x7f040423.
07-24 04:32:10.015  6011  6011 E aapt2   : No package ID 7f found for resource ID 0x7f040420.
07-24 04:32:10.015  6011  6011 E aapt2   : No package ID 7f found for resource ID 0x7f040421.
07-24 04:32:10.015  6011  6011 E aapt2   : No package ID 7f found for resource ID 0x7f0401ba.
07-24 04:32:10.015  6011  6011 E aapt2   : No package ID 7f found for resource ID 0x7f0401b8.
07-24 04:32:10.015  6011  6011 E aapt2   : No package ID 7f found for resource ID 0x7f0401b7.
07-24 04:32:10.015  6011  6011 E aapt2   : No package ID 7f found for resource ID 0x7f0401b6.
07-24 04:32:10.015  6011  6011 E aapt2   : No package ID 7f found for resource ID 0x7f0401bc.
07-24 04:32:10.015  6011  6011 E aapt2   : No package ID 7f found for resource ID 0x7f0401bd.
07-24 04:32:10.015  6011  6011 E aapt2   : No package ID 7f found for resource ID 0x7f0401b9.
07-24 04:32:10.015  6011  6011 E aapt2   : No package ID 7f found for resource ID 0x7f0401bb.
07-24 04:32:10.015  6011  6011 E aapt2   : No package ID 7f found for resource ID 0x7f040086.
07-24 04:32:10.015  6011  6011 E aapt2   : No package ID 7f found for resource ID 0x7f040087.
07-24 04:32:10.015  6011  6011 E aapt2   : No package ID 7f found for resource ID 0x7f04008b.
07-24 04:32:10.015  6011  6011 E aapt2   : No package ID 7f found for resource ID 0x7f04008a.
07-24 04:32:10.015  6011  6011 E aapt2   : No package ID 7f found for resource ID 0x7f040089.
07-24 04:32:10.015  6011  6011 E aapt2   : No package ID 7f found for resource ID 0x7f040088.
07-24 04:32:10.015  6011  6011 E aapt2   : No package ID 7f found for resource ID 0x7f04008c.
07-24 04:32:10.015  6011  6011 E aapt2   : No package ID 7f found for resource ID 0x7f04008d.
07-24 04:32:10.015  6011  6011 E aapt2   : No package ID 7f found for resource ID 0x7f040085.
07-24 04:32:10.015  6011  6011 E aapt2   : No package ID 7f found for resource ID 0x7f04008e.
07-24 04:32:10.015  6011  6011 E aapt2   : No package ID 7f found for resource ID 0x7f04008f.
07-24 04:32:10.015  6011  6011 E aapt2   : No package ID 7f found for resource ID 0x7f0403e5.
07-24 04:32:10.015  6011  6011 E aapt2   : No package ID 7f found for resource ID 0x7f0403ed.
07-24 04:32:10.015  6011  6011 E aapt2   : No package ID 7f found for resource ID 0x7f04038e.
07-24 04:32:10.015  6011  6011 E aapt2   : No package ID 7f found for resource ID 0x7f04038d.
07-24 04:32:10.015  6011  6011 E aapt2   : No package ID 7f found for resource ID 0x7f04038c.
07-24 04:32:10.015  6011  6011 E aapt2   : No package ID 7f found for resource ID 0x7f04038f.
07-24 04:32:10.015  6011  6011 E aapt2   : No package ID 7f found for resource ID 0x7f040390.
07-24 04:32:10.015  6011  6011 E aapt2   : No package ID 7f found for resource ID 0x7f0401be.
07-24 04:32:10.015  6011  6011 E aapt2   : No package ID 7f found for resource ID 0x7f0401bf.
07-24 04:32:10.015  6011  6011 E aapt2   : No package ID 7f found for resource ID 0x7f0404d3.
07-24 04:32:10.015  6011  6011 E aapt2   : No package ID 7f found for resource ID 0x7f04043a.
07-24 04:32:10.015  6011  6011 E aapt2   : No package ID 7f found for resource ID 0x7f0404c8.
07-24 04:32:10.015  6011  6011 E aapt2   : No package ID 7f found for resource ID 0x7f040438.
07-24 04:32:10.015  6011  6011 E aapt2   : No package ID 7f found for resource ID 0x7f0404cc.
07-24 04:32:10.015  6011  6011 E aapt2   : No package ID 7f found for resource ID 0x7f0404cf.
07-24 04:32:10.015  6011  6011 E aapt2   : No package ID 7f found for resource ID 0x7f0404ce.
07-24 04:32:10.015  6011  6011 E aapt2   : No package ID 7f found for resource ID 0x7f0404d0.
07-24 04:32:10.015  6011  6011 E aapt2   : No package ID 7f found for resource ID 0x7f0404cd.
07-24 04:32:10.015  6011  6011 E aapt2   : No package ID 7f found for resource ID 0x7f0404d1.
07-24 04:32:10.015  6011  6011 E aapt2   : No package ID 7f found for resource ID 0x7f040146.
07-24 04:32:10.015  6011  6011 E aapt2   : No package ID 7f found for resource ID 0x7f040142.
07-24 04:32:10.015  6011  6011 E aapt2   : No package ID 7f found for resource ID 0x7f040144.
07-24 04:32:10.015  6011  6011 E aapt2   : No package ID 7f found for resource ID 0x7f040145.
07-24 04:32:10.015  6011  6011 E aapt2   : No package ID 7f found for resource ID 0x7f040147.
07-24 04:32:10.015  6011  6011 E aapt2   : No package ID 7f found for resource ID 0x7f040143.
07-24 04:32:10.015  6011  6011 E aapt2   : No package ID 7f found for resource ID 0x7f040320.
07-24 04:32:10.015  6011  6011 E aapt2   : No package ID 7f found for resource ID 0x7f040097.
07-24 04:32:10.015  6011  6011 E aapt2   : No package ID 7f found for resource ID 0x7f0400f0.
07-24 04:32:10.015  6011  6011 E aapt2   : No package ID 7f found for resource ID 0x7f0400ef.
07-24 04:32:10.015  6011  6011 E aapt2   : No package ID 7f found for resource ID 0x7f040369.
07-24 04:32:10.015  6011  6011 E aapt2   : No package ID 7f found for resource ID 0x7f040368.
07-24 04:32:10.015  6011  6011 E aapt2   : No package ID 7f found for resource ID 0x7f0402e6.
07-24 04:32:10.015  6011  6011 E aapt2   : No package ID 7f found for resource ID 0x7f0402e8.
07-24 04:32:10.015  6011  6011 E aapt2   : No package ID 7f found for resource ID 0x7f0404d4.
07-24 04:32:10.015  6011  6011 E aapt2   : No package ID 7f found for resource ID 0x7f04043b.
07-24 04:32:10.015  6011  6011 E aapt2   : No package ID 7f found for resource ID 0x7f040329.
07-24 04:32:10.015  6011  6011 E aapt2   : No package ID 7f found for resource ID 0x7f040057.
07-24 04:32:10.015  6011  6011 E aapt2   : No package ID 7f found for resource ID 0x7f0404f0.
07-24 04:32:10.015  6011  6011 E aapt2   : No package ID 7f found for resource ID 0x7f04013c.
07-24 04:32:10.015  6011  6011 E aapt2   : No package ID 7f found for resource ID 0x7f04013b.
07-24 04:32:10.015  6011  6011 E aapt2   : No package ID 7f found for resource ID 0x7f0404f1.
07-24 04:32:10.015  6011  6011 E aapt2   : No package ID 7f found for resource ID 0x7f040289.
07-24 04:32:10.015  6011  6011 E aapt2   : No package ID 7f found for resource ID 0x7f040391.
07-24 04:32:10.015  6011  6011 E aapt2   : No package ID 7f found for resource ID 0x7f04004c.
07-24 04:32:10.015  6011  6011 E aapt2   : No package ID 7f found for resource ID 0x7f04035e.
07-24 04:32:10.015  6011  6011 E aapt2   : No package ID 7f found for resource ID 0x7f0401a8.
07-24 04:32:10.015  6011  6011 E aapt2   : No package ID 7f found for resource ID 0x7f04041c.
07-24 04:32:10.015  6011  6011 E aapt2   : No package ID 7f found for resource ID 0x7f0404f3.
07-24 04:32:10.015  6011  6011 E aapt2   : No package ID 7f found for resource ID 0x7f0403c9.
07-24 04:32:10.015  6011  6011 E aapt2   : No package ID 7f found for resource ID 0x7f0403ca.
07-24 04:32:10.015  6011  6011 E aapt2   : No package ID 7f found for resource ID 0x7f0403c7.
07-24 04:32:10.015  6011  6011 E aapt2   : No package ID 7f found for resource ID 0x7f0403c8.
07-24 04:32:10.015  6011  6011 E aapt2   : No package ID 7f found for resource ID 0x7f04013f.
07-24 04:32:10.015  6011  6011 E aapt2   : No package ID 7f found for resource ID 0x7f040385.
07-24 04:32:10.015  6011  6011 E aapt2   : No package ID 7f found for resource ID 0x7f040382.
07-24 04:32:10.015  6011  6011 E aapt2   : No package ID 7f found for resource ID 0x7f0404ae.
07-24 04:32:10.015  6011  6011 E aapt2   : No package ID 7f found for resource ID 0x7f040057.
07-24 04:32:10.015  6011  6011 E aapt2   : No package ID 7f found for resource ID 0x7f040058.
07-24 04:32:10.015  6011  6011 E aapt2   : No package ID 7f found for resource ID 0x7f040363.
07-24 04:32:10.015  6011  6011 E aapt2   : No package ID 7f found for resource ID 0x7f040504.
07-24 04:32:10.015  6011  6011 E aapt2   : No package ID 7f found for resource ID 0x7f04037a.
07-24 04:32:10.015  6011  6011 E aapt2   : No package ID 7f found for resource ID 0x7f0404fa.
07-24 04:32:10.015  6011  6011 E aapt2   : No package ID 7f found for resource ID 0x7f040001.
07-24 04:32:10.015  6011  6011 E aapt2   : No package ID 7f found for resource ID 0x7f040000.
07-24 04:32:10.015  6011  6011 E aapt2   : No package ID 7f found for resource ID 0x7f0403e4.
07-24 04:32:10.015  6011  6011 E aapt2   : No package ID 7f found for resource ID 0x7f0400e1.
07-24 04:32:10.015  6011  6011 E aapt2   : No package ID 7f found for resource ID 0x7f040249.
07-24 04:32:10.015  6011  6011 E aapt2   : No package ID 7f found for resource ID 0x7f040248.
07-24 04:32:10.015  6011  6011 E aapt2   : No package ID 7f found for resource ID 0x7f04013a.


> Task :app:configureCMakeDebug[arm64-v8a]
C/C++: CMake Warning (deprecated) at /data/data/com.termux/files/home/android-sdk/ndk/27.0.12077973/build/cmake/android.toolchain.cmake:36 (cmake_minimum_required):
C/C++:   Compatibility with CMake < 3.10 will be removed from a future version of
C/C++:   CMake.
C/C++:   Update the VERSION argument <min> value.  Or, use the <min>...<max> syntax
C/C++:   to tell CMake that the project requires at least <min> but has been updated
C/C++:   to work with policies introduced by <max> or earlier.
C/C++: Call Stack (most recent call first):
C/C++:   /data/data/com.termux/files/usr/share/cmake-4.4/Modules/CMakeDetermineSystem.cmake:152 (include)
C/C++:   CMakeLists.txt:2 (project)
C/C++: This warning is for project developers.  Use -Wno-author or -Wno-deprecated
C/C++: to suppress it.
C/C++: CMake Warning (deprecated) at /data/data/com.termux/files/home/android-sdk/ndk/27.0.12077973/build/cmake/android-legacy.toolchain.cmake:36 (cmake_minimum_required):
C/C++:   Compatibility with CMake < 3.10 will be removed from a future version of
C/C++:   CMake.
C/C++:   Update the VERSION argument <min> value.  Or, use the <min>...<max> syntax
C/C++:   to tell CMake that the project requires at least <min> but has been updated
C/C++:   to work with policies introduced by <max> or earlier.
C/C++: Call Stack (most recent call first):
C/C++:   /data/data/com.termux/files/home/android-sdk/ndk/27.0.12077973/build/cmake/android.toolchain.cmake:56 (include)
C/C++:   /data/data/com.termux/files/usr/share/cmake-4.4/Modules/CMakeDetermineSystem.cmake:152 (include)
C/C++:   CMakeLists.txt:2 (project)
C/C++: This warning is for project developers.  Use -Wno-author or -Wno-deprecated
C/C++: to suppress it.
C/C++: CMake Warning (deprecated) at /data/data/com.termux/files/home/android-sdk/ndk/27.0.12077973/build/cmake/android.toolchain.cmake:36 (cmake_minimum_required):
C/C++:   Compatibility with CMake < 3.10 will be removed from a future version of
C/C++:   CMake.
C/C++:   Update the VERSION argument <min> value.  Or, use the <min>...<max> syntax
C/C++:   to tell CMake that the project requires at least <min> but has been updated
C/C++:   to work with policies introduced by <max> or earlier.
C/C++: Call Stack (most recent call first):
C/C++:   /data/data/com.termux/files/home/HyperPS3/HyperPS3/app/.cxx/Debug/3k414k3d/arm64-v8a/CMakeFiles/4.4.0/CMakeSystem.cmake:6 (include)
C/C++:   CMakeLists.txt:2 (project)
C/C++: This warning is for project developers.  Use -Wno-author or -Wno-deprecated
C/C++: to suppress it.
C/C++: CMake Warning (deprecated) at /data/data/com.termux/files/home/android-sdk/ndk/27.0.12077973/build/cmake/android.toolchain.cmake:36 (cmake_minimum_required):
C/C++:   Compatibility with CMake < 3.10 will be removed from a future version of
C/C++:   CMake.
C/C++:   Update the VERSION argument <min> value.  Or, use the <min>...<max> syntax
C/C++:   to tell CMake that the project requires at least <min> but has been updated
C/C++:   to work with policies introduced by <max> or earlier.
C/C++: Call Stack (most recent call first):
C/C++:   /data/data/com.termux/files/home/HyperPS3/HyperPS3/app/.cxx/Debug/3k414k3d/arm64-v8a/CMakeFiles/4.4.0/CMakeSystem.cmake:6 (include)
C/C++:   /data/data/com.termux/files/home/HyperPS3/HyperPS3/app/.cxx/Debug/3k414k3d/arm64-v8a/CMakeFiles/CMakeScratch/TryCompile-OliJfe/CMakeLists.txt:2 (project)
C/C++: This warning is for project developers.  Use -Wno-author or -Wno-deprecated
C/C++: to suppress it.
C/C++: CMake Warning (deprecated) at /data/data/com.termux/files/home/android-sdk/ndk/27.0.12077973/build/cmake/android-legacy.toolchain.cmake:36 (cmake_minimum_required):
C/C++:   Compatibility with CMake < 3.10 will be removed from a future version of
C/C++:   CMake.
C/C++:   Update the VERSION argument <min> value.  Or, use the <min>...<max> syntax
C/C++:   to tell CMake that the project requires at least <min> but has been updated
C/C++:   to work with policies introduced by <max> or earlier.
C/C++: Call Stack (most recent call first):
C/C++:   /data/data/com.termux/files/home/android-sdk/ndk/27.0.12077973/build/cmake/android.toolchain.cmake:56 (include)
C/C++:   /data/data/com.termux/files/home/HyperPS3/HyperPS3/app/.cxx/Debug/3k414k3d/arm64-v8a/CMakeFiles/4.4.0/CMakeSystem.cmake:6 (include)
C/C++:   /data/data/com.termux/files/home/HyperPS3/HyperPS3/app/.cxx/Debug/3k414k3d/arm64-v8a/CMakeFiles/CMakeScratch/TryCompile-OliJfe/CMakeLists.txt:2 (project)
C/C++: This warning is for project developers.  Use -Wno-author or -Wno-deprecated
C/C++: to suppress it.
C/C++: CMake Warning (deprecated) at /data/data/com.termux/files/home/android-sdk/ndk/27.0.12077973/build/cmake/android.toolchain.cmake:36 (cmake_minimum_required):
C/C++:   Compatibility with CMake < 3.10 will be removed from a future version of
C/C++:   CMake.
C/C++:   Update the VERSION argument <min> value.  Or, use the <min>...<max> syntax
C/C++:   to tell CMake that the project requires at least <min> but has been updated
C/C++:   to work with policies introduced by <max> or earlier.
C/C++: Call Stack (most recent call first):
C/C++:   /data/data/com.termux/files/home/HyperPS3/HyperPS3/app/.cxx/Debug/3k414k3d/arm64-v8a/CMakeFiles/4.4.0/CMakeSystem.cmake:6 (include)
C/C++:   /data/data/com.termux/files/home/HyperPS3/HyperPS3/app/.cxx/Debug/3k414k3d/arm64-v8a/CMakeFiles/CMakeScratch/TryCompile-Iw01OF/CMakeLists.txt:2 (project)
C/C++: This warning is for project developers.  Use -Wno-author or -Wno-deprecated
C/C++: to suppress it.
C/C++: CMake Warning (deprecated) at /data/data/com.termux/files/home/android-sdk/ndk/27.0.12077973/build/cmake/android-legacy.toolchain.cmake:36 (cmake_minimum_required):
C/C++:   Compatibility with CMake < 3.10 will be removed from a future version of
C/C++:   CMake.
C/C++:   Update the VERSION argument <min> value.  Or, use the <min>...<max> syntax
C/C++:   to tell CMake that the project requires at least <min> but has been updated
C/C++:   to work with policies introduced by <max> or earlier.
C/C++: Call Stack (most recent call first):
C/C++:   /data/data/com.termux/files/home/android-sdk/ndk/27.0.12077973/build/cmake/android.toolchain.cmake:56 (include)
C/C++:   /data/data/com.termux/files/home/HyperPS3/HyperPS3/app/.cxx/Debug/3k414k3d/arm64-v8a/CMakeFiles/4.4.0/CMakeSystem.cmake:6 (include)
C/C++:   /data/data/com.termux/files/home/HyperPS3/HyperPS3/app/.cxx/Debug/3k414k3d/arm64-v8a/CMakeFiles/CMakeScratch/TryCompile-Iw01OF/CMakeLists.txt:2 (project)
C/C++: This warning is for project developers.  Use -Wno-author or -Wno-deprecated
C/C++: to suppress it.
C/C++: CMake Error at /data/data/com.termux/files/usr/share/cmake-4.4/Modules/CMakeTestCCompiler.cmake:65 (message):
C/C++:   The C compiler
C/C++:     "/data/data/com.termux/files/home/android-sdk/ndk/27.0.12077973/toolchains/llvm/prebuilt/linux-aarch64/bin/clang"
C/C++:   is not able to compile a simple test program.
C/C++:   It fails with the following output:
C/C++:     Change Dir: '/data/data/com.termux/files/home/HyperPS3/HyperPS3/app/.cxx/Debug/3k414k3d/arm64-v8a/CMakeFiles/CMakeScratch/TryCompile-Iw01OF'
C/C++:     
C/C++:     Run Build Command(s): /data/data/com.termux/files/home/android-sdk/cmake/3.22.1/bin/ninja -v cmTC_af884
C/C++:     [1/2] /data/data/com.termux/files/home/android-sdk/ndk/27.0.12077973/toolchains/llvm/prebuilt/linux-aarch64/bin/clang --target=aarch64-none-linux-android28 --sysroot=/data/data/com.termux/files/home/android-sdk/ndk/27.0.12077973/toolchains/llvm/prebuilt/linux-aarch64/sysroot   -g -DANDROID -fdata-sections -ffunction-sections -funwind-tables -fstack-protector-strong -no-canonical-prefixes -D_FORTIFY_SOURCE=2 -Wformat -Werror=format-security   -fPIE -MD -MT CMakeFiles/cmTC_af884.dir/testCCompiler.c.o -MF CMakeFiles/cmTC_af884.dir/testCCompiler.c.o.d -o CMakeFiles/cmTC_af884.dir/testCCompiler.c.o -c /data/data/com.termux/files/home/HyperPS3/HyperPS3/app/.cxx/Debug/3k414k3d/arm64-v8a/CMakeFiles/CMakeScratch/TryCompile-Iw01OF/testCCompiler.c
C/C++:     [2/2] : && /data/data/com.termux/files/home/android-sdk/ndk/27.0.12077973/toolchains/llvm/prebuilt/linux-aarch64/bin/clang --target=aarch64-none-linux-android28 --sysroot=/data/data/com.termux/files/home/android-sdk/ndk/27.0.12077973/toolchains/llvm/prebuilt/linux-aarch64/sysroot -g -DANDROID -fdata-sections -ffunction-sections -funwind-tables -fstack-protector-strong -no-canonical-prefixes -D_FORTIFY_SOURCE=2 -Wformat -Werror=format-security -static-libstdc++ -Wl,--build-id=sha1 -Wl,--no-rosegment -Wl,--no-undefined-version -Wl,--fatal-warnings -Wl,--no-undefined -Qunused-arguments CMakeFiles/cmTC_af884.dir/testCCompiler.c.o -o cmTC_af884  -latomic -lm && :
C/C++:     FAILED: [code=1] cmTC_af884 
C/C++:     : && /data/data/com.termux/files/home/android-sdk/ndk/27.0.12077973/toolchains/llvm/prebuilt/linux-aarch64/bin/clang --target=aarch64-none-linux-android28 --sysroot=/data/data/com.termux/files/home/android-sdk/ndk/27.0.12077973/toolchains/llvm/prebuilt/linux-aarch64/sysroot -g -DANDROID -fdata-sections -ffunction-sections -funwind-tables -fstack-protector-strong -no-canonical-prefixes -D_FORTIFY_SOURCE=2 -Wformat -Werror=format-security -static-libstdc++ -Wl,--build-id=sha1 -Wl,--no-rosegment -Wl,--no-undefined-version -Wl,--fatal-warnings -Wl,--no-undefined -Qunused-arguments CMakeFiles/cmTC_af884.dir/testCCompiler.c.o -o cmTC_af884  -latomic -lm && :
C/C++:     ld.lld: error: unable to find library -latomic
C/C++:     ld.lld: error: unable to find library -l:libunwind.a
C/C++:     ld.lld: error: unable to find library -l:libunwind.a
C/C++:     clang: error: linker command failed with exit code 1 (use -v to see invocation)
C/C++:     ninja: build stopped: subcommand failed.
C/C++:     
C/C++:     
C/C++:   CMake will not be able to correctly generate this project.
C/C++: Call Stack (most recent call first):
C/C++:   CMakeLists.txt:2 (project)

> Task :app:configureCMakeDebug[arm64-v8a] FAILED
> Task :app:processDebugResources
> Task :app:mergeExtDexDebug

FAILURE: Build failed with an exception.

* What went wrong:
Execution failed for task ':app:configureCMakeDebug[arm64-v8a]'.
> [CXX1429] error when building with cmake using /data/data/com.termux/files/home/HyperPS3/HyperPS3/app/src/main/cpp/CMakeLists.txt: -- The C compiler identification is Clang 21.1.8
  -- The CXX compiler identification is Clang 21.1.8
  -- Detecting C compiler ABI info
  -- Detecting C compiler ABI info - failed
  -- Check for working C compiler: /data/data/com.termux/files/home/android-sdk/ndk/27.0.12077973/toolchains/llvm/prebuilt/linux-aarch64/bin/clang
  -- Check for working C compiler: /data/data/com.termux/files/home/android-sdk/ndk/27.0.12077973/toolchains/llvm/prebuilt/linux-aarch64/bin/clang - broken
  -- Configuring incomplete, errors occurred!
  
  C++ build system [configure] failed while executing:
      /data/data/com.termux/files/home/android-sdk/cmake/3.22.1/bin/cmake \
        -H/data/data/com.termux/files/home/HyperPS3/HyperPS3/app/src/main/cpp \
        -DCMAKE_SYSTEM_NAME=Android \
        -DCMAKE_EXPORT_COMPILE_COMMANDS=ON \
        -DCMAKE_SYSTEM_VERSION=28 \
        -DANDROID_PLATFORM=android-28 \
        -DANDROID_ABI=arm64-v8a \
        -DCMAKE_ANDROID_ARCH_ABI=arm64-v8a \
        -DANDROID_NDK=/data/data/com.termux/files/home/android-sdk/ndk/27.0.12077973 \
        -DCMAKE_ANDROID_NDK=/data/data/com.termux/files/home/android-sdk/ndk/27.0.12077973 \
        -DCMAKE_TOOLCHAIN_FILE=/data/data/com.termux/files/home/android-sdk/ndk/27.0.12077973/build/cmake/android.toolchain.cmake \
        -DCMAKE_MAKE_PROGRAM=/data/data/com.termux/files/home/android-sdk/cmake/3.22.1/bin/ninja \
        -DCMAKE_LIBRARY_OUTPUT_DIRECTORY=/data/data/com.termux/files/home/HyperPS3/HyperPS3/app/build/intermediates/cxx/Debug/3k414k3d/obj/arm64-v8a \
        -DCMAKE_RUNTIME_OUTPUT_DIRECTORY=/data/data/com.termux/files/home/HyperPS3/HyperPS3/app/build/intermediates/cxx/Debug/3k414k3d/obj/arm64-v8a \
        -DCMAKE_BUILD_TYPE=Debug \
        -B/data/data/com.termux/files/home/HyperPS3/HyperPS3/app/.cxx/Debug/3k414k3d/arm64-v8a \
        -GNinja
    from /data/data/com.termux/files/home/HyperPS3/HyperPS3/app
  CMake Warning (deprecated) at /data/data/com.termux/files/home/android-sdk/ndk/27.0.12077973/build/cmake/android.toolchain.cmake:36 (cmake_minimum_required):
    Compatibility with CMake < 3.10 will be removed from a future version of
    CMake.
  
    Update the VERSION argument <min> value.  Or, use the <min>...<max> syntax
    to tell CMake that the project requires at least <min> but has been updated
    to work with policies introduced by <max> or earlier.
  Call Stack (most recent call first):
    /data/data/com.termux/files/usr/share/cmake-4.4/Modules/CMakeDetermineSystem.cmake:152 (include)
    CMakeLists.txt:2 (project)
  This warning is for project developers.  Use -Wno-author or -Wno-deprecated
  to suppress it.
  
  CMake Warning (deprecated) at /data/data/com.termux/files/home/android-sdk/ndk/27.0.12077973/build/cmake/android-legacy.toolchain.cmake:36 (cmake_minimum_required):
    Compatibility with CMake < 3.10 will be removed from a future version of
    CMake.
  
    Update the VERSION argument <min> value.  Or, use the <min>...<max> syntax
    to tell CMake that the project requires at least <min> but has been updated
    to work with policies introduced by <max> or earlier.
  Call Stack (most recent call first):
    /data/data/com.termux/files/home/android-sdk/ndk/27.0.12077973/build/cmake/android.toolchain.cmake:56 (include)
    /data/data/com.termux/files/usr/share/cmake-4.4/Modules/CMakeDetermineSystem.cmake:152 (include)
    CMakeLists.txt:2 (project)
  This warning is for project developers.  Use -Wno-author or -Wno-deprecated
  to suppress it.
  
  CMake Warning (deprecated) at /data/data/com.termux/files/home/android-sdk/ndk/27.0.12077973/build/cmake/android.toolchain.cmake:36 (cmake_minimum_required):
    Compatibility with CMake < 3.10 will be removed from a future version of
    CMake.
  
    Update the VERSION argument <min> value.  Or, use the <min>...<max> syntax
    to tell CMake that the project requires at least <min> but has been updated
    to work with policies introduced by <max> or earlier.
  Call Stack (most recent call first):
    /data/data/com.termux/files/home/HyperPS3/HyperPS3/app/.cxx/Debug/3k414k3d/arm64-v8a/CMakeFiles/4.4.0/CMakeSystem.cmake:6 (include)
    CMakeLists.txt:2 (project)
  This warning is for project developers.  Use -Wno-author or -Wno-deprecated
  to suppress it.
  
  CMake Warning (deprecated) at /data/data/com.termux/files/home/android-sdk/ndk/27.0.12077973/build/cmake/android.toolchain.cmake:36 (cmake_minimum_required):
    Compatibility with CMake < 3.10 will be removed from a future version of
    CMake.
  
    Update the VERSION argument <min> value.  Or, use the <min>...<max> syntax
    to tell CMake that the project requires at least <min> but has been updated
    to work with policies introduced by <max> or earlier.
  Call Stack (most recent call first):
    /data/data/com.termux/files/home/HyperPS3/HyperPS3/app/.cxx/Debug/3k414k3d/arm64-v8a/CMakeFiles/4.4.0/CMakeSystem.cmake:6 (include)
    /data/data/com.termux/files/home/HyperPS3/HyperPS3/app/.cxx/Debug/3k414k3d/arm64-v8a/CMakeFiles/CMakeScratch/TryCompile-OliJfe/CMakeLists.txt:2 (project)
  This warning is for project developers.  Use -Wno-author or -Wno-deprecated
  to suppress it.
  
  CMake Warning (deprecated) at /data/data/com.termux/files/home/android-sdk/ndk/27.0.12077973/build/cmake/android-legacy.toolchain.cmake:36 (cmake_minimum_required):
    Compatibility with CMake < 3.10 will be removed from a future version of
    CMake.
  
    Update the VERSION argument <min> value.  Or, use the <min>...<max> syntax
    to tell CMake that the project requires at least <min> but has been updated
    to work with policies introduced by <max> or earlier.
  Call Stack (most recent call first):
    /data/data/com.termux/files/home/android-sdk/ndk/27.0.12077973/build/cmake/android.toolchain.cmake:56 (include)
    /data/data/com.termux/files/home/HyperPS3/HyperPS3/app/.cxx/Debug/3k414k3d/arm64-v8a/CMakeFiles/4.4.0/CMakeSystem.cmake:6 (include)
    /data/data/com.termux/files/home/HyperPS3/HyperPS3/app/.cxx/Debug/3k414k3d/arm64-v8a/CMakeFiles/CMakeScratch/TryCompile-OliJfe/CMakeLists.txt:2 (project)
  This warning is for project developers.  Use -Wno-author or -Wno-deprecated
  to suppress it.
  
  CMake Warning (deprecated) at /data/data/com.termux/files/home/android-sdk/ndk/27.0.12077973/build/cmake/android.toolchain.cmake:36 (cmake_minimum_required):
    Compatibility with CMake < 3.10 will be removed from a future version of
    CMake.
  
    Update the VERSION argument <min> value.  Or, use the <min>...<max> syntax
    to tell CMake that the project requires at least <min> but has been updated
    to work with policies introduced by <max> or earlier.
  Call Stack (most recent call first):
    /data/data/com.termux/files/home/HyperPS3/HyperPS3/app/.cxx/Debug/3k414k3d/arm64-v8a/CMakeFiles/4.4.0/CMakeSystem.cmake:6 (include)
    /data/data/com.termux/files/home/HyperPS3/HyperPS3/app/.cxx/Debug/3k414k3d/arm64-v8a/CMakeFiles/CMakeScratch/TryCompile-Iw01OF/CMakeLists.txt:2 (project)
  This warning is for project developers.  Use -Wno-author or -Wno-deprecated
  to suppress it.
  
  CMake Warning (deprecated) at /data/data/com.termux/files/home/android-sdk/ndk/27.0.12077973/build/cmake/android-legacy.toolchain.cmake:36 (cmake_minimum_required):
    Compatibility with CMake < 3.10 will be removed from a future version of
    CMake.
  
    Update the VERSION argument <min> value.  Or, use the <min>...<max> syntax
    to tell CMake that the project requires at least <min> but has been updated
    to work with policies introduced by <max> or earlier.
  Call Stack (most recent call first):
    /data/data/com.termux/files/home/android-sdk/ndk/27.0.12077973/build/cmake/android.toolchain.cmake:56 (include)
    /data/data/com.termux/files/home/HyperPS3/HyperPS3/app/.cxx/Debug/3k414k3d/arm64-v8a/CMakeFiles/4.4.0/CMakeSystem.cmake:6 (include)
    /data/data/com.termux/files/home/HyperPS3/HyperPS3/app/.cxx/Debug/3k414k3d/arm64-v8a/CMakeFiles/CMakeScratch/TryCompile-Iw01OF/CMakeLists.txt:2 (project)
  This warning is for project developers.  Use -Wno-author or -Wno-deprecated
  to suppress it.
  
  CMake Error at /data/data/com.termux/files/usr/share/cmake-4.4/Modules/CMakeTestCCompiler.cmake:65 (message):
    The C compiler
  
      "/data/data/com.termux/files/home/android-sdk/ndk/27.0.12077973/toolchains/llvm/prebuilt/linux-aarch64/bin/clang"
  
    is not able to compile a simple test program.
  
    It fails with the following output:
  
      Change Dir: '/data/data/com.termux/files/home/HyperPS3/HyperPS3/app/.cxx/Debug/3k414k3d/arm64-v8a/CMakeFiles/CMakeScratch/TryCompile-Iw01OF'
      
      Run Build Command(s): /data/data/com.termux/files/home/android-sdk/cmake/3.22.1/bin/ninja -v cmTC_af884
      [1/2] /data/data/com.termux/files/home/android-sdk/ndk/27.0.12077973/toolchains/llvm/prebuilt/linux-aarch64/bin/clang --target=aarch64-none-linux-android28 --sysroot=/data/data/com.termux/files/home/android-sdk/ndk/27.0.12077973/toolchains/llvm/prebuilt/linux-aarch64/sysroot   -g -DANDROID -fdata-sections -ffunction-sections -funwind-tables -fstack-protector-strong -no-canonical-prefixes -D_FORTIFY_SOURCE=2 -Wformat -Werror=format-security   -fPIE -MD -MT CMakeFiles/cmTC_af884.dir/testCCompiler.c.o -MF CMakeFiles/cmTC_af884.dir/testCCompiler.c.o.d -o CMakeFiles/cmTC_af884.dir/testCCompiler.c.o -c /data/data/com.termux/files/home/HyperPS3/HyperPS3/app/.cxx/Debug/3k414k3d/arm64-v8a/CMakeFiles/CMakeScratch/TryCompile-Iw01OF/testCCompiler.c
      [2/2] : && /data/data/com.termux/files/home/android-sdk/ndk/27.0.12077973/toolchains/llvm/prebuilt/linux-aarch64/bin/clang --target=aarch64-none-linux-android28 --sysroot=/data/data/com.termux/files/home/android-sdk/ndk/27.0.12077973/toolchains/llvm/prebuilt/linux-aarch64/sysroot -g -DANDROID -fdata-sections -ffunction-sections -funwind-tables -fstack-protector-strong -no-canonical-prefixes -D_FORTIFY_SOURCE=2 -Wformat -Werror=format-security -static-libstdc++ -Wl,--build-id=sha1 -Wl,--no-rosegment -Wl,--no-undefined-version -Wl,--fatal-warnings -Wl,--no-undefined -Qunused-arguments CMakeFiles/cmTC_af884.dir/testCCompiler.c.o -o cmTC_af884  -latomic -lm && :
      FAILED: [code=1] cmTC_af884 
      : && /data/data/com.termux/files/home/android-sdk/ndk/27.0.12077973/toolchains/llvm/prebuilt/linux-aarch64/bin/clang --target=aarch64-none-linux-android28 --sysroot=/data/data/com.termux/files/home/android-sdk/ndk/27.0.12077973/toolchains/llvm/prebuilt/linux-aarch64/sysroot -g -DANDROID -fdata-sections -ffunction-sections -funwind-tables -fstack-protector-strong -no-canonical-prefixes -D_FORTIFY_SOURCE=2 -Wformat -Werror=format-security -static-libstdc++ -Wl,--build-id=sha1 -Wl,--no-rosegment -Wl,--no-undefined-version -Wl,--fatal-warnings -Wl,--no-undefined -Qunused-arguments CMakeFiles/cmTC_af884.dir/testCCompiler.c.o -o cmTC_af884  -latomic -lm && :
      ld.lld: error: unable to find library -latomic
      ld.lld: error: unable to find library -l:libunwind.a
      ld.lld: error: unable to find library -l:libunwind.a
      clang: error: linker command failed with exit code 1 (use -v to see invocation)
      ninja: build stopped: subcommand failed.
      
      
  
  
  
    CMake will not be able to correctly generate this project.
  Call Stack (most recent call first):
    CMakeLists.txt:2 (project) : com.android.ide.common.process.ProcessException: -- The C compiler identification is Clang 21.1.8
  -- The CXX compiler identification is Clang 21.1.8
  -- Detecting C compiler ABI info
  -- Detecting C compiler ABI info - failed
  -- Check for working C compiler: /data/data/com.termux/files/home/android-sdk/ndk/27.0.12077973/toolchains/llvm/prebuilt/linux-aarch64/bin/clang
  -- Check for working C compiler: /data/data/com.termux/files/home/android-sdk/ndk/27.0.12077973/toolchains/llvm/prebuilt/linux-aarch64/bin/clang - broken
  -- Configuring incomplete, errors occurred!
  
  C++ build system [configure] failed while executing:
      /data/data/com.termux/files/home/android-sdk/cmake/3.22.1/bin/cmake \
        -H/data/data/com.termux/files/home/HyperPS3/HyperPS3/app/src/main/cpp \
        -DCMAKE_SYSTEM_NAME=Android \
        -DCMAKE_EXPORT_COMPILE_COMMANDS=ON \
        -DCMAKE_SYSTEM_VERSION=28 \
        -DANDROID_PLATFORM=android-28 \
        -DANDROID_ABI=arm64-v8a \
        -DCMAKE_ANDROID_ARCH_ABI=arm64-v8a \
        -DANDROID_NDK=/data/data/com.termux/files/home/android-sdk/ndk/27.0.12077973 \
        -DCMAKE_ANDROID_NDK=/data/data/com.termux/files/home/android-sdk/ndk/27.0.12077973 \
        -DCMAKE_TOOLCHAIN_FILE=/data/data/com.termux/files/home/android-sdk/ndk/27.0.12077973/build/cmake/android.toolchain.cmake \
        -DCMAKE_MAKE_PROGRAM=/data/data/com.termux/files/home/android-sdk/cmake/3.22.1/bin/ninja \
        -DCMAKE_LIBRARY_OUTPUT_DIRECTORY=/data/data/com.termux/files/home/HyperPS3/HyperPS3/app/build/intermediates/cxx/Debug/3k414k3d/obj/arm64-v8a \
        -DCMAKE_RUNTIME_OUTPUT_DIRECTORY=/data/data/com.termux/files/home/HyperPS3/HyperPS3/app/build/intermediates/cxx/Debug/3k414k3d/obj/arm64-v8a \
        -DCMAKE_BUILD_TYPE=Debug \
        -B/data/data/com.termux/files/home/HyperPS3/HyperPS3/app/.cxx/Debug/3k414k3d/arm64-v8a \
        -GNinja
    from /data/data/com.termux/files/home/HyperPS3/HyperPS3/app
  CMake Warning (deprecated) at /data/data/com.termux/files/home/android-sdk/ndk/27.0.12077973/build/cmake/android.toolchain.cmake:36 (cmake_minimum_required):
    Compatibility with CMake < 3.10 will be removed from a future version of
    CMake.
  
    Update the VERSION argument <min> value.  Or, use the <min>...<max> syntax
    to tell CMake that the project requires at least <min> but has been updated
    to work with policies introduced by <max> or earlier.
  Call Stack (most recent call first):
    /data/data/com.termux/files/usr/share/cmake-4.4/Modules/CMakeDetermineSystem.cmake:152 (include)
    CMakeLists.txt:2 (project)
  This warning is for project developers.  Use -Wno-author or -Wno-deprecated
  to suppress it.
  
  CMake Warning (deprecated) at /data/data/com.termux/files/home/android-sdk/ndk/27.0.12077973/build/cmake/android-legacy.toolchain.cmake:36 (cmake_minimum_required):
    Compatibility with CMake < 3.10 will be removed from a future version of
    CMake.
  
    Update the VERSION argument <min> value.  Or, use the <min>...<max> syntax
    to tell CMake that the project requires at least <min> but has been updated
    to work with policies introduced by <max> or earlier.
  Call Stack (most recent call first):
    /data/data/com.termux/files/home/android-sdk/ndk/27.0.12077973/build/cmake/android.toolchain.cmake:56 (include)
    /data/data/com.termux/files/usr/share/cmake-4.4/Modules/CMakeDetermineSystem.cmake:152 (include)
    CMakeLists.txt:2 (project)
  This warning is for project developers.  Use -Wno-author or -Wno-deprecated
  to suppress it.
  
  CMake Warning (deprecated) at /data/data/com.termux/files/home/android-sdk/ndk/27.0.12077973/build/cmake/android.toolchain.cmake:36 (cmake_minimum_required):
    Compatibility with CMake < 3.10 will be removed from a future version of
    CMake.
  
    Update the VERSION argument <min> value.  Or, use the <min>...<max> syntax
    to tell CMake that the project requires at least <min> but has been updated
    to work with policies introduced by <max> or earlier.
  Call Stack (most recent call first):
    /data/data/com.termux/files/home/HyperPS3/HyperPS3/app/.cxx/Debug/3k414k3d/arm64-v8a/CMakeFiles/4.4.0/CMakeSystem.cmake:6 (include)
    CMakeLists.txt:2 (project)
  This warning is for project developers.  Use -Wno-author or -Wno-deprecated
  to suppress it.
  
  CMake Warning (deprecated) at /data/data/com.termux/files/home/android-sdk/ndk/27.0.12077973/build/cmake/android.toolchain.cmake:36 (cmake_minimum_required):
    Compatibility with CMake < 3.10 will be removed from a future version of
    CMake.
  
    Update the VERSION argument <min> value.  Or, use the <min>...<max> syntax
    to tell CMake that the project requires at least <min> but has been updated
    to work with policies introduced by <max> or earlier.
  Call Stack (most recent call first):
    /data/data/com.termux/files/home/HyperPS3/HyperPS3/app/.cxx/Debug/3k414k3d/arm64-v8a/CMakeFiles/4.4.0/CMakeSystem.cmake:6 (include)
    /data/data/com.termux/files/home/HyperPS3/HyperPS3/app/.cxx/Debug/3k414k3d/arm64-v8a/CMakeFiles/CMakeScratch/TryCompile-OliJfe/CMakeLists.txt:2 (project)
  This warning is for project developers.  Use -Wno-author or -Wno-deprecated
  to suppress it.
  
  CMake Warning (deprecated) at /data/data/com.termux/files/home/android-sdk/ndk/27.0.12077973/build/cmake/android-legacy.toolchain.cmake:36 (cmake_minimum_required):
    Compatibility with CMake < 3.10 will be removed from a future version of
    CMake.
  
    Update the VERSION argument <min> value.  Or, use the <min>...<max> syntax
    to tell CMake that the project requires at least <min> but has been updated
    to work with policies introduced by <max> or earlier.
  Call Stack (most recent call first):
    /data/data/com.termux/files/home/android-sdk/ndk/27.0.12077973/build/cmake/android.toolchain.cmake:56 (include)
    /data/data/com.termux/files/home/HyperPS3/HyperPS3/app/.cxx/Debug/3k414k3d/arm64-v8a/CMakeFiles/4.4.0/CMakeSystem.cmake:6 (include)
    /data/data/com.termux/files/home/HyperPS3/HyperPS3/app/.cxx/Debug/3k414k3d/arm64-v8a/CMakeFiles/CMakeScratch/TryCompile-OliJfe/CMakeLists.txt:2 (project)
  This warning is for project developers.  Use -Wno-author or -Wno-deprecated
  to suppress it.
  
  CMake Warning (deprecated) at /data/data/com.termux/files/home/android-sdk/ndk/27.0.12077973/build/cmake/android.toolchain.cmake:36 (cmake_minimum_required):
    Compatibility with CMake < 3.10 will be removed from a future version of
    CMake.
  
    Update the VERSION argument <min> value.  Or, use the <min>...<max> syntax
    to tell CMake that the project requires at least <min> but has been updated
    to work with policies introduced by <max> or earlier.
  Call Stack (most recent call first):
    /data/data/com.termux/files/home/HyperPS3/HyperPS3/app/.cxx/Debug/3k414k3d/arm64-v8a/CMakeFiles/4.4.0/CMakeSystem.cmake:6 (include)
    /data/data/com.termux/files/home/HyperPS3/HyperPS3/app/.cxx/Debug/3k414k3d/arm64-v8a/CMakeFiles/CMakeScratch/TryCompile-Iw01OF/CMakeLists.txt:2 (project)
  This warning is for project developers.  Use -Wno-author or -Wno-deprecated
  to suppress it.
  
  CMake Warning (deprecated) at /data/data/com.termux/files/home/android-sdk/ndk/27.0.12077973/build/cmake/android-legacy.toolchain.cmake:36 (cmake_minimum_required):
    Compatibility with CMake < 3.10 will be removed from a future version of
    CMake.
  
    Update the VERSION argument <min> value.  Or, use the <min>...<max> syntax
    to tell CMake that the project requires at least <min> but has been updated
    to work with policies introduced by <max> or earlier.
  Call Stack (most recent call first):
    /data/data/com.termux/files/home/android-sdk/ndk/27.0.12077973/build/cmake/android.toolchain.cmake:56 (include)
    /data/data/com.termux/files/home/HyperPS3/HyperPS3/app/.cxx/Debug/3k414k3d/arm64-v8a/CMakeFiles/4.4.0/CMakeSystem.cmake:6 (include)
    /data/data/com.termux/files/home/HyperPS3/HyperPS3/app/.cxx/Debug/3k414k3d/arm64-v8a/CMakeFiles/CMakeScratch/TryCompile-Iw01OF/CMakeLists.txt:2 (project)
  This warning is for project developers.  Use -Wno-author or -Wno-deprecated
  to suppress it.
  
  CMake Error at /data/data/com.termux/files/usr/share/cmake-4.4/Modules/CMakeTestCCompiler.cmake:65 (message):
    The C compiler
  
      "/data/data/com.termux/files/home/android-sdk/ndk/27.0.12077973/toolchains/llvm/prebuilt/linux-aarch64/bin/clang"
  
    is not able to compile a simple test program.
  
    It fails with the following output:
  
      Change Dir: '/data/data/com.termux/files/home/HyperPS3/HyperPS3/app/.cxx/Debug/3k414k3d/arm64-v8a/CMakeFiles/CMakeScratch/TryCompile-Iw01OF'
      
      Run Build Command(s): /data/data/com.termux/files/home/android-sdk/cmake/3.22.1/bin/ninja -v cmTC_af884
      [1/2] /data/data/com.termux/files/home/android-sdk/ndk/27.0.12077973/toolchains/llvm/prebuilt/linux-aarch64/bin/clang --target=aarch64-none-linux-android28 --sysroot=/data/data/com.termux/files/home/android-sdk/ndk/27.0.12077973/toolchains/llvm/prebuilt/linux-aarch64/sysroot   -g -DANDROID -fdata-sections -ffunction-sections -funwind-tables -fstack-protector-strong -no-canonical-prefixes -D_FORTIFY_SOURCE=2 -Wformat -Werror=format-security   -fPIE -MD -MT CMakeFiles/cmTC_af884.dir/testCCompiler.c.o -MF CMakeFiles/cmTC_af884.dir/testCCompiler.c.o.d -o CMakeFiles/cmTC_af884.dir/testCCompiler.c.o -c /data/data/com.termux/files/home/HyperPS3/HyperPS3/app/.cxx/Debug/3k414k3d/arm64-v8a/CMakeFiles/CMakeScratch/TryCompile-Iw01OF/testCCompiler.c
      [2/2] : && /data/data/com.termux/files/home/android-sdk/ndk/27.0.12077973/toolchains/llvm/prebuilt/linux-aarch64/bin/clang --target=aarch64-none-linux-android28 --sysroot=/data/data/com.termux/files/home/android-sdk/ndk/27.0.12077973/toolchains/llvm/prebuilt/linux-aarch64/sysroot -g -DANDROID -fdata-sections -ffunction-sections -funwind-tables -fstack-protector-strong -no-canonical-prefixes -D_FORTIFY_SOURCE=2 -Wformat -Werror=format-security -static-libstdc++ -Wl,--build-id=sha1 -Wl,--no-rosegment -Wl,--no-undefined-version -Wl,--fatal-warnings -Wl,--no-undefined -Qunused-arguments CMakeFiles/cmTC_af884.dir/testCCompiler.c.o -o cmTC_af884  -latomic -lm && :
      FAILED: [code=1] cmTC_af884 
      : && /data/data/com.termux/files/home/android-sdk/ndk/27.0.12077973/toolchains/llvm/prebuilt/linux-aarch64/bin/clang --target=aarch64-none-linux-android28 --sysroot=/data/data/com.termux/files/home/android-sdk/ndk/27.0.12077973/toolchains/llvm/prebuilt/linux-aarch64/sysroot -g -DANDROID -fdata-sections -ffunction-sections -funwind-tables -fstack-protector-strong -no-canonical-prefixes -D_FORTIFY_SOURCE=2 -Wformat -Werror=format-security -static-libstdc++ -Wl,--build-id=sha1 -Wl,--no-rosegment -Wl,--no-undefined-version -Wl,--fatal-warnings -Wl,--no-undefined -Qunused-arguments CMakeFiles/cmTC_af884.dir/testCCompiler.c.o -o cmTC_af884  -latomic -lm && :
      ld.lld: error: unable to find library -latomic
      ld.lld: error: unable to find library -l:libunwind.a
      ld.lld: error: unable to find library -l:libunwind.a
      clang: error: linker command failed with exit code 1 (use -v to see invocation)
      ninja: build stopped: subcommand failed.
      
      
  
  
  
    CMake will not be able to correctly generate this project.
  Call Stack (most recent call first):
    CMakeLists.txt:2 (project)
  	at com.android.build.gradle.internal.cxx.process.ExecuteProcessKt.execute(ExecuteProcess.kt:288)
  	at com.android.build.gradle.internal.cxx.process.ExecuteProcessKt$executeProcess$1.invoke(ExecuteProcess.kt:108)
  	at com.android.build.gradle.internal.cxx.process.ExecuteProcessKt$executeProcess$1.invoke(ExecuteProcess.kt:106)
  	at com.android.build.gradle.internal.cxx.timing.TimingEnvironmentKt.time(TimingEnvironment.kt:32)
  	at com.android.build.gradle.internal.cxx.process.ExecuteProcessKt.executeProcess(ExecuteProcess.kt:106)
  	at com.android.build.gradle.internal.cxx.process.ExecuteProcessKt.executeProcess$default(ExecuteProcess.kt:85)
  	at com.android.build.gradle.tasks.CmakeQueryMetadataGenerator.executeProcess(CmakeFileApiMetadataGenerator.kt:59)
  	at com.android.build.gradle.tasks.ExternalNativeJsonGenerator$configureOneAbi$1$1$3.invoke(ExternalNativeJsonGenerator.kt:247)
  	at com.android.build.gradle.tasks.ExternalNativeJsonGenerator$configureOneAbi$1$1$3.invoke(ExternalNativeJsonGenerator.kt:247)
  	at com.android.build.gradle.internal.cxx.timing.TimingEnvironmentKt.time(TimingEnvironment.kt:32)
  	at com.android.build.gradle.tasks.ExternalNativeJsonGenerator.configureOneAbi(ExternalNativeJsonGenerator.kt:247)
  	at com.android.build.gradle.tasks.ExternalNativeJsonGenerator.configure(ExternalNativeJsonGenerator.kt:113)
  	at com.android.build.gradle.tasks.ExternalNativeBuildJsonTask.doTaskAction(ExternalNativeBuildJsonTask.kt:89)
  	at com.android.build.gradle.internal.tasks.UnsafeOutputsTask$taskAction$$inlined$recordTaskAction$1.invoke(BaseTask.kt:59)
  	at com.android.build.gradle.internal.tasks.Blocks.recordSpan(Blocks.java:51)
  	at com.android.build.gradle.internal.tasks.UnsafeOutputsTask.taskAction(UnsafeOutputsTask.kt:81)
  	at java.base/jdk.internal.reflect.DirectMethodHandleAccessor.invoke(DirectMethodHandleAccessor.java:103)
  	at java.base/java.lang.reflect.Method.invoke(Method.java:580)
  	at org.gradle.internal.reflect.JavaMethod.invoke(JavaMethod.java:125)
  	at org.gradle.api.internal.project.taskfactory.StandardTaskAction.doExecute(StandardTaskAction.java:58)
  	at org.gradle.api.internal.project.taskfactory.StandardTaskAction.execute(StandardTaskAction.java:51)
  	at org.gradle.api.internal.project.taskfactory.StandardTaskAction.execute(StandardTaskAction.java:29)
  	at org.gradle.api.internal.tasks.execution.TaskExecution$3.run(TaskExecution.java:244)
  	at org.gradle.internal.operations.DefaultBuildOperationRunner$1.execute(DefaultBuildOperationRunner.java:29)
  	at org.gradle.internal.operations.DefaultBuildOperationRunner$1.execute(DefaultBuildOperationRunner.java:26)
  	at org.gradle.internal.operations.DefaultBuildOperationRunner$2.execute(DefaultBuildOperationRunner.java:66)
  	at org.gradle.internal.operations.DefaultBuildOperationRunner$2.execute(DefaultBuildOperationRunner.java:59)
  	at org.gradle.internal.operations.DefaultBuildOperationRunner.execute(DefaultBuildOperationRunner.java:166)
  	at org.gradle.internal.operations.DefaultBuildOperationRunner.execute(DefaultBuildOperationRunner.java:59)
  	at org.gradle.internal.operations.DefaultBuildOperationRunner.run(DefaultBuildOperationRunner.java:47)
  	at org.gradle.api.internal.tasks.execution.TaskExecution.executeAction(TaskExecution.java:229)
  	at org.gradle.api.internal.tasks.execution.TaskExecution.executeActions(TaskExecution.java:212)
  	at org.gradle.api.internal.tasks.execution.TaskExecution.executeWithPreviousOutputFiles(TaskExecution.java:195)
  	at org.gradle.api.internal.tasks.execution.TaskExecution.execute(TaskExecution.java:162)
  	at org.gradle.internal.execution.steps.ExecuteStep.executeInternal(ExecuteStep.java:105)
  	at org.gradle.internal.execution.steps.ExecuteStep.access$000(ExecuteStep.java:44)
  	at org.gradle.internal.execution.steps.ExecuteStep$1.call(ExecuteStep.java:59)
  	at org.gradle.internal.execution.steps.ExecuteStep$1.call(ExecuteStep.java:56)
  	at org.gradle.internal.operations.DefaultBuildOperationRunner$CallableBuildOperationWorker.execute(DefaultBuildOperationRunner.java:209)
  	at org.gradle.internal.operations.DefaultBuildOperationRunner$CallableBuildOperationWorker.execute(DefaultBuildOperationRunner.java:204)
  	at org.gradle.internal.operations.DefaultBuildOperationRunner$2.execute(DefaultBuildOperationRunner.java:66)
  	at org.gradle.internal.operations.DefaultBuildOperationRunner$2.execute(DefaultBuildOperationRunner.java:59)
  	at org.gradle.internal.operations.DefaultBuildOperationRunner.execute(DefaultBuildOperationRunner.java:166)
  	at org.gradle.internal.operations.DefaultBuildOperationRunner.execute(DefaultBuildOperationRunner.java:59)
  	at org.gradle.internal.operations.DefaultBuildOperationRunner.call(DefaultBuildOperationRunner.java:53)
  	at org.gradle.internal.execution.steps.ExecuteStep.execute(ExecuteStep.java:56)
  	at org.gradle.internal.execution.steps.ExecuteStep.execute(ExecuteStep.java:44)
  	at org.gradle.internal.execution.steps.CancelExecutionStep.execute(CancelExecutionStep.java:42)
  	at org.gradle.internal.execution.steps.TimeoutStep.executeWithoutTimeout(TimeoutStep.java:75)
  	at org.gradle.internal.execution.steps.TimeoutStep.execute(TimeoutStep.java:55)
  	at org.gradle.internal.execution.steps.PreCreateOutputParentsStep.execute(PreCreateOutputParentsStep.java:50)
  	at org.gradle.internal.execution.steps.PreCreateOutputParentsStep.execute(PreCreateOutputParentsStep.java:28)
  	at org.gradle.internal.execution.steps.RemovePreviousOutputsStep.execute(RemovePreviousOutputsStep.java:67)
  	at org.gradle.internal.execution.steps.RemovePreviousOutputsStep.execute(RemovePreviousOutputsStep.java:37)
  	at org.gradle.internal.execution.steps.BroadcastChangingOutputsStep.execute(BroadcastChangingOutputsStep.java:61)
  	at org.gradle.internal.execution.steps.BroadcastChangingOutputsStep.execute(BroadcastChangingOutputsStep.java:26)
  	at org.gradle.internal.execution.steps.CaptureOutputsAfterExecutionStep.execute(CaptureOutputsAfterExecutionStep.java:69)
  	at org.gradle.internal.execution.steps.CaptureOutputsAfterExecutionStep.execute(CaptureOutputsAfterExecutionStep.java:46)
  	at org.gradle.internal.execution.steps.ResolveInputChangesStep.execute(ResolveInputChangesStep.java:40)
  	at org.gradle.internal.execution.steps.ResolveInputChangesStep.execute(ResolveInputChangesStep.java:29)
  	at org.gradle.internal.execution.steps.BuildCacheStep.executeWithoutCache(BuildCacheStep.java:189)
  	at org.gradle.internal.execution.steps.BuildCacheStep.lambda$execute$1(BuildCacheStep.java:75)
  	at org.gradle.internal.Either$Right.fold(Either.java:175)
  	at org.gradle.internal.execution.caching.CachingState.fold(CachingState.java:62)
  	at org.gradle.internal.execution.steps.BuildCacheStep.execute(BuildCacheStep.java:73)
  	at org.gradle.internal.execution.steps.BuildCacheStep.execute(BuildCacheStep.java:48)
  	at org.gradle.internal.execution.steps.StoreExecutionStateStep.execute(StoreExecutionStateStep.java:46)
  	at org.gradle.internal.execution.steps.StoreExecutionStateStep.execute(StoreExecutionStateStep.java:35)
  	at org.gradle.internal.execution.steps.SkipUpToDateStep.executeBecause(SkipUpToDateStep.java:75)
  	at org.gradle.internal.execution.steps.SkipUpToDateStep.lambda$execute$2(SkipUpToDateStep.java:53)
  	at java.base/java.util.Optional.orElseGet(Optional.java:364)
  	at org.gradle.internal.execution.steps.SkipUpToDateStep.execute(SkipUpToDateStep.java:53)
  	at org.gradle.internal.execution.steps.SkipUpToDateStep.execute(SkipUpToDateStep.java:35)
  	at org.gradle.internal.execution.steps.legacy.MarkSnapshottingInputsFinishedStep.execute(MarkSnapshottingInputsFinishedStep.java:37)
  	at org.gradle.internal.execution.steps.legacy.MarkSnapshottingInputsFinishedStep.execute(MarkSnapshottingInputsFinishedStep.java:27)
  	at org.gradle.internal.execution.steps.ResolveIncrementalCachingStateStep.executeDelegate(ResolveIncrementalCachingStateStep.java:49)
  	at org.gradle.internal.execution.steps.ResolveIncrementalCachingStateStep.executeDelegate(ResolveIncrementalCachingStateStep.java:27)
  	at org.gradle.internal.execution.steps.AbstractResolveCachingStateStep.execute(AbstractResolveCachingStateStep.java:71)
  	at org.gradle.internal.execution.steps.AbstractResolveCachingStateStep.execute(AbstractResolveCachingStateStep.java:39)
  	at org.gradle.internal.execution.steps.ResolveChangesStep.execute(ResolveChangesStep.java:65)
  	at org.gradle.internal.execution.steps.ResolveChangesStep.execute(ResolveChangesStep.java:36)
  	at org.gradle.internal.execution.steps.ValidateStep.execute(ValidateStep.java:107)
  	at org.gradle.internal.execution.steps.ValidateStep.execute(ValidateStep.java:56)
  	at org.gradle.internal.execution.steps.AbstractCaptureStateBeforeExecutionStep.execute(AbstractCaptureStateBeforeExecutionStep.java:64)
  	at org.gradle.internal.execution.steps.AbstractCaptureStateBeforeExecutionStep.execute(AbstractCaptureStateBeforeExecutionStep.java:43)
  	at org.gradle.internal.execution.steps.AbstractSkipEmptyWorkStep.executeWithNonEmptySources(AbstractSkipEmptyWorkStep.java:125)
  	at org.gradle.internal.execution.steps.AbstractSkipEmptyWorkStep.execute(AbstractSkipEmptyWorkStep.java:56)
  	at org.gradle.internal.execution.steps.AbstractSkipEmptyWorkStep.execute(AbstractSkipEmptyWorkStep.java:36)
  	at org.gradle.internal.execution.steps.legacy.MarkSnapshottingInputsStartedStep.execute(MarkSnapshottingInputsStartedStep.java:38)
  	at org.gradle.internal.execution.steps.LoadPreviousExecutionStateStep.execute(LoadPreviousExecutionStateStep.java:36)
  	at org.gradle.internal.execution.steps.LoadPreviousExecutionStateStep.execute(LoadPreviousExecutionStateStep.java:23)
  	at org.gradle.internal.execution.steps.HandleStaleOutputsStep.execute(HandleStaleOutputsStep.java:75)
  	at org.gradle.internal.execution.steps.HandleStaleOutputsStep.execute(HandleStaleOutputsStep.java:41)
  	at org.gradle.internal.execution.steps.AssignMutableWorkspaceStep.lambda$execute$0(AssignMutableWorkspaceStep.java:35)
  	at org.gradle.api.internal.tasks.execution.TaskExecution$4.withWorkspace(TaskExecution.java:289)
  	at org.gradle.internal.execution.steps.AssignMutableWorkspaceStep.execute(AssignMutableWorkspaceStep.java:31)
  	at org.gradle.internal.execution.steps.AssignMutableWorkspaceStep.execute(AssignMutableWorkspaceStep.java:22)
  	at org.gradle.internal.execution.steps.ChoosePipelineStep.execute(ChoosePipelineStep.java:40)
  	at org.gradle.internal.execution.steps.ChoosePipelineStep.execute(ChoosePipelineStep.java:23)
  	at org.gradle.internal.execution.steps.ExecuteWorkBuildOperationFiringStep.lambda$execute$2(ExecuteWorkBuildOperationFiringStep.java:67)
  	at java.base/java.util.Optional.orElseGet(Optional.java:364)
  	at org.gradle.internal.execution.steps.ExecuteWorkBuildOperationFiringStep.execute(ExecuteWorkBuildOperationFiringStep.java:67)
  	at org.gradle.internal.execution.steps.ExecuteWorkBuildOperationFiringStep.execute(ExecuteWorkBuildOperationFiringStep.java:39)
  	at org.gradle.internal.execution.steps.IdentityCacheStep.execute(IdentityCacheStep.java:46)
  	at org.gradle.internal.execution.steps.IdentityCacheStep.execute(IdentityCacheStep.java:34)
  	at org.gradle.internal.execution.steps.IdentifyStep.execute(IdentifyStep.java:48)
  	at org.gradle.internal.execution.steps.IdentifyStep.execute(IdentifyStep.java:35)
  	at org.gradle.internal.execution.impl.DefaultExecutionEngine$1.execute(DefaultExecutionEngine.java:61)
  	at org.gradle.api.internal.tasks.execution.ExecuteActionsTaskExecuter.executeIfValid(ExecuteActionsTaskExecuter.java:127)
  	at org.gradle.api.internal.tasks.execution.ExecuteActionsTaskExecuter.execute(ExecuteActionsTaskExecuter.java:116)
  	at org.gradle.api.internal.tasks.execution.FinalizePropertiesTaskExecuter.execute(FinalizePropertiesTaskExecuter.java:46)
  	at org.gradle.api.internal.tasks.execution.ResolveTaskExecutionModeExecuter.execute(ResolveTaskExecutionModeExecuter.java:51)
  	at org.gradle.api.internal.tasks.execution.SkipTaskWithNoActionsExecuter.execute(SkipTaskWithNoActionsExecuter.java:57)
  	at org.gradle.api.internal.tasks.execution.SkipOnlyIfTaskExecuter.execute(SkipOnlyIfTaskExecuter.java:74)
  	at org.gradle.api.internal.tasks.execution.CatchExceptionTaskExecuter.execute(CatchExceptionTaskExecuter.java:36)
  	at org.gradle.api.internal.tasks.execution.EventFiringTaskExecuter$1.executeTask(EventFiringTaskExecuter.java:77)
  	at org.gradle.api.internal.tasks.execution.EventFiringTaskExecuter$1.call(EventFiringTaskExecuter.java:55)
  	at org.gradle.api.internal.tasks.execution.EventFiringTaskExecuter$1.call(EventFiringTaskExecuter.java:52)
  	at org.gradle.internal.operations.DefaultBuildOperationRunner$CallableBuildOperationWorker.execute(DefaultBuildOperationRunner.java:209)
  	at org.gradle.internal.operations.DefaultBuildOperationRunner$CallableBuildOperationWorker.execute(DefaultBuildOperationRunner.java:204)
  	at org.gradle.internal.operations.DefaultBuildOperationRunner$2.execute(DefaultBuildOperationRunner.java:66)
  	at org.gradle.internal.operations.DefaultBuildOperationRunner$2.execute(DefaultBuildOperationRunner.java:59)
  	at org.gradle.internal.operations.DefaultBuildOperationRunner.execute(DefaultBuildOperationRunner.java:166)
  	at org.gradle.internal.operations.DefaultBuildOperationRunner.execute(DefaultBuildOperationRunner.java:59)
  	at org.gradle.internal.operations.DefaultBuildOperationRunner.call(DefaultBuildOperationRunner.java:53)
  	at org.gradle.api.internal.tasks.execution.EventFiringTaskExecuter.execute(EventFiringTaskExecuter.java:52)
  	at org.gradle.execution.plan.LocalTaskNodeExecutor.execute(LocalTaskNodeExecutor.java:42)
  	at org.gradle.execution.taskgraph.DefaultTaskExecutionGraph$InvokeNodeExecutorsAction.execute(DefaultTaskExecutionGraph.java:331)
  	at org.gradle.execution.taskgraph.DefaultTaskExecutionGraph$InvokeNodeExecutorsAction.execute(DefaultTaskExecutionGraph.java:318)
  	at org.gradle.execution.taskgraph.DefaultTaskExecutionGraph$BuildOperationAwareExecutionAction.lambda$execute$0(DefaultTaskExecutionGraph.java:314)
  	at org.gradle.internal.operations.CurrentBuildOperationRef.with(CurrentBuildOperationRef.java:85)
  	at org.gradle.execution.taskgraph.DefaultTaskExecutionGraph$BuildOperationAwareExecutionAction.execute(DefaultTaskExecutionGraph.java:314)
  	at org.gradle.execution.taskgraph.DefaultTaskExecutionGraph$BuildOperationAwareExecutionAction.execute(DefaultTaskExecutionGraph.java:303)
  	at org.gradle.execution.plan.DefaultPlanExecutor$ExecutorWorker.execute(DefaultPlanExecutor.java:459)
  	at org.gradle.execution.plan.DefaultPlanExecutor$ExecutorWorker.run(DefaultPlanExecutor.java:376)
  	at org.gradle.internal.concurrent.ExecutorPolicy$CatchAndRecordFailures.onExecute(ExecutorPolicy.java:64)
  	at org.gradle.internal.concurrent.AbstractManagedExecutor$1.run(AbstractManagedExecutor.java:48)
  	at java.base/java.util.concurrent.ThreadPoolExecutor.runWorker(ThreadPoolExecutor.java:1144)
  	at java.base/java.util.concurrent.ThreadPoolExecutor$Worker.run(ThreadPoolExecutor.java:642)
  	at java.base/java.lang.Thread.run(Thread.java:1583)
  Caused by: com.android.ide.common.process.ProcessException: Error while executing process /data/data/com.termux/files/home/android-sdk/cmake/3.22.1/bin/cmake with arguments {-H/data/data/com.termux/files/home/HyperPS3/HyperPS3/app/src/main/cpp -DCMAKE_SYSTEM_NAME=Android -DCMAKE_EXPORT_COMPILE_COMMANDS=ON -DCMAKE_SYSTEM_VERSION=28 -DANDROID_PLATFORM=android-28 -DANDROID_ABI=arm64-v8a -DCMAKE_ANDROID_ARCH_ABI=arm64-v8a -DANDROID_NDK=/data/data/com.termux/files/home/android-sdk/ndk/27.0.12077973 -DCMAKE_ANDROID_NDK=/data/data/com.termux/files/home/android-sdk/ndk/27.0.12077973 -DCMAKE_TOOLCHAIN_FILE=/data/data/com.termux/files/home/android-sdk/ndk/27.0.12077973/build/cmake/android.toolchain.cmake -DCMAKE_MAKE_PROGRAM=/data/data/com.termux/files/home/android-sdk/cmake/3.22.1/bin/ninja -DCMAKE_LIBRARY_OUTPUT_DIRECTORY=/data/data/com.termux/files/home/HyperPS3/HyperPS3/app/build/intermediates/cxx/Debug/3k414k3d/obj/arm64-v8a -DCMAKE_RUNTIME_OUTPUT_DIRECTORY=/data/data/com.termux/files/home/HyperPS3/HyperPS3/app/build/intermediates/cxx/Debug/3k414k3d/obj/arm64-v8a -DCMAKE_BUILD_TYPE=Debug -B/data/data/com.termux/files/home/HyperPS3/HyperPS3/app/.cxx/Debug/3k414k3d/arm64-v8a -GNinja}
  	at com.android.build.gradle.internal.process.GradleProcessResult.buildProcessException(GradleProcessResult.java:73)
  	at com.android.build.gradle.internal.process.GradleProcessResult.assertNormalExitValue(GradleProcessResult.java:48)
  	at com.android.build.gradle.internal.cxx.process.ExecuteProcessKt.execute(ExecuteProcess.kt:277)
  	... 139 more
  Caused by: org.gradle.process.internal.ExecException: Process 'command '/data/data/com.termux/files/home/android-sdk/cmake/3.22.1/bin/cmake'' finished with non-zero exit value 1
  	at org.gradle.process.internal.DefaultExecHandle$ExecResultImpl.assertNormalExitValue(DefaultExecHandle.java:442)
  	at com.android.build.gradle.internal.process.GradleProcessResult.assertNormalExitValue(GradleProcessResult.java:46)
  	... 140 more


* Try:
> Run with --stacktrace option to get the stack trace.
> Run with --info or --debug option to get more log output.
> Run with --scan to get full insights.
> Get more help at https://help.gradle.org.

BUILD FAILED in 24s
23 actionable tasks: 23 executed
