Initialized native services in: /data/data/com.termux/files/home/.gradle/native
Received JVM installation metadata from '/data/data/com.termux/files/usr/lib/jvm/java-21-openjdk': {JAVA_HOME=/data/data/com.termux/files/usr/lib/jvm/java-21-openjdk, JAVA_VERSION=21.0.12, JAVA_VENDOR=Termux, RUNTIME_NAME=OpenJDK Runtime Environment, RUNTIME_VERSION=21.0.12, VM_NAME=OpenJDK 64-Bit Server VM, VM_VERSION=21.0.12, VM_VENDOR=Termux, OS_ARCH=aarch64}
The client will now receive all logging from the daemon (pid: 31683). The daemon log file: /data/data/com.termux/files/home/.gradle/daemon/8.10.2/daemon-31683.out.log
Starting 5th build in daemon [uptime: 4 mins 56.31 secs, performance: 99%, GC rate: 0.00/s, heap usage: 0% of 2 GiB]
Using 7 worker leases.
Watching the file system is configured to be enabled if available
File system watching is inactive
Starting Build
Settings evaluated using settings file '/data/data/com.termux/files/home/HyperPS3/HyperPS3/settings.gradle'.
Using local directory build cache for the root build (location = /data/data/com.termux/files/home/.gradle/caches/build-cache-1, removeUnusedEntriesAfter = 7 days).
Projects loaded. Root project using build file '/data/data/com.termux/files/home/HyperPS3/HyperPS3/build.gradle'.
Included projects: [root project 'aps3e', project ':app']

> Configure project :
Evaluating root project 'aps3e' using build file '/data/data/com.termux/files/home/HyperPS3/HyperPS3/build.gradle'.
Transforming gradle-8.8.0.jar (com.android.tools.build:gradle:8.8.0) with InstrumentationAnalysisTransform
Transforming gradle-settings-api-8.8.0.jar (com.android.tools.build:gradle-settings-api:8.8.0) with InstrumentationAnalysisTransform
Transforming lint-model-31.8.0.jar (com.android.tools.lint:lint-model:31.8.0) with InstrumentationAnalysisTransform
Transforming builder-8.8.0.jar (com.android.tools.build:builder:8.8.0) with InstrumentationAnalysisTransform
Transforming manifest-merger-31.8.0.jar (com.android.tools.build:manifest-merger:31.8.0) with InstrumentationAnalysisTransform
Transforming sdk-common-31.8.0.jar (com.android.tools:sdk-common:31.8.0) with InstrumentationAnalysisTransform
Transforming sdklib-31.8.0.jar (com.android.tools:sdklib:31.8.0) with InstrumentationAnalysisTransform
Transforming repository-31.8.0.jar (com.android.tools:repository:31.8.0) with InstrumentationAnalysisTransform
Transforming gradle-api-8.8.0.jar (com.android.tools.build:gradle-api:8.8.0) with InstrumentationAnalysisTransform
Transforming builder-test-api-8.8.0.jar (com.android.tools.build:builder-test-api:8.8.0) with InstrumentationAnalysisTransform
Transforming ddmlib-31.8.0.jar (com.android.tools.ddms:ddmlib:31.8.0) with InstrumentationAnalysisTransform
Transforming aaptcompiler-8.8.0.jar (com.android.tools.build:aaptcompiler:8.8.0) with InstrumentationAnalysisTransform
Transforming bundletool-1.17.2.jar (com.android.tools.build:bundletool:1.17.2) with InstrumentationAnalysisTransform
Transforming aapt2-proto-8.8.0-12006047.jar (com.android.tools.build:aapt2-proto:8.8.0-12006047) with InstrumentationAnalysisTransform
Transforming crash-31.8.0.jar (com.android.tools.analytics-library:crash:31.8.0) with InstrumentationAnalysisTransform
Transforming tracker-31.8.0.jar (com.android.tools.analytics-library:tracker:31.8.0) with InstrumentationAnalysisTransform
Transforming shared-31.8.0.jar (com.android.tools.analytics-library:shared:31.8.0) with InstrumentationAnalysisTransform
Transforming lint-typedef-remover-31.8.0.jar (com.android.tools.lint:lint-typedef-remover:31.8.0) with InstrumentationAnalysisTransform
Transforming databinding-compiler-common-8.8.0.jar (androidx.databinding:databinding-compiler-common:8.8.0) with InstrumentationAnalysisTransform
Transforming databinding-common-8.8.0.jar (androidx.databinding:databinding-common:8.8.0) with InstrumentationAnalysisTransform
Transforming baseLibrary-8.8.0.jar (com.android.databinding:baseLibrary:8.8.0) with InstrumentationAnalysisTransform
Transforming layoutlib-api-31.8.0.jar (com.android.tools.layoutlib:layoutlib-api:31.8.0) with InstrumentationAnalysisTransform
Transforming android-device-provider-ddmlib-proto-31.8.0.jar (com.android.tools.utp:android-device-provider-ddmlib-proto:31.8.0) with InstrumentationAnalysisTransform
Transforming android-device-provider-gradle-proto-31.8.0.jar (com.android.tools.utp:android-device-provider-gradle-proto:31.8.0) with InstrumentationAnalysisTransform
Transforming android-device-provider-profile-proto-31.8.0.jar (com.android.tools.utp:android-device-provider-profile-proto:31.8.0) with InstrumentationAnalysisTransform
Transforming android-test-plugin-host-additional-test-output-proto-31.8.0.jar (com.android.tools.utp:android-test-plugin-host-additional-test-output-proto:31.8.0) with InstrumentationAnalysisTransform
Transforming android-test-plugin-host-coverage-proto-31.8.0.jar (com.android.tools.utp:android-test-plugin-host-coverage-proto:31.8.0) with InstrumentationAnalysisTransform
Transforming android-test-plugin-host-emulator-control-proto-31.8.0.jar (com.android.tools.utp:android-test-plugin-host-emulator-control-proto:31.8.0) with InstrumentationAnalysisTransform
Transforming android-test-plugin-host-logcat-proto-31.8.0.jar (com.android.tools.utp:android-test-plugin-host-logcat-proto:31.8.0) with InstrumentationAnalysisTransform
Transforming android-test-plugin-host-apk-installer-proto-31.8.0.jar (com.android.tools.utp:android-test-plugin-host-apk-installer-proto:31.8.0) with InstrumentationAnalysisTransform
Transforming android-test-plugin-host-retention-proto-31.8.0.jar (com.android.tools.utp:android-test-plugin-host-retention-proto:31.8.0) with InstrumentationAnalysisTransform
Transforming android-test-plugin-result-listener-gradle-proto-31.8.0.jar (com.android.tools.utp:android-test-plugin-result-listener-gradle-proto:31.8.0) with InstrumentationAnalysisTransform
Transforming builder-model-8.8.0.jar (com.android.tools.build:builder-model:8.8.0) with InstrumentationAnalysisTransform
Transforming dvlib-31.8.0.jar (com.android.tools:dvlib:31.8.0) with InstrumentationAnalysisTransform
Transforming common-31.8.0.jar (com.android.tools:common:31.8.0) with InstrumentationAnalysisTransform
Transforming jetifier-processor-1.0.0-beta10.jar (com.android.tools.build.jetifier:jetifier-processor:1.0.0-beta10) with InstrumentationAnalysisTransform
Transforming jetifier-core-1.0.0-beta10.jar (com.android.tools.build.jetifier:jetifier-core:1.0.0-beta10) with InstrumentationAnalysisTransform
Transforming kotlin-reflect-2.0.21.jar (org.jetbrains.kotlin:kotlin-reflect:2.0.21) with InstrumentationAnalysisTransform
Transforming kotlin-stdlib-jdk7-2.0.21.jar (org.jetbrains.kotlin:kotlin-stdlib-jdk7:2.0.21) with InstrumentationAnalysisTransform
Transforming kotlin-stdlib-2.0.21.jar (org.jetbrains.kotlin:kotlin-stdlib:2.0.21) with InstrumentationAnalysisTransform
Transforming kotlin-stdlib-jdk8-2.0.21.jar (org.jetbrains.kotlin:kotlin-stdlib-jdk8:2.0.21) with InstrumentationAnalysisTransform
Transforming transform-api-2.0.0-deprecated-use-gradle-api.jar (com.android.tools.build:transform-api:2.0.0-deprecated-use-gradle-api) with InstrumentationAnalysisTransform
Transforming httpmime-4.5.6.jar (org.apache.httpcomponents:httpmime:4.5.6) with InstrumentationAnalysisTransform
Transforming commons-io-2.13.0.jar (commons-io:commons-io:2.13.0) with InstrumentationAnalysisTransform
Transforming asm-commons-9.7.jar (org.ow2.asm:asm-commons:9.7) with InstrumentationAnalysisTransform
Transforming asm-util-9.7.jar (org.ow2.asm:asm-util:9.7) with InstrumentationAnalysisTransform
Transforming asm-analysis-9.7.jar (org.ow2.asm:asm-analysis:9.7) with InstrumentationAnalysisTransform
Transforming asm-tree-9.7.jar (org.ow2.asm:asm-tree:9.7) with InstrumentationAnalysisTransform
Transforming asm-9.7.jar (org.ow2.asm:asm:9.7) with InstrumentationAnalysisTransform
Transforming apkzlib-8.8.0.jar (com.android.tools.build:apkzlib:8.8.0) with InstrumentationAnalysisTransform
Transforming bcpkix-jdk18on-1.77.jar (org.bouncycastle:bcpkix-jdk18on:1.77) with InstrumentationAnalysisTransform
Transforming jaxb-runtime-2.3.2.jar (org.glassfish.jaxb:jaxb-runtime:2.3.2) with InstrumentationAnalysisTransform
Transforming jopt-simple-4.9.jar (net.sf.jopt-simple:jopt-simple:4.9) with InstrumentationAnalysisTransform
Transforming javapoet-1.10.0.jar (com.squareup:javapoet:1.10.0) with InstrumentationAnalysisTransform
Transforming protobuf-java-util-3.22.3.jar (com.google.protobuf:protobuf-java-util:3.22.3) with InstrumentationAnalysisTransform
Transforming grpc-protobuf-1.57.0.jar (io.grpc:grpc-protobuf:1.57.0) with InstrumentationAnalysisTransform
Transforming tink-1.7.0.jar (com.google.crypto.tink:tink:1.7.0) with InstrumentationAnalysisTransform
Transforming protos-31.8.0.jar (com.android.tools.analytics-library:protos:31.8.0) with InstrumentationAnalysisTransform
Transforming proto-google-common-protos-2.17.0.jar (com.google.api.grpc:proto-google-common-protos:2.17.0) with InstrumentationAnalysisTransform
Transforming protobuf-java-3.22.3.jar (com.google.protobuf:protobuf-java:3.22.3) with InstrumentationAnalysisTransform
Transforming grpc-netty-1.57.0.jar (io.grpc:grpc-netty:1.57.0) with InstrumentationAnalysisTransform
Transforming grpc-core-1.57.0.jar (io.grpc:grpc-core:1.57.0) with InstrumentationAnalysisTransform
Transforming gson-2.10.1.jar (com.google.code.gson:gson:2.10.1) with InstrumentationAnalysisTransform
Transforming grpc-stub-1.57.0.jar (io.grpc:grpc-stub:1.57.0) with InstrumentationAnalysisTransform
Transforming core-proto-0.0.9-alpha02.jar (com.google.testing.platform:core-proto:0.0.9-alpha02) with InstrumentationAnalysisTransform
Transforming tensorflow-lite-metadata-0.1.0-rc2.jar (org.tensorflow:tensorflow-lite-metadata:0.1.0-rc2) with InstrumentationAnalysisTransform
Transforming flatbuffers-java-1.12.0.jar (com.google.flatbuffers:flatbuffers-java:1.12.0) with InstrumentationAnalysisTransform
Transforming jimfs-1.1.jar (com.google.jimfs:jimfs:1.1) with InstrumentationAnalysisTransform
Transforming grpc-context-1.57.0.jar (io.grpc:grpc-context:1.57.0) with InstrumentationAnalysisTransform
Transforming grpc-protobuf-lite-1.57.0.jar (io.grpc:grpc-protobuf-lite:1.57.0) with InstrumentationAnalysisTransform
Transforming grpc-api-1.57.0.jar (io.grpc:grpc-api:1.57.0) with InstrumentationAnalysisTransform
Transforming guava-32.0.1-jre.jar (com.google.guava:guava:32.0.1-jre) with InstrumentationAnalysisTransform
Transforming dagger-2.28.3.jar (com.google.dagger:dagger:2.28.3) with InstrumentationAnalysisTransform
Transforming javax.inject-1.jar (javax.inject:javax.inject:1) with InstrumentationAnalysisTransform
Transforming kxml2-2.3.0.jar (net.sf.kxml:kxml2:2.3.0) with InstrumentationAnalysisTransform
Transforming bcutil-jdk18on-1.77.jar (org.bouncycastle:bcutil-jdk18on:1.77) with InstrumentationAnalysisTransform
Transforming bcprov-jdk18on-1.77.jar (org.bouncycastle:bcprov-jdk18on:1.77) with InstrumentationAnalysisTransform
Transforming commons-compress-1.21.jar (org.apache.commons:commons-compress:1.21) with InstrumentationAnalysisTransform
Transforming httpclient-4.5.14.jar (org.apache.httpcomponents:httpclient:4.5.14) with InstrumentationAnalysisTransform
Transforming httpcore-4.4.16.jar (org.apache.httpcomponents:httpcore:4.4.16) with InstrumentationAnalysisTransform
Transforming javax.activation-1.2.0.jar (com.sun.activation:javax.activation:1.2.0) with InstrumentationAnalysisTransform
Transforming annotations-23.0.0.jar (org.jetbrains:annotations:23.0.0) with InstrumentationAnalysisTransform
Transforming signflinger-8.8.0.jar (com.android:signflinger:8.8.0) with InstrumentationAnalysisTransform
Transforming zipflinger-8.8.0.jar (com.android:zipflinger:8.8.0) with InstrumentationAnalysisTransform
Transforming annotations-31.8.0.jar (com.android.tools:annotations:31.8.0) with InstrumentationAnalysisTransform
Transforming jna-platform-5.6.0.jar (net.java.dev.jna:jna-platform:5.6.0) with InstrumentationAnalysisTransform
Transforming juniversalchardet-1.0.3.jar (com.googlecode.juniversalchardet:juniversalchardet:1.0.3) with InstrumentationAnalysisTransform
Transforming javax.annotation-api-1.3.2.jar (javax.annotation:javax.annotation-api:1.3.2) with InstrumentationAnalysisTransform
Transforming stax-ex-1.8.1.jar (org.jvnet.staxex:stax-ex:1.8.1) with InstrumentationAnalysisTransform
Transforming jakarta.xml.bind-api-2.3.2.jar (jakarta.xml.bind:jakarta.xml.bind-api:2.3.2) with InstrumentationAnalysisTransform
Transforming txw2-2.3.2.jar (org.glassfish.jaxb:txw2:2.3.2) with InstrumentationAnalysisTransform
Transforming istack-commons-runtime-3.0.8.jar (com.sun.istack:istack-commons-runtime:3.0.8) with InstrumentationAnalysisTransform
Transforming FastInfoset-1.2.16.jar (com.sun.xml.fastinfoset:FastInfoset:1.2.16) with InstrumentationAnalysisTransform
Transforming jakarta.activation-api-1.2.1.jar (jakarta.activation:jakarta.activation-api:1.2.1) with InstrumentationAnalysisTransform
Transforming auto-value-annotations-1.6.2.jar (com.google.auto.value:auto-value-annotations:1.6.2) with InstrumentationAnalysisTransform
Transforming error_prone_annotations-2.18.0.jar (com.google.errorprone:error_prone_annotations:2.18.0) with InstrumentationAnalysisTransform
Transforming jose4j-0.9.5.jar (org.bitbucket.b_c:jose4j:0.9.5) with InstrumentationAnalysisTransform
Transforming slf4j-api-1.7.30.jar (org.slf4j:slf4j-api:1.7.30) with InstrumentationAnalysisTransform
Transforming jdom2-2.0.6.jar (org.jdom:jdom2:2.0.6) with InstrumentationAnalysisTransform
Transforming jsr305-3.0.2.jar (com.google.code.findbugs:jsr305:3.0.2) with InstrumentationAnalysisTransform
Transforming j2objc-annotations-2.8.jar (com.google.j2objc:j2objc-annotations:2.8) with InstrumentationAnalysisTransform
Transforming annotations-4.1.1.4.jar (com.google.android:annotations:4.1.1.4) with InstrumentationAnalysisTransform
Transforming animal-sniffer-annotations-1.23.jar (org.codehaus.mojo:animal-sniffer-annotations:1.23) with InstrumentationAnalysisTransform
Transforming perfmark-api-0.26.0.jar (io.perfmark:perfmark-api:0.26.0) with InstrumentationAnalysisTransform
Transforming netty-codec-http2-4.1.93.Final.jar (io.netty:netty-codec-http2:4.1.93.Final) with InstrumentationAnalysisTransform
Transforming netty-handler-proxy-4.1.93.Final.jar (io.netty:netty-handler-proxy:4.1.93.Final) with InstrumentationAnalysisTransform
Transforming netty-codec-http-4.1.93.Final.jar (io.netty:netty-codec-http:4.1.93.Final) with InstrumentationAnalysisTransform
Transforming netty-handler-4.1.93.Final.jar (io.netty:netty-handler:4.1.93.Final) with InstrumentationAnalysisTransform
Transforming netty-transport-native-unix-common-4.1.93.Final.jar (io.netty:netty-transport-native-unix-common:4.1.93.Final) with InstrumentationAnalysisTransform
Transforming checker-qual-3.33.0.jar (org.checkerframework:checker-qual:3.33.0) with InstrumentationAnalysisTransform
Transforming commons-codec-1.11.jar (commons-codec:commons-codec:1.11) with InstrumentationAnalysisTransform
Transforming apksig-8.8.0.jar (com.android.tools.build:apksig:8.8.0) with InstrumentationAnalysisTransform
Transforming javawriter-2.5.0.jar (com.squareup:javawriter:2.5.0) with InstrumentationAnalysisTransform
Transforming failureaccess-1.0.1.jar (com.google.guava:failureaccess:1.0.1) with InstrumentationAnalysisTransform
Transforming listenablefuture-9999.0-empty-to-avoid-conflict-with-guava.jar (com.google.guava:listenablefuture:9999.0-empty-to-avoid-conflict-with-guava) with InstrumentationAnalysisTransform
Transforming commons-logging-1.2.jar (commons-logging:commons-logging:1.2) with InstrumentationAnalysisTransform
Transforming jna-5.6.0.jar (net.java.dev.jna:jna:5.6.0) with InstrumentationAnalysisTransform
Transforming netty-codec-socks-4.1.93.Final.jar (io.netty:netty-codec-socks:4.1.93.Final) with InstrumentationAnalysisTransform
Transforming netty-codec-4.1.93.Final.jar (io.netty:netty-codec:4.1.93.Final) with InstrumentationAnalysisTransform
Transforming netty-transport-4.1.93.Final.jar (io.netty:netty-transport:4.1.93.Final) with InstrumentationAnalysisTransform
Transforming netty-buffer-4.1.93.Final.jar (io.netty:netty-buffer:4.1.93.Final) with InstrumentationAnalysisTransform
Transforming netty-resolver-4.1.93.Final.jar (io.netty:netty-resolver:4.1.93.Final) with InstrumentationAnalysisTransform
Transforming netty-common-4.1.93.Final.jar (io.netty:netty-common:4.1.93.Final) with InstrumentationAnalysisTransform
Transforming gradle-8.8.0.jar (com.android.tools.build:gradle:8.8.0) with InstrumentationAnalysisTransform
Transforming gradle-8.8.0.jar (com.android.tools.build:gradle:8.8.0) with MergeInstrumentationAnalysisTransform
Transforming gradle-settings-api-8.8.0.jar (com.android.tools.build:gradle-settings-api:8.8.0) with InstrumentationAnalysisTransform
Transforming gradle-settings-api-8.8.0.jar (com.android.tools.build:gradle-settings-api:8.8.0) with MergeInstrumentationAnalysisTransform
Transforming gradle-8.8.0.jar (com.android.tools.build:gradle:8.8.0) with ExternalDependencyInstrumentingArtifactTransform
Transforming lint-model-31.8.0.jar (com.android.tools.lint:lint-model:31.8.0) with InstrumentationAnalysisTransform
Transforming gradle-settings-api-8.8.0.jar (com.android.tools.build:gradle-settings-api:8.8.0) with ExternalDependencyInstrumentingArtifactTransform
Transforming lint-model-31.8.0.jar (com.android.tools.lint:lint-model:31.8.0) with MergeInstrumentationAnalysisTransform
Transforming builder-8.8.0.jar (com.android.tools.build:builder:8.8.0) with InstrumentationAnalysisTransform
Transforming builder-8.8.0.jar (com.android.tools.build:builder:8.8.0) with MergeInstrumentationAnalysisTransform
Transforming lint-model-31.8.0.jar (com.android.tools.lint:lint-model:31.8.0) with ExternalDependencyInstrumentingArtifactTransform
Transforming manifest-merger-31.8.0.jar (com.android.tools.build:manifest-merger:31.8.0) with InstrumentationAnalysisTransform
Transforming manifest-merger-31.8.0.jar (com.android.tools.build:manifest-merger:31.8.0) with MergeInstrumentationAnalysisTransform
Transforming builder-8.8.0.jar (com.android.tools.build:builder:8.8.0) with ExternalDependencyInstrumentingArtifactTransform
Transforming sdk-common-31.8.0.jar (com.android.tools:sdk-common:31.8.0) with InstrumentationAnalysisTransform
Transforming sdk-common-31.8.0.jar (com.android.tools:sdk-common:31.8.0) with MergeInstrumentationAnalysisTransform
Transforming sdklib-31.8.0.jar (com.android.tools:sdklib:31.8.0) with InstrumentationAnalysisTransform
Transforming sdklib-31.8.0.jar (com.android.tools:sdklib:31.8.0) with MergeInstrumentationAnalysisTransform
Transforming repository-31.8.0.jar (com.android.tools:repository:31.8.0) with InstrumentationAnalysisTransform
Transforming repository-31.8.0.jar (com.android.tools:repository:31.8.0) with MergeInstrumentationAnalysisTransform
Transforming gradle-api-8.8.0.jar (com.android.tools.build:gradle-api:8.8.0) with InstrumentationAnalysisTransform
Transforming gradle-api-8.8.0.jar (com.android.tools.build:gradle-api:8.8.0) with MergeInstrumentationAnalysisTransform
Transforming builder-test-api-8.8.0.jar (com.android.tools.build:builder-test-api:8.8.0) with InstrumentationAnalysisTransform
Transforming builder-test-api-8.8.0.jar (com.android.tools.build:builder-test-api:8.8.0) with MergeInstrumentationAnalysisTransform
Transforming manifest-merger-31.8.0.jar (com.android.tools.build:manifest-merger:31.8.0) with ExternalDependencyInstrumentingArtifactTransform
Transforming ddmlib-31.8.0.jar (com.android.tools.ddms:ddmlib:31.8.0) with InstrumentationAnalysisTransform
Transforming ddmlib-31.8.0.jar (com.android.tools.ddms:ddmlib:31.8.0) with MergeInstrumentationAnalysisTransform
Transforming aaptcompiler-8.8.0.jar (com.android.tools.build:aaptcompiler:8.8.0) with InstrumentationAnalysisTransform
Transforming gradle-api-8.8.0.jar (com.android.tools.build:gradle-api:8.8.0) with ExternalDependencyInstrumentingArtifactTransform
Transforming aaptcompiler-8.8.0.jar (com.android.tools.build:aaptcompiler:8.8.0) with MergeInstrumentationAnalysisTransform
Transforming bundletool-1.17.2.jar (com.android.tools.build:bundletool:1.17.2) with InstrumentationAnalysisTransform
Transforming bundletool-1.17.2.jar (com.android.tools.build:bundletool:1.17.2) with MergeInstrumentationAnalysisTransform
Transforming aapt2-proto-8.8.0-12006047.jar (com.android.tools.build:aapt2-proto:8.8.0-12006047) with InstrumentationAnalysisTransform
Transforming aapt2-proto-8.8.0-12006047.jar (com.android.tools.build:aapt2-proto:8.8.0-12006047) with MergeInstrumentationAnalysisTransform
Transforming crash-31.8.0.jar (com.android.tools.analytics-library:crash:31.8.0) with InstrumentationAnalysisTransform
Transforming crash-31.8.0.jar (com.android.tools.analytics-library:crash:31.8.0) with MergeInstrumentationAnalysisTransform
Transforming tracker-31.8.0.jar (com.android.tools.analytics-library:tracker:31.8.0) with InstrumentationAnalysisTransform
Transforming tracker-31.8.0.jar (com.android.tools.analytics-library:tracker:31.8.0) with MergeInstrumentationAnalysisTransform
Transforming sdk-common-31.8.0.jar (com.android.tools:sdk-common:31.8.0) with ExternalDependencyInstrumentingArtifactTransform
Transforming ddmlib-31.8.0.jar (com.android.tools.ddms:ddmlib:31.8.0) with ExternalDependencyInstrumentingArtifactTransform
Transforming sdklib-31.8.0.jar (com.android.tools:sdklib:31.8.0) with ExternalDependencyInstrumentingArtifactTransform
Transforming aaptcompiler-8.8.0.jar (com.android.tools.build:aaptcompiler:8.8.0) with ExternalDependencyInstrumentingArtifactTransform
Transforming builder-test-api-8.8.0.jar (com.android.tools.build:builder-test-api:8.8.0) with ExternalDependencyInstrumentingArtifactTransform
Transforming shared-31.8.0.jar (com.android.tools.analytics-library:shared:31.8.0) with InstrumentationAnalysisTransform
Transforming aapt2-proto-8.8.0-12006047.jar (com.android.tools.build:aapt2-proto:8.8.0-12006047) with ExternalDependencyInstrumentingArtifactTransform
Transforming shared-31.8.0.jar (com.android.tools.analytics-library:shared:31.8.0) with MergeInstrumentationAnalysisTransform
Transforming lint-typedef-remover-31.8.0.jar (com.android.tools.lint:lint-typedef-remover:31.8.0) with InstrumentationAnalysisTransform
Transforming tracker-31.8.0.jar (com.android.tools.analytics-library:tracker:31.8.0) with ExternalDependencyInstrumentingArtifactTransform
Transforming lint-typedef-remover-31.8.0.jar (com.android.tools.lint:lint-typedef-remover:31.8.0) with MergeInstrumentationAnalysisTransform
Transforming databinding-compiler-common-8.8.0.jar (androidx.databinding:databinding-compiler-common:8.8.0) with InstrumentationAnalysisTransform
Transforming databinding-compiler-common-8.8.0.jar (androidx.databinding:databinding-compiler-common:8.8.0) with MergeInstrumentationAnalysisTransform
Transforming databinding-common-8.8.0.jar (androidx.databinding:databinding-common:8.8.0) with InstrumentationAnalysisTransform
Transforming databinding-common-8.8.0.jar (androidx.databinding:databinding-common:8.8.0) with MergeInstrumentationAnalysisTransform
Transforming baseLibrary-8.8.0.jar (com.android.databinding:baseLibrary:8.8.0) with InstrumentationAnalysisTransform
Transforming baseLibrary-8.8.0.jar (com.android.databinding:baseLibrary:8.8.0) with MergeInstrumentationAnalysisTransform
Transforming layoutlib-api-31.8.0.jar (com.android.tools.layoutlib:layoutlib-api:31.8.0) with InstrumentationAnalysisTransform
Transforming shared-31.8.0.jar (com.android.tools.analytics-library:shared:31.8.0) with ExternalDependencyInstrumentingArtifactTransform
Transforming repository-31.8.0.jar (com.android.tools:repository:31.8.0) with ExternalDependencyInstrumentingArtifactTransform
Transforming crash-31.8.0.jar (com.android.tools.analytics-library:crash:31.8.0) with ExternalDependencyInstrumentingArtifactTransform
Transforming lint-typedef-remover-31.8.0.jar (com.android.tools.lint:lint-typedef-remover:31.8.0) with ExternalDependencyInstrumentingArtifactTransform
Transforming databinding-compiler-common-8.8.0.jar (androidx.databinding:databinding-compiler-common:8.8.0) with ExternalDependencyInstrumentingArtifactTransform
Transforming layoutlib-api-31.8.0.jar (com.android.tools.layoutlib:layoutlib-api:31.8.0) with MergeInstrumentationAnalysisTransform
Transforming android-device-provider-ddmlib-proto-31.8.0.jar (com.android.tools.utp:android-device-provider-ddmlib-proto:31.8.0) with InstrumentationAnalysisTransform
Transforming android-device-provider-ddmlib-proto-31.8.0.jar (com.android.tools.utp:android-device-provider-ddmlib-proto:31.8.0) with MergeInstrumentationAnalysisTransform
Transforming databinding-common-8.8.0.jar (androidx.databinding:databinding-common:8.8.0) with ExternalDependencyInstrumentingArtifactTransform
Transforming layoutlib-api-31.8.0.jar (com.android.tools.layoutlib:layoutlib-api:31.8.0) with ExternalDependencyInstrumentingArtifactTransform
Transforming baseLibrary-8.8.0.jar (com.android.databinding:baseLibrary:8.8.0) with ExternalDependencyInstrumentingArtifactTransform
Transforming android-device-provider-ddmlib-proto-31.8.0.jar (com.android.tools.utp:android-device-provider-ddmlib-proto:31.8.0) with ExternalDependencyInstrumentingArtifactTransform
Transforming bundletool-1.17.2.jar (com.android.tools.build:bundletool:1.17.2) with ExternalDependencyInstrumentingArtifactTransform
Transforming android-device-provider-gradle-proto-31.8.0.jar (com.android.tools.utp:android-device-provider-gradle-proto:31.8.0) with InstrumentationAnalysisTransform
Transforming android-device-provider-gradle-proto-31.8.0.jar (com.android.tools.utp:android-device-provider-gradle-proto:31.8.0) with MergeInstrumentationAnalysisTransform
Transforming android-device-provider-profile-proto-31.8.0.jar (com.android.tools.utp:android-device-provider-profile-proto:31.8.0) with InstrumentationAnalysisTransform
Transforming android-device-provider-profile-proto-31.8.0.jar (com.android.tools.utp:android-device-provider-profile-proto:31.8.0) with MergeInstrumentationAnalysisTransform
Transforming android-device-provider-gradle-proto-31.8.0.jar (com.android.tools.utp:android-device-provider-gradle-proto:31.8.0) with ExternalDependencyInstrumentingArtifactTransform
Transforming android-device-provider-profile-proto-31.8.0.jar (com.android.tools.utp:android-device-provider-profile-proto:31.8.0) with ExternalDependencyInstrumentingArtifactTransform
Transforming android-test-plugin-host-additional-test-output-proto-31.8.0.jar (com.android.tools.utp:android-test-plugin-host-additional-test-output-proto:31.8.0) with InstrumentationAnalysisTransform
Transforming android-test-plugin-host-additional-test-output-proto-31.8.0.jar (com.android.tools.utp:android-test-plugin-host-additional-test-output-proto:31.8.0) with MergeInstrumentationAnalysisTransform
Transforming android-test-plugin-host-coverage-proto-31.8.0.jar (com.android.tools.utp:android-test-plugin-host-coverage-proto:31.8.0) with InstrumentationAnalysisTransform
Transforming android-test-plugin-host-coverage-proto-31.8.0.jar (com.android.tools.utp:android-test-plugin-host-coverage-proto:31.8.0) with MergeInstrumentationAnalysisTransform
Transforming android-test-plugin-host-emulator-control-proto-31.8.0.jar (com.android.tools.utp:android-test-plugin-host-emulator-control-proto:31.8.0) with InstrumentationAnalysisTransform
Transforming android-test-plugin-host-emulator-control-proto-31.8.0.jar (com.android.tools.utp:android-test-plugin-host-emulator-control-proto:31.8.0) with MergeInstrumentationAnalysisTransform
Transforming android-test-plugin-host-logcat-proto-31.8.0.jar (com.android.tools.utp:android-test-plugin-host-logcat-proto:31.8.0) with InstrumentationAnalysisTransform
Transforming android-test-plugin-host-logcat-proto-31.8.0.jar (com.android.tools.utp:android-test-plugin-host-logcat-proto:31.8.0) with MergeInstrumentationAnalysisTransform
Transforming android-test-plugin-host-apk-installer-proto-31.8.0.jar (com.android.tools.utp:android-test-plugin-host-apk-installer-proto:31.8.0) with InstrumentationAnalysisTransform
Transforming android-test-plugin-host-apk-installer-proto-31.8.0.jar (com.android.tools.utp:android-test-plugin-host-apk-installer-proto:31.8.0) with MergeInstrumentationAnalysisTransform
Transforming android-test-plugin-host-retention-proto-31.8.0.jar (com.android.tools.utp:android-test-plugin-host-retention-proto:31.8.0) with InstrumentationAnalysisTransform
Transforming android-test-plugin-host-retention-proto-31.8.0.jar (com.android.tools.utp:android-test-plugin-host-retention-proto:31.8.0) with MergeInstrumentationAnalysisTransform
Transforming android-test-plugin-host-coverage-proto-31.8.0.jar (com.android.tools.utp:android-test-plugin-host-coverage-proto:31.8.0) with ExternalDependencyInstrumentingArtifactTransform
Transforming android-test-plugin-host-emulator-control-proto-31.8.0.jar (com.android.tools.utp:android-test-plugin-host-emulator-control-proto:31.8.0) with ExternalDependencyInstrumentingArtifactTransform
Transforming android-test-plugin-host-additional-test-output-proto-31.8.0.jar (com.android.tools.utp:android-test-plugin-host-additional-test-output-proto:31.8.0) with ExternalDependencyInstrumentingArtifactTransform
Transforming android-test-plugin-result-listener-gradle-proto-31.8.0.jar (com.android.tools.utp:android-test-plugin-result-listener-gradle-proto:31.8.0) with InstrumentationAnalysisTransform
Transforming android-test-plugin-host-apk-installer-proto-31.8.0.jar (com.android.tools.utp:android-test-plugin-host-apk-installer-proto:31.8.0) with ExternalDependencyInstrumentingArtifactTransform
Transforming android-test-plugin-host-logcat-proto-31.8.0.jar (com.android.tools.utp:android-test-plugin-host-logcat-proto:31.8.0) with ExternalDependencyInstrumentingArtifactTransform
Transforming android-test-plugin-result-listener-gradle-proto-31.8.0.jar (com.android.tools.utp:android-test-plugin-result-listener-gradle-proto:31.8.0) with MergeInstrumentationAnalysisTransform
Transforming builder-model-8.8.0.jar (com.android.tools.build:builder-model:8.8.0) with InstrumentationAnalysisTransform
Transforming android-test-plugin-host-retention-proto-31.8.0.jar (com.android.tools.utp:android-test-plugin-host-retention-proto:31.8.0) with ExternalDependencyInstrumentingArtifactTransform
Transforming builder-model-8.8.0.jar (com.android.tools.build:builder-model:8.8.0) with MergeInstrumentationAnalysisTransform
Transforming android-test-plugin-result-listener-gradle-proto-31.8.0.jar (com.android.tools.utp:android-test-plugin-result-listener-gradle-proto:31.8.0) with ExternalDependencyInstrumentingArtifactTransform
Transforming dvlib-31.8.0.jar (com.android.tools:dvlib:31.8.0) with InstrumentationAnalysisTransform
Transforming dvlib-31.8.0.jar (com.android.tools:dvlib:31.8.0) with MergeInstrumentationAnalysisTransform
Transforming common-31.8.0.jar (com.android.tools:common:31.8.0) with InstrumentationAnalysisTransform
Transforming builder-model-8.8.0.jar (com.android.tools.build:builder-model:8.8.0) with ExternalDependencyInstrumentingArtifactTransform
Transforming common-31.8.0.jar (com.android.tools:common:31.8.0) with MergeInstrumentationAnalysisTransform
Transforming dvlib-31.8.0.jar (com.android.tools:dvlib:31.8.0) with ExternalDependencyInstrumentingArtifactTransform
Transforming jetifier-processor-1.0.0-beta10.jar (com.android.tools.build.jetifier:jetifier-processor:1.0.0-beta10) with InstrumentationAnalysisTransform
Transforming jetifier-processor-1.0.0-beta10.jar (com.android.tools.build.jetifier:jetifier-processor:1.0.0-beta10) with MergeInstrumentationAnalysisTransform
Transforming common-31.8.0.jar (com.android.tools:common:31.8.0) with ExternalDependencyInstrumentingArtifactTransform
Transforming jetifier-core-1.0.0-beta10.jar (com.android.tools.build.jetifier:jetifier-core:1.0.0-beta10) with InstrumentationAnalysisTransform
Transforming jetifier-core-1.0.0-beta10.jar (com.android.tools.build.jetifier:jetifier-core:1.0.0-beta10) with MergeInstrumentationAnalysisTransform
Transforming jetifier-processor-1.0.0-beta10.jar (com.android.tools.build.jetifier:jetifier-processor:1.0.0-beta10) with ExternalDependencyInstrumentingArtifactTransform
Transforming kotlin-reflect-2.0.21.jar (org.jetbrains.kotlin:kotlin-reflect:2.0.21) with InstrumentationAnalysisTransform
Transforming jetifier-core-1.0.0-beta10.jar (com.android.tools.build.jetifier:jetifier-core:1.0.0-beta10) with ExternalDependencyInstrumentingArtifactTransform
Transforming kotlin-reflect-2.0.21.jar (org.jetbrains.kotlin:kotlin-reflect:2.0.21) with MergeInstrumentationAnalysisTransform
Transforming kotlin-stdlib-jdk7-2.0.21.jar (org.jetbrains.kotlin:kotlin-stdlib-jdk7:2.0.21) with InstrumentationAnalysisTransform
Transforming kotlin-stdlib-jdk7-2.0.21.jar (org.jetbrains.kotlin:kotlin-stdlib-jdk7:2.0.21) with MergeInstrumentationAnalysisTransform
Transforming kotlin-stdlib-2.0.21.jar (org.jetbrains.kotlin:kotlin-stdlib:2.0.21) with InstrumentationAnalysisTransform
Transforming kotlin-reflect-2.0.21.jar (org.jetbrains.kotlin:kotlin-reflect:2.0.21) with ExternalDependencyInstrumentingArtifactTransform
Transforming kotlin-stdlib-jdk7-2.0.21.jar (org.jetbrains.kotlin:kotlin-stdlib-jdk7:2.0.21) with ExternalDependencyInstrumentingArtifactTransform
Transforming kotlin-stdlib-2.0.21.jar (org.jetbrains.kotlin:kotlin-stdlib:2.0.21) with MergeInstrumentationAnalysisTransform
Transforming kotlin-stdlib-jdk8-2.0.21.jar (org.jetbrains.kotlin:kotlin-stdlib-jdk8:2.0.21) with InstrumentationAnalysisTransform
Transforming kotlin-stdlib-jdk8-2.0.21.jar (org.jetbrains.kotlin:kotlin-stdlib-jdk8:2.0.21) with MergeInstrumentationAnalysisTransform
Transforming transform-api-2.0.0-deprecated-use-gradle-api.jar (com.android.tools.build:transform-api:2.0.0-deprecated-use-gradle-api) with InstrumentationAnalysisTransform
Transforming kotlin-stdlib-2.0.21.jar (org.jetbrains.kotlin:kotlin-stdlib:2.0.21) with ExternalDependencyInstrumentingArtifactTransform
Transforming transform-api-2.0.0-deprecated-use-gradle-api.jar (com.android.tools.build:transform-api:2.0.0-deprecated-use-gradle-api) with MergeInstrumentationAnalysisTransform
Transforming httpmime-4.5.6.jar (org.apache.httpcomponents:httpmime:4.5.6) with InstrumentationAnalysisTransform
Transforming httpmime-4.5.6.jar (org.apache.httpcomponents:httpmime:4.5.6) with MergeInstrumentationAnalysisTransform
Transforming kotlin-stdlib-jdk8-2.0.21.jar (org.jetbrains.kotlin:kotlin-stdlib-jdk8:2.0.21) with ExternalDependencyInstrumentingArtifactTransform
Transforming commons-io-2.13.0.jar (commons-io:commons-io:2.13.0) with InstrumentationAnalysisTransform
Transforming transform-api-2.0.0-deprecated-use-gradle-api.jar (com.android.tools.build:transform-api:2.0.0-deprecated-use-gradle-api) with ExternalDependencyInstrumentingArtifactTransform
Transforming commons-io-2.13.0.jar (commons-io:commons-io:2.13.0) with MergeInstrumentationAnalysisTransform
Transforming asm-commons-9.7.jar (org.ow2.asm:asm-commons:9.7) with InstrumentationAnalysisTransform
Transforming httpmime-4.5.6.jar (org.apache.httpcomponents:httpmime:4.5.6) with ExternalDependencyInstrumentingArtifactTransform
Transforming asm-commons-9.7.jar (org.ow2.asm:asm-commons:9.7) with MergeInstrumentationAnalysisTransform
Transforming commons-io-2.13.0.jar (commons-io:commons-io:2.13.0) with ExternalDependencyInstrumentingArtifactTransform
Transforming asm-commons-9.7.jar (org.ow2.asm:asm-commons:9.7) with ExternalDependencyInstrumentingArtifactTransform
Transforming asm-util-9.7.jar (org.ow2.asm:asm-util:9.7) with InstrumentationAnalysisTransform
Transforming asm-util-9.7.jar (org.ow2.asm:asm-util:9.7) with MergeInstrumentationAnalysisTransform
Transforming asm-analysis-9.7.jar (org.ow2.asm:asm-analysis:9.7) with InstrumentationAnalysisTransform
Transforming asm-analysis-9.7.jar (org.ow2.asm:asm-analysis:9.7) with MergeInstrumentationAnalysisTransform
Transforming asm-tree-9.7.jar (org.ow2.asm:asm-tree:9.7) with InstrumentationAnalysisTransform
Transforming asm-tree-9.7.jar (org.ow2.asm:asm-tree:9.7) with MergeInstrumentationAnalysisTransform
Transforming asm-9.7.jar (org.ow2.asm:asm:9.7) with InstrumentationAnalysisTransform
Transforming asm-util-9.7.jar (org.ow2.asm:asm-util:9.7) with ExternalDependencyInstrumentingArtifactTransform
Transforming asm-analysis-9.7.jar (org.ow2.asm:asm-analysis:9.7) with ExternalDependencyInstrumentingArtifactTransform
Transforming asm-9.7.jar (org.ow2.asm:asm:9.7) with MergeInstrumentationAnalysisTransform
Transforming apkzlib-8.8.0.jar (com.android.tools.build:apkzlib:8.8.0) with InstrumentationAnalysisTransform
Transforming asm-tree-9.7.jar (org.ow2.asm:asm-tree:9.7) with ExternalDependencyInstrumentingArtifactTransform
Transforming apkzlib-8.8.0.jar (com.android.tools.build:apkzlib:8.8.0) with MergeInstrumentationAnalysisTransform
Transforming asm-9.7.jar (org.ow2.asm:asm:9.7) with ExternalDependencyInstrumentingArtifactTransform
Transforming apkzlib-8.8.0.jar (com.android.tools.build:apkzlib:8.8.0) with ExternalDependencyInstrumentingArtifactTransform
Transforming bcpkix-jdk18on-1.77.jar (org.bouncycastle:bcpkix-jdk18on:1.77) with InstrumentationAnalysisTransform
Transforming bcpkix-jdk18on-1.77.jar (org.bouncycastle:bcpkix-jdk18on:1.77) with MergeInstrumentationAnalysisTransform
Transforming jaxb-runtime-2.3.2.jar (org.glassfish.jaxb:jaxb-runtime:2.3.2) with InstrumentationAnalysisTransform
Transforming jaxb-runtime-2.3.2.jar (org.glassfish.jaxb:jaxb-runtime:2.3.2) with MergeInstrumentationAnalysisTransform
Transforming jopt-simple-4.9.jar (net.sf.jopt-simple:jopt-simple:4.9) with InstrumentationAnalysisTransform
Transforming jopt-simple-4.9.jar (net.sf.jopt-simple:jopt-simple:4.9) with MergeInstrumentationAnalysisTransform
Transforming bcpkix-jdk18on-1.77.jar (org.bouncycastle:bcpkix-jdk18on:1.77) with ExternalDependencyInstrumentingArtifactTransform
Transforming javapoet-1.10.0.jar (com.squareup:javapoet:1.10.0) with InstrumentationAnalysisTransform
Transforming jaxb-runtime-2.3.2.jar (org.glassfish.jaxb:jaxb-runtime:2.3.2) with ExternalDependencyInstrumentingArtifactTransform
Transforming javapoet-1.10.0.jar (com.squareup:javapoet:1.10.0) with MergeInstrumentationAnalysisTransform
Transforming protobuf-java-util-3.22.3.jar (com.google.protobuf:protobuf-java-util:3.22.3) with InstrumentationAnalysisTransform
Transforming jopt-simple-4.9.jar (net.sf.jopt-simple:jopt-simple:4.9) with ExternalDependencyInstrumentingArtifactTransform
Transforming protobuf-java-util-3.22.3.jar (com.google.protobuf:protobuf-java-util:3.22.3) with MergeInstrumentationAnalysisTransform
Transforming grpc-protobuf-1.57.0.jar (io.grpc:grpc-protobuf:1.57.0) with InstrumentationAnalysisTransform
Transforming javapoet-1.10.0.jar (com.squareup:javapoet:1.10.0) with ExternalDependencyInstrumentingArtifactTransform
Transforming grpc-protobuf-1.57.0.jar (io.grpc:grpc-protobuf:1.57.0) with MergeInstrumentationAnalysisTransform
Transforming tink-1.7.0.jar (com.google.crypto.tink:tink:1.7.0) with InstrumentationAnalysisTransform
Transforming tink-1.7.0.jar (com.google.crypto.tink:tink:1.7.0) with MergeInstrumentationAnalysisTransform
Transforming protobuf-java-util-3.22.3.jar (com.google.protobuf:protobuf-java-util:3.22.3) with ExternalDependencyInstrumentingArtifactTransform
Transforming grpc-protobuf-1.57.0.jar (io.grpc:grpc-protobuf:1.57.0) with ExternalDependencyInstrumentingArtifactTransform
Transforming protos-31.8.0.jar (com.android.tools.analytics-library:protos:31.8.0) with InstrumentationAnalysisTransform
Transforming protos-31.8.0.jar (com.android.tools.analytics-library:protos:31.8.0) with MergeInstrumentationAnalysisTransform
Transforming tink-1.7.0.jar (com.google.crypto.tink:tink:1.7.0) with ExternalDependencyInstrumentingArtifactTransform
Transforming proto-google-common-protos-2.17.0.jar (com.google.api.grpc:proto-google-common-protos:2.17.0) with InstrumentationAnalysisTransform
Transforming proto-google-common-protos-2.17.0.jar (com.google.api.grpc:proto-google-common-protos:2.17.0) with MergeInstrumentationAnalysisTransform
Transforming protos-31.8.0.jar (com.android.tools.analytics-library:protos:31.8.0) with ExternalDependencyInstrumentingArtifactTransform
Transforming protobuf-java-3.22.3.jar (com.google.protobuf:protobuf-java:3.22.3) with InstrumentationAnalysisTransform
Transforming protobuf-java-3.22.3.jar (com.google.protobuf:protobuf-java:3.22.3) with MergeInstrumentationAnalysisTransform
Transforming proto-google-common-protos-2.17.0.jar (com.google.api.grpc:proto-google-common-protos:2.17.0) with ExternalDependencyInstrumentingArtifactTransform
Transforming grpc-netty-1.57.0.jar (io.grpc:grpc-netty:1.57.0) with InstrumentationAnalysisTransform
Transforming grpc-netty-1.57.0.jar (io.grpc:grpc-netty:1.57.0) with MergeInstrumentationAnalysisTransform
Transforming grpc-core-1.57.0.jar (io.grpc:grpc-core:1.57.0) with InstrumentationAnalysisTransform
Transforming protobuf-java-3.22.3.jar (com.google.protobuf:protobuf-java:3.22.3) with ExternalDependencyInstrumentingArtifactTransform
Transforming grpc-core-1.57.0.jar (io.grpc:grpc-core:1.57.0) with MergeInstrumentationAnalysisTransform
Transforming gson-2.10.1.jar (com.google.code.gson:gson:2.10.1) with InstrumentationAnalysisTransform
Transforming gson-2.10.1.jar (com.google.code.gson:gson:2.10.1) with MergeInstrumentationAnalysisTransform
Transforming grpc-netty-1.57.0.jar (io.grpc:grpc-netty:1.57.0) with ExternalDependencyInstrumentingArtifactTransform
Transforming grpc-stub-1.57.0.jar (io.grpc:grpc-stub:1.57.0) with InstrumentationAnalysisTransform
Transforming gson-2.10.1.jar (com.google.code.gson:gson:2.10.1) with ExternalDependencyInstrumentingArtifactTransform
Transforming grpc-core-1.57.0.jar (io.grpc:grpc-core:1.57.0) with ExternalDependencyInstrumentingArtifactTransform
Transforming grpc-stub-1.57.0.jar (io.grpc:grpc-stub:1.57.0) with MergeInstrumentationAnalysisTransform
Transforming core-proto-0.0.9-alpha02.jar (com.google.testing.platform:core-proto:0.0.9-alpha02) with InstrumentationAnalysisTransform
Transforming core-proto-0.0.9-alpha02.jar (com.google.testing.platform:core-proto:0.0.9-alpha02) with MergeInstrumentationAnalysisTransform
Transforming tensorflow-lite-metadata-0.1.0-rc2.jar (org.tensorflow:tensorflow-lite-metadata:0.1.0-rc2) with InstrumentationAnalysisTransform
Transforming tensorflow-lite-metadata-0.1.0-rc2.jar (org.tensorflow:tensorflow-lite-metadata:0.1.0-rc2) with MergeInstrumentationAnalysisTransform
Transforming flatbuffers-java-1.12.0.jar (com.google.flatbuffers:flatbuffers-java:1.12.0) with InstrumentationAnalysisTransform
Transforming flatbuffers-java-1.12.0.jar (com.google.flatbuffers:flatbuffers-java:1.12.0) with MergeInstrumentationAnalysisTransform
Transforming jimfs-1.1.jar (com.google.jimfs:jimfs:1.1) with InstrumentationAnalysisTransform
Transforming jimfs-1.1.jar (com.google.jimfs:jimfs:1.1) with MergeInstrumentationAnalysisTransform
Transforming grpc-context-1.57.0.jar (io.grpc:grpc-context:1.57.0) with InstrumentationAnalysisTransform
Transforming grpc-context-1.57.0.jar (io.grpc:grpc-context:1.57.0) with MergeInstrumentationAnalysisTransform
Transforming grpc-protobuf-lite-1.57.0.jar (io.grpc:grpc-protobuf-lite:1.57.0) with InstrumentationAnalysisTransform
Transforming grpc-protobuf-lite-1.57.0.jar (io.grpc:grpc-protobuf-lite:1.57.0) with MergeInstrumentationAnalysisTransform
Transforming grpc-api-1.57.0.jar (io.grpc:grpc-api:1.57.0) with InstrumentationAnalysisTransform
Transforming grpc-api-1.57.0.jar (io.grpc:grpc-api:1.57.0) with MergeInstrumentationAnalysisTransform
Transforming guava-32.0.1-jre.jar (com.google.guava:guava:32.0.1-jre) with InstrumentationAnalysisTransform
Transforming guava-32.0.1-jre.jar (com.google.guava:guava:32.0.1-jre) with MergeInstrumentationAnalysisTransform
Transforming dagger-2.28.3.jar (com.google.dagger:dagger:2.28.3) with InstrumentationAnalysisTransform
Transforming dagger-2.28.3.jar (com.google.dagger:dagger:2.28.3) with MergeInstrumentationAnalysisTransform
Transforming javax.inject-1.jar (javax.inject:javax.inject:1) with InstrumentationAnalysisTransform
Transforming javax.inject-1.jar (javax.inject:javax.inject:1) with MergeInstrumentationAnalysisTransform
Transforming kxml2-2.3.0.jar (net.sf.kxml:kxml2:2.3.0) with InstrumentationAnalysisTransform
Transforming kxml2-2.3.0.jar (net.sf.kxml:kxml2:2.3.0) with MergeInstrumentationAnalysisTransform
Transforming bcutil-jdk18on-1.77.jar (org.bouncycastle:bcutil-jdk18on:1.77) with InstrumentationAnalysisTransform
Transforming bcutil-jdk18on-1.77.jar (org.bouncycastle:bcutil-jdk18on:1.77) with MergeInstrumentationAnalysisTransform
Transforming bcprov-jdk18on-1.77.jar (org.bouncycastle:bcprov-jdk18on:1.77) with InstrumentationAnalysisTransform
Transforming bcprov-jdk18on-1.77.jar (org.bouncycastle:bcprov-jdk18on:1.77) with MergeInstrumentationAnalysisTransform
Transforming commons-compress-1.21.jar (org.apache.commons:commons-compress:1.21) with InstrumentationAnalysisTransform
Transforming commons-compress-1.21.jar (org.apache.commons:commons-compress:1.21) with MergeInstrumentationAnalysisTransform
Transforming httpclient-4.5.14.jar (org.apache.httpcomponents:httpclient:4.5.14) with InstrumentationAnalysisTransform
Transforming httpclient-4.5.14.jar (org.apache.httpcomponents:httpclient:4.5.14) with MergeInstrumentationAnalysisTransform
Transforming httpcore-4.4.16.jar (org.apache.httpcomponents:httpcore:4.4.16) with InstrumentationAnalysisTransform
Transforming core-proto-0.0.9-alpha02.jar (com.google.testing.platform:core-proto:0.0.9-alpha02) with ExternalDependencyInstrumentingArtifactTransform
Transforming flatbuffers-java-1.12.0.jar (com.google.flatbuffers:flatbuffers-java:1.12.0) with ExternalDependencyInstrumentingArtifactTransform
Transforming jimfs-1.1.jar (com.google.jimfs:jimfs:1.1) with ExternalDependencyInstrumentingArtifactTransform
Transforming grpc-context-1.57.0.jar (io.grpc:grpc-context:1.57.0) with ExternalDependencyInstrumentingArtifactTransform
Transforming grpc-stub-1.57.0.jar (io.grpc:grpc-stub:1.57.0) with ExternalDependencyInstrumentingArtifactTransform
Transforming grpc-api-1.57.0.jar (io.grpc:grpc-api:1.57.0) with ExternalDependencyInstrumentingArtifactTransform
Transforming httpcore-4.4.16.jar (org.apache.httpcomponents:httpcore:4.4.16) with MergeInstrumentationAnalysisTransform
Transforming javax.activation-1.2.0.jar (com.sun.activation:javax.activation:1.2.0) with InstrumentationAnalysisTransform
Transforming grpc-protobuf-lite-1.57.0.jar (io.grpc:grpc-protobuf-lite:1.57.0) with ExternalDependencyInstrumentingArtifactTransform
Transforming javax.activation-1.2.0.jar (com.sun.activation:javax.activation:1.2.0) with MergeInstrumentationAnalysisTransform
Transforming annotations-23.0.0.jar (org.jetbrains:annotations:23.0.0) with InstrumentationAnalysisTransform
Transforming annotations-23.0.0.jar (org.jetbrains:annotations:23.0.0) with MergeInstrumentationAnalysisTransform
Transforming dagger-2.28.3.jar (com.google.dagger:dagger:2.28.3) with ExternalDependencyInstrumentingArtifactTransform
Transforming signflinger-8.8.0.jar (com.android:signflinger:8.8.0) with InstrumentationAnalysisTransform
Transforming tensorflow-lite-metadata-0.1.0-rc2.jar (org.tensorflow:tensorflow-lite-metadata:0.1.0-rc2) with ExternalDependencyInstrumentingArtifactTransform
Transforming signflinger-8.8.0.jar (com.android:signflinger:8.8.0) with MergeInstrumentationAnalysisTransform
Transforming guava-32.0.1-jre.jar (com.google.guava:guava:32.0.1-jre) with ExternalDependencyInstrumentingArtifactTransform
Transforming zipflinger-8.8.0.jar (com.android:zipflinger:8.8.0) with InstrumentationAnalysisTransform
Transforming zipflinger-8.8.0.jar (com.android:zipflinger:8.8.0) with MergeInstrumentationAnalysisTransform
Transforming kxml2-2.3.0.jar (net.sf.kxml:kxml2:2.3.0) with ExternalDependencyInstrumentingArtifactTransform
Transforming bcutil-jdk18on-1.77.jar (org.bouncycastle:bcutil-jdk18on:1.77) with ExternalDependencyInstrumentingArtifactTransform
Transforming javax.inject-1.jar (javax.inject:javax.inject:1) with ExternalDependencyInstrumentingArtifactTransform
Transforming annotations-31.8.0.jar (com.android.tools:annotations:31.8.0) with InstrumentationAnalysisTransform
Transforming annotations-31.8.0.jar (com.android.tools:annotations:31.8.0) with MergeInstrumentationAnalysisTransform
Transforming jna-platform-5.6.0.jar (net.java.dev.jna:jna-platform:5.6.0) with InstrumentationAnalysisTransform
Transforming jna-platform-5.6.0.jar (net.java.dev.jna:jna-platform:5.6.0) with MergeInstrumentationAnalysisTransform
Transforming juniversalchardet-1.0.3.jar (com.googlecode.juniversalchardet:juniversalchardet:1.0.3) with InstrumentationAnalysisTransform
Transforming juniversalchardet-1.0.3.jar (com.googlecode.juniversalchardet:juniversalchardet:1.0.3) with MergeInstrumentationAnalysisTransform
Transforming javax.annotation-api-1.3.2.jar (javax.annotation:javax.annotation-api:1.3.2) with InstrumentationAnalysisTransform
Transforming httpclient-4.5.14.jar (org.apache.httpcomponents:httpclient:4.5.14) with ExternalDependencyInstrumentingArtifactTransform
Transforming httpcore-4.4.16.jar (org.apache.httpcomponents:httpcore:4.4.16) with ExternalDependencyInstrumentingArtifactTransform
Transforming bcprov-jdk18on-1.77.jar (org.bouncycastle:bcprov-jdk18on:1.77) with ExternalDependencyInstrumentingArtifactTransform
Transforming commons-compress-1.21.jar (org.apache.commons:commons-compress:1.21) with ExternalDependencyInstrumentingArtifactTransform
Transforming javax.annotation-api-1.3.2.jar (javax.annotation:javax.annotation-api:1.3.2) with MergeInstrumentationAnalysisTransform
Transforming stax-ex-1.8.1.jar (org.jvnet.staxex:stax-ex:1.8.1) with InstrumentationAnalysisTransform
Transforming javax.activation-1.2.0.jar (com.sun.activation:javax.activation:1.2.0) with ExternalDependencyInstrumentingArtifactTransform
Transforming stax-ex-1.8.1.jar (org.jvnet.staxex:stax-ex:1.8.1) with MergeInstrumentationAnalysisTransform
Transforming jakarta.xml.bind-api-2.3.2.jar (jakarta.xml.bind:jakarta.xml.bind-api:2.3.2) with InstrumentationAnalysisTransform
Transforming signflinger-8.8.0.jar (com.android:signflinger:8.8.0) with ExternalDependencyInstrumentingArtifactTransform
Transforming jakarta.xml.bind-api-2.3.2.jar (jakarta.xml.bind:jakarta.xml.bind-api:2.3.2) with MergeInstrumentationAnalysisTransform
Transforming txw2-2.3.2.jar (org.glassfish.jaxb:txw2:2.3.2) with InstrumentationAnalysisTransform
Transforming txw2-2.3.2.jar (org.glassfish.jaxb:txw2:2.3.2) with MergeInstrumentationAnalysisTransform
Transforming annotations-23.0.0.jar (org.jetbrains:annotations:23.0.0) with ExternalDependencyInstrumentingArtifactTransform
Transforming istack-commons-runtime-3.0.8.jar (com.sun.istack:istack-commons-runtime:3.0.8) with InstrumentationAnalysisTransform
Transforming istack-commons-runtime-3.0.8.jar (com.sun.istack:istack-commons-runtime:3.0.8) with MergeInstrumentationAnalysisTransform
Transforming FastInfoset-1.2.16.jar (com.sun.xml.fastinfoset:FastInfoset:1.2.16) with InstrumentationAnalysisTransform
Transforming jna-platform-5.6.0.jar (net.java.dev.jna:jna-platform:5.6.0) with ExternalDependencyInstrumentingArtifactTransform
Transforming zipflinger-8.8.0.jar (com.android:zipflinger:8.8.0) with ExternalDependencyInstrumentingArtifactTransform
Transforming annotations-31.8.0.jar (com.android.tools:annotations:31.8.0) with ExternalDependencyInstrumentingArtifactTransform
Transforming javax.annotation-api-1.3.2.jar (javax.annotation:javax.annotation-api:1.3.2) with ExternalDependencyInstrumentingArtifactTransform
Transforming jakarta.xml.bind-api-2.3.2.jar (jakarta.xml.bind:jakarta.xml.bind-api:2.3.2) with ExternalDependencyInstrumentingArtifactTransform
Transforming txw2-2.3.2.jar (org.glassfish.jaxb:txw2:2.3.2) with ExternalDependencyInstrumentingArtifactTransform
Transforming istack-commons-runtime-3.0.8.jar (com.sun.istack:istack-commons-runtime:3.0.8) with ExternalDependencyInstrumentingArtifactTransform
Transforming FastInfoset-1.2.16.jar (com.sun.xml.fastinfoset:FastInfoset:1.2.16) with MergeInstrumentationAnalysisTransform
Transforming jakarta.activation-api-1.2.1.jar (jakarta.activation:jakarta.activation-api:1.2.1) with InstrumentationAnalysisTransform
Transforming jakarta.activation-api-1.2.1.jar (jakarta.activation:jakarta.activation-api:1.2.1) with MergeInstrumentationAnalysisTransform
Transforming juniversalchardet-1.0.3.jar (com.googlecode.juniversalchardet:juniversalchardet:1.0.3) with ExternalDependencyInstrumentingArtifactTransform
Transforming FastInfoset-1.2.16.jar (com.sun.xml.fastinfoset:FastInfoset:1.2.16) with ExternalDependencyInstrumentingArtifactTransform
Transforming auto-value-annotations-1.6.2.jar (com.google.auto.value:auto-value-annotations:1.6.2) with InstrumentationAnalysisTransform
Transforming auto-value-annotations-1.6.2.jar (com.google.auto.value:auto-value-annotations:1.6.2) with MergeInstrumentationAnalysisTransform
Transforming stax-ex-1.8.1.jar (org.jvnet.staxex:stax-ex:1.8.1) with ExternalDependencyInstrumentingArtifactTransform
Transforming auto-value-annotations-1.6.2.jar (com.google.auto.value:auto-value-annotations:1.6.2) with ExternalDependencyInstrumentingArtifactTransform
Transforming jakarta.activation-api-1.2.1.jar (jakarta.activation:jakarta.activation-api:1.2.1) with ExternalDependencyInstrumentingArtifactTransform
Transforming error_prone_annotations-2.18.0.jar (com.google.errorprone:error_prone_annotations:2.18.0) with InstrumentationAnalysisTransform
Transforming error_prone_annotations-2.18.0.jar (com.google.errorprone:error_prone_annotations:2.18.0) with MergeInstrumentationAnalysisTransform
Transforming jose4j-0.9.5.jar (org.bitbucket.b_c:jose4j:0.9.5) with InstrumentationAnalysisTransform
Transforming jose4j-0.9.5.jar (org.bitbucket.b_c:jose4j:0.9.5) with MergeInstrumentationAnalysisTransform
Transforming slf4j-api-1.7.30.jar (org.slf4j:slf4j-api:1.7.30) with InstrumentationAnalysisTransform
Transforming error_prone_annotations-2.18.0.jar (com.google.errorprone:error_prone_annotations:2.18.0) with ExternalDependencyInstrumentingArtifactTransform
Transforming slf4j-api-1.7.30.jar (org.slf4j:slf4j-api:1.7.30) with MergeInstrumentationAnalysisTransform
Transforming jdom2-2.0.6.jar (org.jdom:jdom2:2.0.6) with InstrumentationAnalysisTransform
Transforming jdom2-2.0.6.jar (org.jdom:jdom2:2.0.6) with MergeInstrumentationAnalysisTransform
Transforming jsr305-3.0.2.jar (com.google.code.findbugs:jsr305:3.0.2) with InstrumentationAnalysisTransform
Transforming jsr305-3.0.2.jar (com.google.code.findbugs:jsr305:3.0.2) with MergeInstrumentationAnalysisTransform
Transforming j2objc-annotations-2.8.jar (com.google.j2objc:j2objc-annotations:2.8) with InstrumentationAnalysisTransform
Transforming slf4j-api-1.7.30.jar (org.slf4j:slf4j-api:1.7.30) with ExternalDependencyInstrumentingArtifactTransform
Transforming jose4j-0.9.5.jar (org.bitbucket.b_c:jose4j:0.9.5) with ExternalDependencyInstrumentingArtifactTransform
Transforming j2objc-annotations-2.8.jar (com.google.j2objc:j2objc-annotations:2.8) with MergeInstrumentationAnalysisTransform
Transforming annotations-4.1.1.4.jar (com.google.android:annotations:4.1.1.4) with InstrumentationAnalysisTransform
Transforming annotations-4.1.1.4.jar (com.google.android:annotations:4.1.1.4) with MergeInstrumentationAnalysisTransform
Transforming animal-sniffer-annotations-1.23.jar (org.codehaus.mojo:animal-sniffer-annotations:1.23) with InstrumentationAnalysisTransform
Transforming animal-sniffer-annotations-1.23.jar (org.codehaus.mojo:animal-sniffer-annotations:1.23) with MergeInstrumentationAnalysisTransform
Transforming perfmark-api-0.26.0.jar (io.perfmark:perfmark-api:0.26.0) with InstrumentationAnalysisTransform
Transforming perfmark-api-0.26.0.jar (io.perfmark:perfmark-api:0.26.0) with MergeInstrumentationAnalysisTransform
Transforming jdom2-2.0.6.jar (org.jdom:jdom2:2.0.6) with ExternalDependencyInstrumentingArtifactTransform
Transforming j2objc-annotations-2.8.jar (com.google.j2objc:j2objc-annotations:2.8) with ExternalDependencyInstrumentingArtifactTransform
Transforming netty-codec-http2-4.1.93.Final.jar (io.netty:netty-codec-http2:4.1.93.Final) with InstrumentationAnalysisTransform
Transforming jsr305-3.0.2.jar (com.google.code.findbugs:jsr305:3.0.2) with ExternalDependencyInstrumentingArtifactTransform
Transforming netty-codec-http2-4.1.93.Final.jar (io.netty:netty-codec-http2:4.1.93.Final) with MergeInstrumentationAnalysisTransform
Transforming netty-handler-proxy-4.1.93.Final.jar (io.netty:netty-handler-proxy:4.1.93.Final) with InstrumentationAnalysisTransform
Transforming netty-handler-proxy-4.1.93.Final.jar (io.netty:netty-handler-proxy:4.1.93.Final) with MergeInstrumentationAnalysisTransform
Transforming netty-codec-http-4.1.93.Final.jar (io.netty:netty-codec-http:4.1.93.Final) with InstrumentationAnalysisTransform
Transforming netty-codec-http-4.1.93.Final.jar (io.netty:netty-codec-http:4.1.93.Final) with MergeInstrumentationAnalysisTransform
Transforming netty-handler-4.1.93.Final.jar (io.netty:netty-handler:4.1.93.Final) with InstrumentationAnalysisTransform
Transforming netty-handler-4.1.93.Final.jar (io.netty:netty-handler:4.1.93.Final) with MergeInstrumentationAnalysisTransform
Transforming netty-transport-native-unix-common-4.1.93.Final.jar (io.netty:netty-transport-native-unix-common:4.1.93.Final) with InstrumentationAnalysisTransform
Transforming animal-sniffer-annotations-1.23.jar (org.codehaus.mojo:animal-sniffer-annotations:1.23) with ExternalDependencyInstrumentingArtifactTransform
Transforming annotations-4.1.1.4.jar (com.google.android:annotations:4.1.1.4) with ExternalDependencyInstrumentingArtifactTransform
Transforming netty-transport-native-unix-common-4.1.93.Final.jar (io.netty:netty-transport-native-unix-common:4.1.93.Final) with MergeInstrumentationAnalysisTransform
Transforming checker-qual-3.33.0.jar (org.checkerframework:checker-qual:3.33.0) with InstrumentationAnalysisTransform
Transforming checker-qual-3.33.0.jar (org.checkerframework:checker-qual:3.33.0) with MergeInstrumentationAnalysisTransform
Transforming commons-codec-1.11.jar (commons-codec:commons-codec:1.11) with InstrumentationAnalysisTransform
Transforming netty-handler-proxy-4.1.93.Final.jar (io.netty:netty-handler-proxy:4.1.93.Final) with ExternalDependencyInstrumentingArtifactTransform
Transforming commons-codec-1.11.jar (commons-codec:commons-codec:1.11) with MergeInstrumentationAnalysisTransform
Transforming apksig-8.8.0.jar (com.android.tools.build:apksig:8.8.0) with InstrumentationAnalysisTransform
Transforming netty-handler-4.1.93.Final.jar (io.netty:netty-handler:4.1.93.Final) with ExternalDependencyInstrumentingArtifactTransform
Transforming apksig-8.8.0.jar (com.android.tools.build:apksig:8.8.0) with MergeInstrumentationAnalysisTransform
Transforming netty-codec-http2-4.1.93.Final.jar (io.netty:netty-codec-http2:4.1.93.Final) with ExternalDependencyInstrumentingArtifactTransform
Transforming javawriter-2.5.0.jar (com.squareup:javawriter:2.5.0) with InstrumentationAnalysisTransform
Transforming javawriter-2.5.0.jar (com.squareup:javawriter:2.5.0) with MergeInstrumentationAnalysisTransform
Transforming failureaccess-1.0.1.jar (com.google.guava:failureaccess:1.0.1) with InstrumentationAnalysisTransform
Transforming failureaccess-1.0.1.jar (com.google.guava:failureaccess:1.0.1) with MergeInstrumentationAnalysisTransform
Transforming checker-qual-3.33.0.jar (org.checkerframework:checker-qual:3.33.0) with ExternalDependencyInstrumentingArtifactTransform
Transforming netty-transport-native-unix-common-4.1.93.Final.jar (io.netty:netty-transport-native-unix-common:4.1.93.Final) with ExternalDependencyInstrumentingArtifactTransform
Transforming listenablefuture-9999.0-empty-to-avoid-conflict-with-guava.jar (com.google.guava:listenablefuture:9999.0-empty-to-avoid-conflict-with-guava) with InstrumentationAnalysisTransform
Transforming perfmark-api-0.26.0.jar (io.perfmark:perfmark-api:0.26.0) with ExternalDependencyInstrumentingArtifactTransform
Transforming commons-codec-1.11.jar (commons-codec:commons-codec:1.11) with ExternalDependencyInstrumentingArtifactTransform
Transforming javawriter-2.5.0.jar (com.squareup:javawriter:2.5.0) with ExternalDependencyInstrumentingArtifactTransform
Transforming listenablefuture-9999.0-empty-to-avoid-conflict-with-guava.jar (com.google.guava:listenablefuture:9999.0-empty-to-avoid-conflict-with-guava) with MergeInstrumentationAnalysisTransform
Transforming commons-logging-1.2.jar (commons-logging:commons-logging:1.2) with InstrumentationAnalysisTransform
Transforming commons-logging-1.2.jar (commons-logging:commons-logging:1.2) with MergeInstrumentationAnalysisTransform
Transforming netty-codec-http-4.1.93.Final.jar (io.netty:netty-codec-http:4.1.93.Final) with ExternalDependencyInstrumentingArtifactTransform
Transforming jna-5.6.0.jar (net.java.dev.jna:jna:5.6.0) with InstrumentationAnalysisTransform
Transforming apksig-8.8.0.jar (com.android.tools.build:apksig:8.8.0) with ExternalDependencyInstrumentingArtifactTransform
Transforming jna-5.6.0.jar (net.java.dev.jna:jna:5.6.0) with MergeInstrumentationAnalysisTransform
Transforming commons-logging-1.2.jar (commons-logging:commons-logging:1.2) with ExternalDependencyInstrumentingArtifactTransform
Transforming failureaccess-1.0.1.jar (com.google.guava:failureaccess:1.0.1) with ExternalDependencyInstrumentingArtifactTransform
Transforming netty-codec-socks-4.1.93.Final.jar (io.netty:netty-codec-socks:4.1.93.Final) with InstrumentationAnalysisTransform
Transforming netty-codec-socks-4.1.93.Final.jar (io.netty:netty-codec-socks:4.1.93.Final) with MergeInstrumentationAnalysisTransform
Transforming listenablefuture-9999.0-empty-to-avoid-conflict-with-guava.jar (com.google.guava:listenablefuture:9999.0-empty-to-avoid-conflict-with-guava) with ExternalDependencyInstrumentingArtifactTransform
Transforming netty-codec-4.1.93.Final.jar (io.netty:netty-codec:4.1.93.Final) with InstrumentationAnalysisTransform
Transforming netty-codec-4.1.93.Final.jar (io.netty:netty-codec:4.1.93.Final) with MergeInstrumentationAnalysisTransform
Transforming netty-transport-4.1.93.Final.jar (io.netty:netty-transport:4.1.93.Final) with InstrumentationAnalysisTransform
Transforming netty-transport-4.1.93.Final.jar (io.netty:netty-transport:4.1.93.Final) with MergeInstrumentationAnalysisTransform
Transforming netty-buffer-4.1.93.Final.jar (io.netty:netty-buffer:4.1.93.Final) with InstrumentationAnalysisTransform
Transforming netty-buffer-4.1.93.Final.jar (io.netty:netty-buffer:4.1.93.Final) with MergeInstrumentationAnalysisTransform
Transforming netty-resolver-4.1.93.Final.jar (io.netty:netty-resolver:4.1.93.Final) with InstrumentationAnalysisTransform
Transforming netty-resolver-4.1.93.Final.jar (io.netty:netty-resolver:4.1.93.Final) with MergeInstrumentationAnalysisTransform
Transforming netty-common-4.1.93.Final.jar (io.netty:netty-common:4.1.93.Final) with InstrumentationAnalysisTransform
Transforming netty-codec-4.1.93.Final.jar (io.netty:netty-codec:4.1.93.Final) with ExternalDependencyInstrumentingArtifactTransform
Transforming netty-codec-socks-4.1.93.Final.jar (io.netty:netty-codec-socks:4.1.93.Final) with ExternalDependencyInstrumentingArtifactTransform
Transforming netty-common-4.1.93.Final.jar (io.netty:netty-common:4.1.93.Final) with MergeInstrumentationAnalysisTransform
Transforming netty-transport-4.1.93.Final.jar (io.netty:netty-transport:4.1.93.Final) with ExternalDependencyInstrumentingArtifactTransform
Transforming netty-common-4.1.93.Final.jar (io.netty:netty-common:4.1.93.Final) with ExternalDependencyInstrumentingArtifactTransform
Transforming jna-5.6.0.jar (net.java.dev.jna:jna:5.6.0) with ExternalDependencyInstrumentingArtifactTransform
Transforming netty-resolver-4.1.93.Final.jar (io.netty:netty-resolver:4.1.93.Final) with ExternalDependencyInstrumentingArtifactTransform
Transforming netty-buffer-4.1.93.Final.jar (io.netty:netty-buffer:4.1.93.Final) with ExternalDependencyInstrumentingArtifactTransform

> Configure project :app
Evaluating project ':app' using build file '/data/data/com.termux/files/home/HyperPS3/HyperPS3/app/build.gradle'.
WARNING: The option setting 'android.aapt2FromMavenOverride=/data/data/com.termux/files/usr/bin/aapt2' is experimental.
Using default execution profile
C/C++: android.ndkVersion from module build.gradle is [27.0.12077973]
C/C++: android.ndkPath from module build.gradle is not set
C/C++: ndk.dir in local.properties is not set
C/C++: Not considering ANDROID_NDK_HOME because support was removed after deprecation period.
C/C++: sdkFolder is /data/data/com.termux/files/home/android-sdk
C/C++: android.ndkVersion from module build.gradle is [27.0.12077973]
C/C++: android.ndkPath from module build.gradle is not set
C/C++: ndk.dir in local.properties is not set
C/C++: Not considering ANDROID_NDK_HOME because support was removed after deprecation period.
C/C++: sdkFolder is /data/data/com.termux/files/home/android-sdk
C/C++: android.ndkVersion from module build.gradle is [27.0.12077973]
C/C++: android.ndkPath from module build.gradle is not set
C/C++: ndk.dir in local.properties is not set
C/C++: Not considering ANDROID_NDK_HOME because support was removed after deprecation period.
C/C++: sdkFolder is /data/data/com.termux/files/home/android-sdk
C/C++: android.ndkVersion from module build.gradle is [27.0.12077973]
C/C++: android.ndkPath from module build.gradle is not set
C/C++: ndk.dir in local.properties is not set
C/C++: Not considering ANDROID_NDK_HOME because support was removed after deprecation period.
C/C++: sdkFolder is /data/data/com.termux/files/home/android-sdk
C/C++: android.ndkVersion from module build.gradle is [27.0.12077973]
C/C++: android.ndkPath from module build.gradle is not set
C/C++: ndk.dir in local.properties is not set
C/C++: Not considering ANDROID_NDK_HOME because support was removed after deprecation period.
C/C++: sdkFolder is /data/data/com.termux/files/home/android-sdk
C/C++: android.ndkVersion from module build.gradle is [27.0.12077973]
C/C++: android.ndkPath from module build.gradle is not set
C/C++: ndk.dir in local.properties is not set
C/C++: Not considering ANDROID_NDK_HOME because support was removed after deprecation period.
C/C++: sdkFolder is /data/data/com.termux/files/home/android-sdk
C/C++: android.ndkVersion from module build.gradle is [27.0.12077973]
C/C++: android.ndkPath from module build.gradle is not set
C/C++: ndk.dir in local.properties is not set
C/C++: Not considering ANDROID_NDK_HOME because support was removed after deprecation period.
C/C++: sdkFolder is /data/data/com.termux/files/home/android-sdk
C/C++: android.ndkVersion from module build.gradle is [27.0.12077973]
C/C++: android.ndkPath from module build.gradle is not set
C/C++: ndk.dir in local.properties is not set
C/C++: Not considering ANDROID_NDK_HOME because support was removed after deprecation period.
C/C++: sdkFolder is /data/data/com.termux/files/home/android-sdk
C/C++: android.ndkVersion from module build.gradle is [27.0.12077973]
C/C++: android.ndkPath from module build.gradle is not set
C/C++: ndk.dir in local.properties is not set
C/C++: Not considering ANDROID_NDK_HOME because support was removed after deprecation period.
C/C++: sdkFolder is /data/data/com.termux/files/home/android-sdk
C/C++: android.ndkVersion from module build.gradle is [27.0.12077973]
C/C++: android.ndkPath from module build.gradle is not set
C/C++: ndk.dir in local.properties is not set
C/C++: Not considering ANDROID_NDK_HOME because support was removed after deprecation period.
C/C++: sdkFolder is /data/data/com.termux/files/home/android-sdk
C/C++: android.ndkVersion from module build.gradle is [27.0.12077973]
C/C++: android.ndkPath from module build.gradle is not set
C/C++: ndk.dir in local.properties is not set
C/C++: Not considering ANDROID_NDK_HOME because support was removed after deprecation period.
C/C++: sdkFolder is /data/data/com.termux/files/home/android-sdk
C/C++: android.ndkVersion from module build.gradle is [27.0.12077973]
C/C++: android.ndkPath from module build.gradle is not set
C/C++: ndk.dir in local.properties is not set
C/C++: Not considering ANDROID_NDK_HOME because support was removed after deprecation period.
C/C++: sdkFolder is /data/data/com.termux/files/home/android-sdk
C/C++: android.ndkVersion from module build.gradle is [27.0.12077973]
C/C++: android.ndkPath from module build.gradle is not set
C/C++: ndk.dir in local.properties is not set
C/C++: Not considering ANDROID_NDK_HOME because support was removed after deprecation period.
C/C++: sdkFolder is /data/data/com.termux/files/home/android-sdk
All projects evaluated.
Task name matched 'assembleDebug'
Selected primary task 'assembleDebug' from project :
Tasks to be executed: [task ':app:preBuild', task ':app:preDebugBuild', task ':app:mergeDebugNativeDebugMetadata', task ':app:javaPreCompileDebug', task ':app:checkDebugAarMetadata', task ':app:generateDebugResValues', task ':app:mapDebugSourceSetPaths', task ':app:generateDebugResources', task ':app:mergeDebugResources', task ':app:packageDebugResources', task ':app:parseDebugLocalResources', task ':app:createDebugCompatibleScreenManifests', task ':app:extractDeepLinksDebug', task ':app:processDebugMainManifest', task ':app:processDebugManifest', task ':app:processDebugManifestForPackage', task ':app:processDebugResources', task ':app:compileDebugJavaWithJavac', task ':app:mergeDebugShaders', task ':app:compileDebugShaders', task ':app:generateDebugAssets', task ':app:mergeDebugAssets', task ':app:compressDebugAssets', task ':app:processDebugJavaRes', task ':app:mergeDebugJavaResource', task ':app:checkDebugDuplicateClasses', task ':app:desugarDebugFileDependencies', task ':app:mergeExtDexDebug', task ':app:mergeLibDexDebug', task ':app:dexBuilderDebug', task ':app:mergeProjectDexDebug', task ':app:configureCMakeDebug[arm64-v8a]', task ':app:buildCMakeDebug[arm64-v8a]', task ':app:mergeDebugJniLibFolders', task ':app:mergeDebugNativeLibs', task ':app:stripDebugDebugSymbols', task ':app:validateSigningDebug', task ':app:writeDebugAppMetadata', task ':app:writeDebugSigningConfigVersions', task ':app:packageDebug', task ':app:createDebugApkListingFileRedirect', task ':app:assembleDebug']
Tasks that were excluded: []
Resolve mutations for :app:preBuild (Thread[#319,Execution worker,5,main]) started.
:app:preBuild (Thread[#319,Execution worker,5,main]) started.

> Task :app:preBuild UP-TO-DATE
Skipping task ':app:preBuild' as it has no actions.
Resolve mutations for :app:preDebugBuild (Thread[#319,Execution worker,5,main]) started.
:app:preDebugBuild (Thread[#319,Execution worker,5,main]) started.

> Task :app:preDebugBuild UP-TO-DATE
Skipping task ':app:preDebugBuild' as it has no actions.
Resolve mutations for :app:mergeDebugNativeDebugMetadata (Thread[#319,Execution worker,5,main]) started.
:app:mergeDebugNativeDebugMetadata (Thread[#320,Execution worker Thread 2,5,main]) started.

> Task :app:mergeDebugNativeDebugMetadata NO-SOURCE
Skipping task ':app:mergeDebugNativeDebugMetadata' as it has no source files and no previous output files.
Resolve mutations for :app:javaPreCompileDebug (Thread[#320,Execution worker Thread 2,5,main]) started.
:app:javaPreCompileDebug (Thread[#320,Execution worker Thread 2,5,main]) started.

> Task :app:javaPreCompileDebug UP-TO-DATE
Build cache key for task ':app:javaPreCompileDebug' is ffaf881d958276941fd612e96df64a46
Skipping task ':app:javaPreCompileDebug' as it is up-to-date.
Resolve mutations for :app:checkDebugAarMetadata (Thread[#320,Execution worker Thread 2,5,main]) started.
:app:checkDebugAarMetadata (Thread[#320,Execution worker Thread 2,5,main]) started.

> Task :app:checkDebugAarMetadata UP-TO-DATE
Transforming material-1.10.0.aar (com.google.android.material:material:1.10.0) with JetifyTransform
Transforming fragment-ktx-1.3.6.aar (androidx.fragment:fragment-ktx:1.3.6) with JetifyTransform
Transforming preference-1.2.1.aar (androidx.preference:preference:1.2.1) with JetifyTransform
Transforming constraintlayout-2.1.4.aar (androidx.constraintlayout:constraintlayout:2.1.4) with JetifyTransform
Transforming material-1.10.0.aar (com.google.android.material:material:1.10.0) with ExtractAarTransform
Transforming constraintlayout-2.1.4.aar (androidx.constraintlayout:constraintlayout:2.1.4) with ExtractAarTransform
Transforming material-1.10.0.aar (com.google.android.material:material:1.10.0) with AarTransform
Transforming constraintlayout-2.1.4.aar (androidx.constraintlayout:constraintlayout:2.1.4) with AarTransform
Transforming viewpager2-1.0.0.aar (androidx.viewpager2:viewpager2:1.0.0) with JetifyTransform
Transforming viewpager2-1.0.0.aar (androidx.viewpager2:viewpager2:1.0.0) with ExtractAarTransform
Transforming viewpager2-1.0.0.aar (androidx.viewpager2:viewpager2:1.0.0) with AarTransform
Transforming preference-1.2.1.aar (androidx.preference:preference:1.2.1) with ExtractAarTransform
Transforming appcompat-1.6.1.aar (androidx.appcompat:appcompat:1.6.1) with JetifyTransform
Transforming fragment-ktx-1.3.6.aar (androidx.fragment:fragment-ktx:1.3.6) with ExtractAarTransform
Transforming appcompat-1.6.1.aar (androidx.appcompat:appcompat:1.6.1) with ExtractAarTransform
Transforming appcompat-1.6.1.aar (androidx.appcompat:appcompat:1.6.1) with AarTransform
Transforming appcompat-resources-1.6.1.aar (androidx.appcompat:appcompat-resources:1.6.1) with JetifyTransform
Transforming preference-1.2.1.aar (androidx.preference:preference:1.2.1) with AarTransform
Transforming fragment-ktx-1.3.6.aar (androidx.fragment:fragment-ktx:1.3.6) with AarTransform
Transforming fragment-1.3.6.aar (androidx.fragment:fragment:1.3.6) with JetifyTransform
Transforming fragment-1.3.6.aar (androidx.fragment:fragment:1.3.6) with ExtractAarTransform
Transforming fragment-1.3.6.aar (androidx.fragment:fragment:1.3.6) with AarTransform
Transforming appcompat-resources-1.6.1.aar (androidx.appcompat:appcompat-resources:1.6.1) with ExtractAarTransform
Transforming appcompat-resources-1.6.1.aar (androidx.appcompat:appcompat-resources:1.6.1) with AarTransform
Transforming fragment-1.3.6.aar (androidx.fragment:fragment:1.3.6) with JetifyTransform
Transforming fragment-1.3.6.aar (androidx.fragment:fragment:1.3.6) with ExtractAarTransform
Transforming fragment-1.3.6.aar (androidx.fragment:fragment:1.3.6) with AarTransform
Transforming activity-ktx-1.8.0.aar (androidx.activity:activity-ktx:1.8.0) with JetifyTransform
Transforming activity-1.8.0.aar (androidx.activity:activity:1.8.0) with JetifyTransform
Transforming activity-1.8.0.aar (androidx.activity:activity:1.8.0) with ExtractAarTransform
Transforming activity-1.8.0.aar (androidx.activity:activity:1.8.0) with AarTransform
Transforming emoji2-views-helper-1.2.0.aar (androidx.emoji2:emoji2-views-helper:1.2.0) with JetifyTransform
Transforming activity-ktx-1.8.0.aar (androidx.activity:activity-ktx:1.8.0) with ExtractAarTransform
Transforming emoji2-views-helper-1.2.0.aar (androidx.emoji2:emoji2-views-helper:1.2.0) with ExtractAarTransform
Transforming activity-ktx-1.8.0.aar (androidx.activity:activity-ktx:1.8.0) with AarTransform
Transforming emoji2-1.2.0.aar (androidx.emoji2:emoji2:1.2.0) with JetifyTransform
Transforming drawerlayout-1.1.1.aar (androidx.drawerlayout:drawerlayout:1.1.1) with JetifyTransform
Transforming drawerlayout-1.1.1.aar (androidx.drawerlayout:drawerlayout:1.1.1) with ExtractAarTransform
Transforming drawerlayout-1.1.1.aar (androidx.drawerlayout:drawerlayout:1.1.1) with AarTransform
Transforming coordinatorlayout-1.1.0.aar (androidx.coordinatorlayout:coordinatorlayout:1.1.0) with JetifyTransform
Transforming emoji2-1.2.0.aar (androidx.emoji2:emoji2:1.2.0) with ExtractAarTransform
Transforming emoji2-views-helper-1.2.0.aar (androidx.emoji2:emoji2-views-helper:1.2.0) with AarTransform
Transforming coordinatorlayout-1.1.0.aar (androidx.coordinatorlayout:coordinatorlayout:1.1.0) with ExtractAarTransform
Transforming emoji2-1.2.0.aar (androidx.emoji2:emoji2:1.2.0) with AarTransform
Transforming coordinatorlayout-1.1.0.aar (androidx.coordinatorlayout:coordinatorlayout:1.1.0) with AarTransform
Transforming dynamicanimation-1.0.0.aar (androidx.dynamicanimation:dynamicanimation:1.0.0) with JetifyTransform
Transforming vectordrawable-animated-1.1.0.aar (androidx.vectordrawable:vectordrawable-animated:1.1.0) with JetifyTransform
Transforming vectordrawable-1.1.0.aar (androidx.vectordrawable:vectordrawable:1.1.0) with JetifyTransform
Transforming vectordrawable-animated-1.1.0.aar (androidx.vectordrawable:vectordrawable-animated:1.1.0) with ExtractAarTransform
Transforming vectordrawable-animated-1.1.0.aar (androidx.vectordrawable:vectordrawable-animated:1.1.0) with AarTransform
Transforming slidingpanelayout-1.2.0.aar (androidx.slidingpanelayout:slidingpanelayout:1.2.0) with JetifyTransform
Transforming legacy-support-core-utils-1.0.0.aar (androidx.legacy:legacy-support-core-utils:1.0.0) with JetifyTransform
Transforming slidingpanelayout-1.2.0.aar (androidx.slidingpanelayout:slidingpanelayout:1.2.0) with ExtractAarTransform
Transforming legacy-support-core-utils-1.0.0.aar (androidx.legacy:legacy-support-core-utils:1.0.0) with ExtractAarTransform
Transforming vectordrawable-1.1.0.aar (androidx.vectordrawable:vectordrawable:1.1.0) with ExtractAarTransform
Transforming dynamicanimation-1.0.0.aar (androidx.dynamicanimation:dynamicanimation:1.0.0) with ExtractAarTransform
Transforming dynamicanimation-1.0.0.aar (androidx.dynamicanimation:dynamicanimation:1.0.0) with AarTransform
Transforming vectordrawable-1.1.0.aar (androidx.vectordrawable:vectordrawable:1.1.0) with AarTransform
Transforming loader-1.0.0.aar (androidx.loader:loader:1.0.0) with JetifyTransform
Transforming loader-1.0.0.aar (androidx.loader:loader:1.0.0) with ExtractAarTransform
Transforming loader-1.0.0.aar (androidx.loader:loader:1.0.0) with AarTransform
Transforming loader-1.0.0.aar (androidx.loader:loader:1.0.0) with JetifyTransform
Transforming loader-1.0.0.aar (androidx.loader:loader:1.0.0) with ExtractAarTransform
Transforming loader-1.0.0.aar (androidx.loader:loader:1.0.0) with AarTransform
Transforming legacy-support-core-utils-1.0.0.aar (androidx.legacy:legacy-support-core-utils:1.0.0) with AarTransform
Transforming slidingpanelayout-1.2.0.aar (androidx.slidingpanelayout:slidingpanelayout:1.2.0) with AarTransform
Transforming vectordrawable-1.1.0.aar (androidx.vectordrawable:vectordrawable:1.1.0) with JetifyTransform
Transforming vectordrawable-1.1.0.aar (androidx.vectordrawable:vectordrawable:1.1.0) with ExtractAarTransform
Transforming vectordrawable-1.1.0.aar (androidx.vectordrawable:vectordrawable:1.1.0) with AarTransform
Transforming savedstate-ktx-1.2.1.aar (androidx.savedstate:savedstate-ktx:1.2.1) with JetifyTransform
Transforming savedstate-ktx-1.2.1.aar (androidx.savedstate:savedstate-ktx:1.2.1) with ExtractAarTransform
Transforming savedstate-ktx-1.2.1.aar (androidx.savedstate:savedstate-ktx:1.2.1) with AarTransform
Transforming savedstate-1.2.1.aar (androidx.savedstate:savedstate:1.2.1) with JetifyTransform
Transforming savedstate-1.2.1.aar (androidx.savedstate:savedstate:1.2.1) with ExtractAarTransform
Transforming savedstate-1.2.1.aar (androidx.savedstate:savedstate:1.2.1) with AarTransform
Transforming lifecycle-runtime-ktx-2.6.1.aar (androidx.lifecycle:lifecycle-runtime-ktx:2.6.1) with JetifyTransform
Transforming lifecycle-viewmodel-ktx-2.6.1.aar (androidx.lifecycle:lifecycle-viewmodel-ktx:2.6.1) with JetifyTransform
Transforming lifecycle-runtime-ktx-2.6.1.aar (androidx.lifecycle:lifecycle-runtime-ktx:2.6.1) with ExtractAarTransform
Transforming lifecycle-livedata-core-ktx-2.6.1.aar (androidx.lifecycle:lifecycle-livedata-core-ktx:2.6.1) with JetifyTransform
Transforming lifecycle-runtime-ktx-2.6.1.aar (androidx.lifecycle:lifecycle-runtime-ktx:2.6.1) with AarTransform
Transforming lifecycle-viewmodel-ktx-2.6.1.aar (androidx.lifecycle:lifecycle-viewmodel-ktx:2.6.1) with ExtractAarTransform
Transforming lifecycle-livedata-core-ktx-2.6.1.aar (androidx.lifecycle:lifecycle-livedata-core-ktx:2.6.1) with ExtractAarTransform
Transforming lifecycle-livedata-2.6.1.aar (androidx.lifecycle:lifecycle-livedata:2.6.1) with JetifyTransform
Transforming lifecycle-livedata-core-ktx-2.6.1.aar (androidx.lifecycle:lifecycle-livedata-core-ktx:2.6.1) with AarTransform
Transforming lifecycle-process-2.6.1.aar (androidx.lifecycle:lifecycle-process:2.6.1) with JetifyTransform
Transforming lifecycle-process-2.6.1.aar (androidx.lifecycle:lifecycle-process:2.6.1) with ExtractAarTransform
Transforming lifecycle-process-2.6.1.aar (androidx.lifecycle:lifecycle-process:2.6.1) with AarTransform
Transforming lifecycle-viewmodel-ktx-2.6.1.aar (androidx.lifecycle:lifecycle-viewmodel-ktx:2.6.1) with AarTransform
Transforming lifecycle-livedata-2.6.1.aar (androidx.lifecycle:lifecycle-livedata:2.6.1) with ExtractAarTransform
Transforming lifecycle-livedata-2.6.1.aar (androidx.lifecycle:lifecycle-livedata:2.6.1) with AarTransform
Transforming lifecycle-livedata-core-2.6.1.aar (androidx.lifecycle:lifecycle-livedata-core:2.6.1) with JetifyTransform
Transforming lifecycle-viewmodel-2.6.1.aar (androidx.lifecycle:lifecycle-viewmodel:2.6.1) with JetifyTransform
Transforming lifecycle-livedata-core-2.6.1.aar (androidx.lifecycle:lifecycle-livedata-core:2.6.1) with ExtractAarTransform
Transforming lifecycle-viewmodel-2.6.1.aar (androidx.lifecycle:lifecycle-viewmodel:2.6.1) with ExtractAarTransform
Transforming lifecycle-livedata-core-2.6.1.aar (androidx.lifecycle:lifecycle-livedata-core:2.6.1) with AarTransform
Transforming lifecycle-viewmodel-2.6.1.aar (androidx.lifecycle:lifecycle-viewmodel:2.6.1) with AarTransform
Transforming lifecycle-viewmodel-2.6.1.aar (androidx.lifecycle:lifecycle-viewmodel:2.6.1) with JetifyTransform
Transforming lifecycle-runtime-2.6.1.aar (androidx.lifecycle:lifecycle-runtime:2.6.1) with JetifyTransform
Transforming lifecycle-runtime-2.6.1.aar (androidx.lifecycle:lifecycle-runtime:2.6.1) with ExtractAarTransform
Transforming lifecycle-runtime-2.6.1.aar (androidx.lifecycle:lifecycle-runtime:2.6.1) with AarTransform
Transforming lifecycle-viewmodel-savedstate-2.6.1.aar (androidx.lifecycle:lifecycle-viewmodel-savedstate:2.6.1) with JetifyTransform
Transforming lifecycle-viewmodel-savedstate-2.6.1.aar (androidx.lifecycle:lifecycle-viewmodel-savedstate:2.6.1) with ExtractAarTransform
Transforming lifecycle-viewmodel-2.6.1.aar (androidx.lifecycle:lifecycle-viewmodel:2.6.1) with ExtractAarTransform
Transforming lifecycle-viewmodel-savedstate-2.6.1.aar (androidx.lifecycle:lifecycle-viewmodel-savedstate:2.6.1) with AarTransform
Transforming lifecycle-viewmodel-2.6.1.aar (androidx.lifecycle:lifecycle-viewmodel:2.6.1) with AarTransform
Transforming viewpager-1.0.0.aar (androidx.viewpager:viewpager:1.0.0) with JetifyTransform
Transforming core-ktx-1.9.0.aar (androidx.core:core-ktx:1.9.0) with JetifyTransform
Transforming viewpager-1.0.0.aar (androidx.viewpager:viewpager:1.0.0) with ExtractAarTransform
Transforming viewpager-1.0.0.aar (androidx.viewpager:viewpager:1.0.0) with AarTransform
Transforming recyclerview-1.1.0.aar (androidx.recyclerview:recyclerview:1.1.0) with JetifyTransform
Transforming recyclerview-1.1.0.aar (androidx.recyclerview:recyclerview:1.1.0) with JetifyTransform
Transforming recyclerview-1.1.0.aar (androidx.recyclerview:recyclerview:1.1.0) with ExtractAarTransform
Transforming core-ktx-1.9.0.aar (androidx.core:core-ktx:1.9.0) with ExtractAarTransform
Transforming recyclerview-1.1.0.aar (androidx.recyclerview:recyclerview:1.1.0) with ExtractAarTransform
Transforming recyclerview-1.1.0.aar (androidx.recyclerview:recyclerview:1.1.0) with AarTransform
Transforming recyclerview-1.1.0.aar (androidx.recyclerview:recyclerview:1.1.0) with AarTransform
Transforming customview-1.1.0.aar (androidx.customview:customview:1.1.0) with JetifyTransform
Transforming core-ktx-1.9.0.aar (androidx.core:core-ktx:1.9.0) with AarTransform
Transforming customview-1.1.0.aar (androidx.customview:customview:1.1.0) with JetifyTransform
Transforming customview-1.1.0.aar (androidx.customview:customview:1.1.0) with ExtractAarTransform
Transforming customview-1.1.0.aar (androidx.customview:customview:1.1.0) with ExtractAarTransform
Transforming customview-1.1.0.aar (androidx.customview:customview:1.1.0) with AarTransform
Transforming customview-1.1.0.aar (androidx.customview:customview:1.1.0) with AarTransform
Transforming customview-1.1.0.aar (androidx.customview:customview:1.1.0) with JetifyTransform
Transforming customview-1.1.0.aar (androidx.customview:customview:1.1.0) with ExtractAarTransform
Transforming customview-1.1.0.aar (androidx.customview:customview:1.1.0) with AarTransform
Transforming customview-1.1.0.aar (androidx.customview:customview:1.1.0) with JetifyTransform
Transforming customview-1.1.0.aar (androidx.customview:customview:1.1.0) with JetifyTransform
Transforming customview-1.1.0.aar (androidx.customview:customview:1.1.0) with ExtractAarTransform
Transforming customview-1.1.0.aar (androidx.customview:customview:1.1.0) with ExtractAarTransform
Transforming customview-1.1.0.aar (androidx.customview:customview:1.1.0) with AarTransform
Transforming customview-1.1.0.aar (androidx.customview:customview:1.1.0) with AarTransform
Transforming transition-1.4.1.aar (androidx.transition:transition:1.4.1) with JetifyTransform
Transforming transition-1.4.1.aar (androidx.transition:transition:1.4.1) with ExtractAarTransform
Transforming window-1.0.0.aar (androidx.window:window:1.0.0) with JetifyTransform
Transforming core-1.9.0.aar (androidx.core:core:1.9.0) with JetifyTransform
Transforming core-1.9.0.aar (androidx.core:core:1.9.0) with JetifyTransform
Transforming core-1.9.0.aar (androidx.core:core:1.9.0) with ExtractAarTransform
Transforming core-1.9.0.aar (androidx.core:core:1.9.0) with AarTransform
Transforming core-1.9.0.aar (androidx.core:core:1.9.0) with JetifyTransform
Transforming core-1.9.0.aar (androidx.core:core:1.9.0) with ExtractAarTransform
Transforming core-1.9.0.aar (androidx.core:core:1.9.0) with ExtractAarTransform
Transforming core-1.9.0.aar (androidx.core:core:1.9.0) with AarTransform
Transforming core-1.9.0.aar (androidx.core:core:1.9.0) with AarTransform
Transforming core-1.9.0.aar (androidx.core:core:1.9.0) with JetifyTransform
Transforming core-1.9.0.aar (androidx.core:core:1.9.0) with ExtractAarTransform
Transforming core-1.9.0.aar (androidx.core:core:1.9.0) with AarTransform
Transforming transition-1.4.1.aar (androidx.transition:transition:1.4.1) with AarTransform
Transforming core-1.9.0.aar (androidx.core:core:1.9.0) with JetifyTransform
Transforming core-1.9.0.aar (androidx.core:core:1.9.0) with ExtractAarTransform
Transforming window-1.0.0.aar (androidx.window:window:1.0.0) with ExtractAarTransform
Transforming core-1.9.0.aar (androidx.core:core:1.9.0) with AarTransform
Transforming window-1.0.0.aar (androidx.window:window:1.0.0) with AarTransform
Transforming core-1.9.0.aar (androidx.core:core:1.9.0) with JetifyTransform
Transforming core-1.9.0.aar (androidx.core:core:1.9.0) with ExtractAarTransform
Transforming core-1.9.0.aar (androidx.core:core:1.9.0) with AarTransform
Transforming core-1.9.0.aar (androidx.core:core:1.9.0) with JetifyTransform
Transforming core-1.9.0.aar (androidx.core:core:1.9.0) with ExtractAarTransform
Transforming core-1.9.0.aar (androidx.core:core:1.9.0) with AarTransform
Transforming core-1.9.0.aar (androidx.core:core:1.9.0) with JetifyTransform
Transforming core-1.9.0.aar (androidx.core:core:1.9.0) with ExtractAarTransform
Transforming core-1.9.0.aar (androidx.core:core:1.9.0) with AarTransform
Transforming startup-runtime-1.1.1.aar (androidx.startup:startup-runtime:1.1.1) with JetifyTransform
Transforming cursoradapter-1.0.0.aar (androidx.cursoradapter:cursoradapter:1.0.0) with JetifyTransform
Transforming core-runtime-2.2.0.aar (androidx.arch.core:core-runtime:2.2.0) with JetifyTransform
Transforming startup-runtime-1.1.1.aar (androidx.startup:startup-runtime:1.1.1) with ExtractAarTransform
Transforming cursoradapter-1.0.0.aar (androidx.cursoradapter:cursoradapter:1.0.0) with ExtractAarTransform
Transforming core-runtime-2.2.0.aar (androidx.arch.core:core-runtime:2.2.0) with ExtractAarTransform
Transforming profileinstaller-1.3.0.aar (androidx.profileinstaller:profileinstaller:1.3.0) with JetifyTransform
Transforming tracing-1.0.0.aar (androidx.tracing:tracing:1.0.0) with JetifyTransform
Transforming cardview-1.0.0.aar (androidx.cardview:cardview:1.0.0) with JetifyTransform
Transforming tracing-1.0.0.aar (androidx.tracing:tracing:1.0.0) with ExtractAarTransform
Transforming cardview-1.0.0.aar (androidx.cardview:cardview:1.0.0) with ExtractAarTransform
Transforming versionedparcelable-1.1.1.aar (androidx.versionedparcelable:versionedparcelable:1.1.1) with JetifyTransform
Transforming profileinstaller-1.3.0.aar (androidx.profileinstaller:profileinstaller:1.3.0) with ExtractAarTransform
Transforming tracing-1.0.0.aar (androidx.tracing:tracing:1.0.0) with AarTransform
Transforming versionedparcelable-1.1.1.aar (androidx.versionedparcelable:versionedparcelable:1.1.1) with ExtractAarTransform
Transforming profileinstaller-1.3.0.aar (androidx.profileinstaller:profileinstaller:1.3.0) with AarTransform
Transforming cardview-1.0.0.aar (androidx.cardview:cardview:1.0.0) with AarTransform
Transforming core-runtime-2.2.0.aar (androidx.arch.core:core-runtime:2.2.0) with AarTransform
Transforming startup-runtime-1.1.1.aar (androidx.startup:startup-runtime:1.1.1) with AarTransform
Transforming cursoradapter-1.0.0.aar (androidx.cursoradapter:cursoradapter:1.0.0) with AarTransform
Transforming versionedparcelable-1.1.1.aar (androidx.versionedparcelable:versionedparcelable:1.1.1) with AarTransform
Transforming interpolator-1.0.0.aar (androidx.interpolator:interpolator:1.0.0) with JetifyTransform
Transforming interpolator-1.0.0.aar (androidx.interpolator:interpolator:1.0.0) with ExtractAarTransform
Transforming interpolator-1.0.0.aar (androidx.interpolator:interpolator:1.0.0) with AarTransform
Transforming documentfile-1.0.0.aar (androidx.documentfile:documentfile:1.0.0) with JetifyTransform
Transforming documentfile-1.0.0.aar (androidx.documentfile:documentfile:1.0.0) with ExtractAarTransform
Transforming localbroadcastmanager-1.0.0.aar (androidx.localbroadcastmanager:localbroadcastmanager:1.0.0) with JetifyTransform
Transforming documentfile-1.0.0.aar (androidx.documentfile:documentfile:1.0.0) with AarTransform
Transforming localbroadcastmanager-1.0.0.aar (androidx.localbroadcastmanager:localbroadcastmanager:1.0.0) with ExtractAarTransform
Transforming localbroadcastmanager-1.0.0.aar (androidx.localbroadcastmanager:localbroadcastmanager:1.0.0) with AarTransform
Transforming print-1.0.0.aar (androidx.print:print:1.0.0) with JetifyTransform
Transforming print-1.0.0.aar (androidx.print:print:1.0.0) with ExtractAarTransform
Transforming print-1.0.0.aar (androidx.print:print:1.0.0) with AarTransform
Transforming annotation-experimental-1.3.0.aar (androidx.annotation:annotation-experimental:1.3.0) with JetifyTransform
Transforming annotation-experimental-1.3.0.aar (androidx.annotation:annotation-experimental:1.3.0) with ExtractAarTransform
Transforming annotation-experimental-1.3.0.aar (androidx.annotation:annotation-experimental:1.3.0) with AarTransform
Caching disabled for task ':app:checkDebugAarMetadata' because:
  Caching has been disabled for the task
Skipping task ':app:checkDebugAarMetadata' as it is up-to-date.
Resolve mutations for :app:generateDebugResValues (Thread[#320,Execution worker Thread 2,5,main]) started.
:app:generateDebugResValues (Thread[#320,Execution worker Thread 2,5,main]) started.

> Task :app:generateDebugResValues UP-TO-DATE
Build cache key for task ':app:generateDebugResValues' is c2c3999c7118459240f8cb09221775d4
Skipping task ':app:generateDebugResValues' as it is up-to-date.
Resolve mutations for :app:mapDebugSourceSetPaths (Thread[#320,Execution worker Thread 2,5,main]) started.
:app:mapDebugSourceSetPaths (Thread[#320,Execution worker Thread 2,5,main]) started.

> Task :app:mapDebugSourceSetPaths UP-TO-DATE
Transforming material-1.10.0.aar (com.google.android.material:material:1.10.0) with JetifyTransform
Transforming material-1.10.0.aar (com.google.android.material:material:1.10.0) with ExtractAarTransform
Transforming material-1.10.0.aar (com.google.android.material:material:1.10.0) with AarTransform
Transforming constraintlayout-2.1.4.aar (androidx.constraintlayout:constraintlayout:2.1.4) with JetifyTransform
Transforming constraintlayout-2.1.4.aar (androidx.constraintlayout:constraintlayout:2.1.4) with ExtractAarTransform
Transforming constraintlayout-2.1.4.aar (androidx.constraintlayout:constraintlayout:2.1.4) with AarTransform
Transforming preference-1.2.1.aar (androidx.preference:preference:1.2.1) with JetifyTransform
Transforming preference-1.2.1.aar (androidx.preference:preference:1.2.1) with ExtractAarTransform
Transforming preference-1.2.1.aar (androidx.preference:preference:1.2.1) with AarTransform
Transforming appcompat-resources-1.6.1.aar (androidx.appcompat:appcompat-resources:1.6.1) with JetifyTransform
Transforming appcompat-resources-1.6.1.aar (androidx.appcompat:appcompat-resources:1.6.1) with ExtractAarTransform
Transforming appcompat-resources-1.6.1.aar (androidx.appcompat:appcompat-resources:1.6.1) with AarTransform
Transforming appcompat-1.6.1.aar (androidx.appcompat:appcompat:1.6.1) with JetifyTransform
Transforming appcompat-1.6.1.aar (androidx.appcompat:appcompat:1.6.1) with ExtractAarTransform
Transforming appcompat-1.6.1.aar (androidx.appcompat:appcompat:1.6.1) with AarTransform
Transforming viewpager2-1.0.0.aar (androidx.viewpager2:viewpager2:1.0.0) with JetifyTransform
Transforming viewpager2-1.0.0.aar (androidx.viewpager2:viewpager2:1.0.0) with ExtractAarTransform
Transforming viewpager2-1.0.0.aar (androidx.viewpager2:viewpager2:1.0.0) with AarTransform
Transforming fragment-ktx-1.3.6.aar (androidx.fragment:fragment-ktx:1.3.6) with JetifyTransform
Transforming fragment-ktx-1.3.6.aar (androidx.fragment:fragment-ktx:1.3.6) with ExtractAarTransform
Transforming fragment-ktx-1.3.6.aar (androidx.fragment:fragment-ktx:1.3.6) with AarTransform
Transforming fragment-1.3.6.aar (androidx.fragment:fragment:1.3.6) with JetifyTransform
Transforming fragment-1.3.6.aar (androidx.fragment:fragment:1.3.6) with ExtractAarTransform
Transforming fragment-1.3.6.aar (androidx.fragment:fragment:1.3.6) with AarTransform
Transforming fragment-1.3.6.aar (androidx.fragment:fragment:1.3.6) with JetifyTransform
Transforming fragment-1.3.6.aar (androidx.fragment:fragment:1.3.6) with ExtractAarTransform
Transforming fragment-1.3.6.aar (androidx.fragment:fragment:1.3.6) with AarTransform
Transforming activity-ktx-1.8.0.aar (androidx.activity:activity-ktx:1.8.0) with JetifyTransform
Transforming activity-ktx-1.8.0.aar (androidx.activity:activity-ktx:1.8.0) with ExtractAarTransform
Transforming activity-ktx-1.8.0.aar (androidx.activity:activity-ktx:1.8.0) with AarTransform
Transforming activity-1.8.0.aar (androidx.activity:activity:1.8.0) with JetifyTransform
Transforming activity-1.8.0.aar (androidx.activity:activity:1.8.0) with ExtractAarTransform
Transforming activity-1.8.0.aar (androidx.activity:activity:1.8.0) with AarTransform
Transforming emoji2-views-helper-1.2.0.aar (androidx.emoji2:emoji2-views-helper:1.2.0) with JetifyTransform
Transforming emoji2-views-helper-1.2.0.aar (androidx.emoji2:emoji2-views-helper:1.2.0) with ExtractAarTransform
Transforming emoji2-views-helper-1.2.0.aar (androidx.emoji2:emoji2-views-helper:1.2.0) with AarTransform
Transforming emoji2-1.2.0.aar (androidx.emoji2:emoji2:1.2.0) with JetifyTransform
Transforming emoji2-1.2.0.aar (androidx.emoji2:emoji2:1.2.0) with ExtractAarTransform
Transforming emoji2-1.2.0.aar (androidx.emoji2:emoji2:1.2.0) with AarTransform
Transforming drawerlayout-1.1.1.aar (androidx.drawerlayout:drawerlayout:1.1.1) with JetifyTransform
Transforming drawerlayout-1.1.1.aar (androidx.drawerlayout:drawerlayout:1.1.1) with ExtractAarTransform
Transforming drawerlayout-1.1.1.aar (androidx.drawerlayout:drawerlayout:1.1.1) with AarTransform
Transforming coordinatorlayout-1.1.0.aar (androidx.coordinatorlayout:coordinatorlayout:1.1.0) with JetifyTransform
Transforming coordinatorlayout-1.1.0.aar (androidx.coordinatorlayout:coordinatorlayout:1.1.0) with ExtractAarTransform
Transforming coordinatorlayout-1.1.0.aar (androidx.coordinatorlayout:coordinatorlayout:1.1.0) with AarTransform
Transforming dynamicanimation-1.0.0.aar (androidx.dynamicanimation:dynamicanimation:1.0.0) with JetifyTransform
Transforming dynamicanimation-1.0.0.aar (androidx.dynamicanimation:dynamicanimation:1.0.0) with ExtractAarTransform
Transforming dynamicanimation-1.0.0.aar (androidx.dynamicanimation:dynamicanimation:1.0.0) with AarTransform
Transforming vectordrawable-animated-1.1.0.aar (androidx.vectordrawable:vectordrawable-animated:1.1.0) with JetifyTransform
Transforming vectordrawable-animated-1.1.0.aar (androidx.vectordrawable:vectordrawable-animated:1.1.0) with ExtractAarTransform
Transforming vectordrawable-animated-1.1.0.aar (androidx.vectordrawable:vectordrawable-animated:1.1.0) with AarTransform
Transforming vectordrawable-1.1.0.aar (androidx.vectordrawable:vectordrawable:1.1.0) with JetifyTransform
Transforming vectordrawable-1.1.0.aar (androidx.vectordrawable:vectordrawable:1.1.0) with ExtractAarTransform
Transforming vectordrawable-1.1.0.aar (androidx.vectordrawable:vectordrawable:1.1.0) with AarTransform
Transforming vectordrawable-1.1.0.aar (androidx.vectordrawable:vectordrawable:1.1.0) with JetifyTransform
Transforming vectordrawable-1.1.0.aar (androidx.vectordrawable:vectordrawable:1.1.0) with ExtractAarTransform
Transforming vectordrawable-1.1.0.aar (androidx.vectordrawable:vectordrawable:1.1.0) with AarTransform
Transforming slidingpanelayout-1.2.0.aar (androidx.slidingpanelayout:slidingpanelayout:1.2.0) with JetifyTransform
Transforming slidingpanelayout-1.2.0.aar (androidx.slidingpanelayout:slidingpanelayout:1.2.0) with ExtractAarTransform
Transforming slidingpanelayout-1.2.0.aar (androidx.slidingpanelayout:slidingpanelayout:1.2.0) with AarTransform
Transforming legacy-support-core-utils-1.0.0.aar (androidx.legacy:legacy-support-core-utils:1.0.0) with JetifyTransform
Transforming legacy-support-core-utils-1.0.0.aar (androidx.legacy:legacy-support-core-utils:1.0.0) with ExtractAarTransform
Transforming legacy-support-core-utils-1.0.0.aar (androidx.legacy:legacy-support-core-utils:1.0.0) with AarTransform
Transforming loader-1.0.0.aar (androidx.loader:loader:1.0.0) with JetifyTransform
Transforming loader-1.0.0.aar (androidx.loader:loader:1.0.0) with ExtractAarTransform
Transforming loader-1.0.0.aar (androidx.loader:loader:1.0.0) with AarTransform
Transforming loader-1.0.0.aar (androidx.loader:loader:1.0.0) with JetifyTransform
Transforming loader-1.0.0.aar (androidx.loader:loader:1.0.0) with ExtractAarTransform
Transforming loader-1.0.0.aar (androidx.loader:loader:1.0.0) with AarTransform
Transforming savedstate-ktx-1.2.1.aar (androidx.savedstate:savedstate-ktx:1.2.1) with JetifyTransform
Transforming savedstate-ktx-1.2.1.aar (androidx.savedstate:savedstate-ktx:1.2.1) with ExtractAarTransform
Transforming savedstate-ktx-1.2.1.aar (androidx.savedstate:savedstate-ktx:1.2.1) with AarTransform
Transforming savedstate-1.2.1.aar (androidx.savedstate:savedstate:1.2.1) with JetifyTransform
Transforming savedstate-1.2.1.aar (androidx.savedstate:savedstate:1.2.1) with ExtractAarTransform
Transforming savedstate-1.2.1.aar (androidx.savedstate:savedstate:1.2.1) with AarTransform
Transforming lifecycle-livedata-2.6.1.aar (androidx.lifecycle:lifecycle-livedata:2.6.1) with JetifyTransform
Transforming lifecycle-livedata-2.6.1.aar (androidx.lifecycle:lifecycle-livedata:2.6.1) with ExtractAarTransform
Transforming lifecycle-livedata-2.6.1.aar (androidx.lifecycle:lifecycle-livedata:2.6.1) with AarTransform
Transforming lifecycle-runtime-ktx-2.6.1.aar (androidx.lifecycle:lifecycle-runtime-ktx:2.6.1) with JetifyTransform
Transforming lifecycle-runtime-ktx-2.6.1.aar (androidx.lifecycle:lifecycle-runtime-ktx:2.6.1) with ExtractAarTransform
Transforming lifecycle-runtime-ktx-2.6.1.aar (androidx.lifecycle:lifecycle-runtime-ktx:2.6.1) with AarTransform
Transforming lifecycle-viewmodel-ktx-2.6.1.aar (androidx.lifecycle:lifecycle-viewmodel-ktx:2.6.1) with JetifyTransform
Transforming lifecycle-viewmodel-ktx-2.6.1.aar (androidx.lifecycle:lifecycle-viewmodel-ktx:2.6.1) with ExtractAarTransform
Transforming lifecycle-viewmodel-ktx-2.6.1.aar (androidx.lifecycle:lifecycle-viewmodel-ktx:2.6.1) with AarTransform
Transforming lifecycle-livedata-core-ktx-2.6.1.aar (androidx.lifecycle:lifecycle-livedata-core-ktx:2.6.1) with JetifyTransform
Transforming lifecycle-livedata-core-ktx-2.6.1.aar (androidx.lifecycle:lifecycle-livedata-core-ktx:2.6.1) with ExtractAarTransform
Transforming lifecycle-livedata-core-ktx-2.6.1.aar (androidx.lifecycle:lifecycle-livedata-core-ktx:2.6.1) with AarTransform
Transforming lifecycle-process-2.6.1.aar (androidx.lifecycle:lifecycle-process:2.6.1) with JetifyTransform
Transforming lifecycle-process-2.6.1.aar (androidx.lifecycle:lifecycle-process:2.6.1) with ExtractAarTransform
Transforming lifecycle-process-2.6.1.aar (androidx.lifecycle:lifecycle-process:2.6.1) with AarTransform
Transforming lifecycle-livedata-core-2.6.1.aar (androidx.lifecycle:lifecycle-livedata-core:2.6.1) with JetifyTransform
Transforming lifecycle-livedata-core-2.6.1.aar (androidx.lifecycle:lifecycle-livedata-core:2.6.1) with ExtractAarTransform
Transforming lifecycle-livedata-core-2.6.1.aar (androidx.lifecycle:lifecycle-livedata-core:2.6.1) with AarTransform
Transforming lifecycle-viewmodel-2.6.1.aar (androidx.lifecycle:lifecycle-viewmodel:2.6.1) with JetifyTransform
Transforming lifecycle-viewmodel-2.6.1.aar (androidx.lifecycle:lifecycle-viewmodel:2.6.1) with ExtractAarTransform
Transforming lifecycle-viewmodel-2.6.1.aar (androidx.lifecycle:lifecycle-viewmodel:2.6.1) with AarTransform
Transforming lifecycle-viewmodel-2.6.1.aar (androidx.lifecycle:lifecycle-viewmodel:2.6.1) with JetifyTransform
Transforming lifecycle-viewmodel-2.6.1.aar (androidx.lifecycle:lifecycle-viewmodel:2.6.1) with ExtractAarTransform
Transforming lifecycle-viewmodel-2.6.1.aar (androidx.lifecycle:lifecycle-viewmodel:2.6.1) with AarTransform
Transforming lifecycle-runtime-2.6.1.aar (androidx.lifecycle:lifecycle-runtime:2.6.1) with JetifyTransform
Transforming lifecycle-runtime-2.6.1.aar (androidx.lifecycle:lifecycle-runtime:2.6.1) with ExtractAarTransform
Transforming lifecycle-runtime-2.6.1.aar (androidx.lifecycle:lifecycle-runtime:2.6.1) with AarTransform
Transforming lifecycle-viewmodel-savedstate-2.6.1.aar (androidx.lifecycle:lifecycle-viewmodel-savedstate:2.6.1) with JetifyTransform
Transforming lifecycle-viewmodel-savedstate-2.6.1.aar (androidx.lifecycle:lifecycle-viewmodel-savedstate:2.6.1) with ExtractAarTransform
Transforming lifecycle-viewmodel-savedstate-2.6.1.aar (androidx.lifecycle:lifecycle-viewmodel-savedstate:2.6.1) with AarTransform
Transforming core-ktx-1.9.0.aar (androidx.core:core-ktx:1.9.0) with JetifyTransform
Transforming core-ktx-1.9.0.aar (androidx.core:core-ktx:1.9.0) with ExtractAarTransform
Transforming core-ktx-1.9.0.aar (androidx.core:core-ktx:1.9.0) with AarTransform
Transforming viewpager-1.0.0.aar (androidx.viewpager:viewpager:1.0.0) with JetifyTransform
Transforming viewpager-1.0.0.aar (androidx.viewpager:viewpager:1.0.0) with ExtractAarTransform
Transforming viewpager-1.0.0.aar (androidx.viewpager:viewpager:1.0.0) with AarTransform
Transforming recyclerview-1.1.0.aar (androidx.recyclerview:recyclerview:1.1.0) with JetifyTransform
Transforming recyclerview-1.1.0.aar (androidx.recyclerview:recyclerview:1.1.0) with ExtractAarTransform
Transforming recyclerview-1.1.0.aar (androidx.recyclerview:recyclerview:1.1.0) with AarTransform
Transforming recyclerview-1.1.0.aar (androidx.recyclerview:recyclerview:1.1.0) with JetifyTransform
Transforming recyclerview-1.1.0.aar (androidx.recyclerview:recyclerview:1.1.0) with ExtractAarTransform
Transforming recyclerview-1.1.0.aar (androidx.recyclerview:recyclerview:1.1.0) with AarTransform
Transforming customview-1.1.0.aar (androidx.customview:customview:1.1.0) with JetifyTransform
Transforming customview-1.1.0.aar (androidx.customview:customview:1.1.0) with ExtractAarTransform
Transforming customview-1.1.0.aar (androidx.customview:customview:1.1.0) with AarTransform
Transforming customview-1.1.0.aar (androidx.customview:customview:1.1.0) with JetifyTransform
Transforming customview-1.1.0.aar (androidx.customview:customview:1.1.0) with ExtractAarTransform
Transforming customview-1.1.0.aar (androidx.customview:customview:1.1.0) with AarTransform
Transforming transition-1.4.1.aar (androidx.transition:transition:1.4.1) with JetifyTransform
Transforming transition-1.4.1.aar (androidx.transition:transition:1.4.1) with ExtractAarTransform
Transforming transition-1.4.1.aar (androidx.transition:transition:1.4.1) with AarTransform
Transforming window-1.0.0.aar (androidx.window:window:1.0.0) with JetifyTransform
Transforming window-1.0.0.aar (androidx.window:window:1.0.0) with ExtractAarTransform
Transforming window-1.0.0.aar (androidx.window:window:1.0.0) with AarTransform
Transforming core-1.9.0.aar (androidx.core:core:1.9.0) with JetifyTransform
Transforming core-1.9.0.aar (androidx.core:core:1.9.0) with ExtractAarTransform
Transforming core-1.9.0.aar (androidx.core:core:1.9.0) with AarTransform
Transforming core-1.9.0.aar (androidx.core:core:1.9.0) with JetifyTransform
Transforming core-1.9.0.aar (androidx.core:core:1.9.0) with ExtractAarTransform
Transforming core-1.9.0.aar (androidx.core:core:1.9.0) with AarTransform
Transforming cursoradapter-1.0.0.aar (androidx.cursoradapter:cursoradapter:1.0.0) with JetifyTransform
Transforming cursoradapter-1.0.0.aar (androidx.cursoradapter:cursoradapter:1.0.0) with ExtractAarTransform
Transforming cursoradapter-1.0.0.aar (androidx.cursoradapter:cursoradapter:1.0.0) with AarTransform
Transforming cardview-1.0.0.aar (androidx.cardview:cardview:1.0.0) with JetifyTransform
Transforming cardview-1.0.0.aar (androidx.cardview:cardview:1.0.0) with ExtractAarTransform
Transforming cardview-1.0.0.aar (androidx.cardview:cardview:1.0.0) with AarTransform
Transforming profileinstaller-1.3.0.aar (androidx.profileinstaller:profileinstaller:1.3.0) with JetifyTransform
Transforming profileinstaller-1.3.0.aar (androidx.profileinstaller:profileinstaller:1.3.0) with ExtractAarTransform
Transforming profileinstaller-1.3.0.aar (androidx.profileinstaller:profileinstaller:1.3.0) with AarTransform
Transforming startup-runtime-1.1.1.aar (androidx.startup:startup-runtime:1.1.1) with JetifyTransform
Transforming startup-runtime-1.1.1.aar (androidx.startup:startup-runtime:1.1.1) with ExtractAarTransform
Transforming startup-runtime-1.1.1.aar (androidx.startup:startup-runtime:1.1.1) with AarTransform
Transforming tracing-1.0.0.aar (androidx.tracing:tracing:1.0.0) with JetifyTransform
Transforming tracing-1.0.0.aar (androidx.tracing:tracing:1.0.0) with ExtractAarTransform
Transforming tracing-1.0.0.aar (androidx.tracing:tracing:1.0.0) with AarTransform
Transforming versionedparcelable-1.1.1.aar (androidx.versionedparcelable:versionedparcelable:1.1.1) with JetifyTransform
Transforming versionedparcelable-1.1.1.aar (androidx.versionedparcelable:versionedparcelable:1.1.1) with ExtractAarTransform
Transforming versionedparcelable-1.1.1.aar (androidx.versionedparcelable:versionedparcelable:1.1.1) with AarTransform
Transforming core-runtime-2.2.0.aar (androidx.arch.core:core-runtime:2.2.0) with JetifyTransform
Transforming core-runtime-2.2.0.aar (androidx.arch.core:core-runtime:2.2.0) with ExtractAarTransform
Transforming core-runtime-2.2.0.aar (androidx.arch.core:core-runtime:2.2.0) with AarTransform
Transforming interpolator-1.0.0.aar (androidx.interpolator:interpolator:1.0.0) with JetifyTransform
Transforming interpolator-1.0.0.aar (androidx.interpolator:interpolator:1.0.0) with ExtractAarTransform
Transforming interpolator-1.0.0.aar (androidx.interpolator:interpolator:1.0.0) with AarTransform
Transforming documentfile-1.0.0.aar (androidx.documentfile:documentfile:1.0.0) with JetifyTransform
Transforming documentfile-1.0.0.aar (androidx.documentfile:documentfile:1.0.0) with ExtractAarTransform
Transforming documentfile-1.0.0.aar (androidx.documentfile:documentfile:1.0.0) with AarTransform
Transforming localbroadcastmanager-1.0.0.aar (androidx.localbroadcastmanager:localbroadcastmanager:1.0.0) with JetifyTransform
Transforming localbroadcastmanager-1.0.0.aar (androidx.localbroadcastmanager:localbroadcastmanager:1.0.0) with ExtractAarTransform
Transforming localbroadcastmanager-1.0.0.aar (androidx.localbroadcastmanager:localbroadcastmanager:1.0.0) with AarTransform
Transforming print-1.0.0.aar (androidx.print:print:1.0.0) with JetifyTransform
Transforming print-1.0.0.aar (androidx.print:print:1.0.0) with ExtractAarTransform
Transforming print-1.0.0.aar (androidx.print:print:1.0.0) with AarTransform
Transforming annotation-experimental-1.3.0.aar (androidx.annotation:annotation-experimental:1.3.0) with JetifyTransform
Transforming annotation-experimental-1.3.0.aar (androidx.annotation:annotation-experimental:1.3.0) with ExtractAarTransform
Transforming annotation-experimental-1.3.0.aar (androidx.annotation:annotation-experimental:1.3.0) with AarTransform
Caching disabled for task ':app:mapDebugSourceSetPaths' because:
  Caching has been disabled for the task
Skipping task ':app:mapDebugSourceSetPaths' as it is up-to-date.
Resolve mutations for :app:generateDebugResources (Thread[#320,Execution worker Thread 2,5,main]) started.
:app:generateDebugResources (Thread[#320,Execution worker Thread 2,5,main]) started.

> Task :app:generateDebugResources UP-TO-DATE
Build cache key for task ':app:generateDebugResources' is 6ef799167f4f534a1fcb308efc0431cf
Skipping task ':app:generateDebugResources' as it is up-to-date.
Resolve mutations for :app:mergeDebugResources (Thread[#320,Execution worker Thread 2,5,main]) started.
:app:mergeDebugResources (Thread[#320,Execution worker Thread 2,5,main]) started.

> Task :app:mergeDebugResources UP-TO-DATE
Build cache key for task ':app:mergeDebugResources' is ba6d0719bfdb26f71e6f9cef19059637
Skipping task ':app:mergeDebugResources' as it is up-to-date.
Resolve mutations for :app:packageDebugResources (Thread[#320,Execution worker Thread 2,5,main]) started.
:app:packageDebugResources (Thread[#320,Execution worker Thread 2,5,main]) started.

> Task :app:packageDebugResources UP-TO-DATE
Build cache key for task ':app:packageDebugResources' is d83312e8e479d35c6074ad2ad455d172
Skipping task ':app:packageDebugResources' as it is up-to-date.
Resolve mutations for :app:parseDebugLocalResources (Thread[#320,Execution worker Thread 2,5,main]) started.
:app:parseDebugLocalResources (Thread[#320,Execution worker Thread 2,5,main]) started.

> Task :app:parseDebugLocalResources UP-TO-DATE
Transforming android.jar with PlatformAttrTransform
Transforming android.jar with PlatformAttrTransform
Transforming android.jar with PlatformAttrTransform
Transforming android.jar with PlatformAttrTransform
Transforming android.jar with PlatformAttrTransform
Transforming android.jar with PlatformAttrTransform
Build cache key for task ':app:parseDebugLocalResources' is f7a59bcbcad28932f1de733bac65680c
Skipping task ':app:parseDebugLocalResources' as it is up-to-date.
Resolve mutations for :app:createDebugCompatibleScreenManifests (Thread[#320,Execution worker Thread 2,5,main]) started.
:app:createDebugCompatibleScreenManifests (Thread[#320,Execution worker Thread 2,5,main]) started.

> Task :app:createDebugCompatibleScreenManifests UP-TO-DATE
Caching disabled for task ':app:createDebugCompatibleScreenManifests' because:
  Caching has been disabled for the task
Skipping task ':app:createDebugCompatibleScreenManifests' as it is up-to-date.
Resolve mutations for :app:extractDeepLinksDebug (Thread[#320,Execution worker Thread 2,5,main]) started.
:app:extractDeepLinksDebug (Thread[#320,Execution worker Thread 2,5,main]) started.

> Task :app:extractDeepLinksDebug UP-TO-DATE
Build cache key for task ':app:extractDeepLinksDebug' is 0608b447599a65bd011e9fe30c846c20
Skipping task ':app:extractDeepLinksDebug' as it is up-to-date.
Resolve mutations for :app:processDebugMainManifest (Thread[#320,Execution worker Thread 2,5,main]) started.
:app:processDebugMainManifest (Thread[#318,included builds,5,main]) started.

> Task :app:processDebugMainManifest UP-TO-DATE
Transforming material-1.10.0.aar (com.google.android.material:material:1.10.0) with JetifyTransform
Transforming material-1.10.0.aar (com.google.android.material:material:1.10.0) with ExtractAarTransform
Transforming material-1.10.0.aar (com.google.android.material:material:1.10.0) with AarTransform
Transforming constraintlayout-2.1.4.aar (androidx.constraintlayout:constraintlayout:2.1.4) with JetifyTransform
Transforming constraintlayout-2.1.4.aar (androidx.constraintlayout:constraintlayout:2.1.4) with ExtractAarTransform
Transforming constraintlayout-2.1.4.aar (androidx.constraintlayout:constraintlayout:2.1.4) with AarTransform
Transforming preference-1.2.1.aar (androidx.preference:preference:1.2.1) with JetifyTransform
Transforming preference-1.2.1.aar (androidx.preference:preference:1.2.1) with ExtractAarTransform
Transforming preference-1.2.1.aar (androidx.preference:preference:1.2.1) with AarTransform
Transforming appcompat-resources-1.6.1.aar (androidx.appcompat:appcompat-resources:1.6.1) with JetifyTransform
Transforming appcompat-resources-1.6.1.aar (androidx.appcompat:appcompat-resources:1.6.1) with ExtractAarTransform
Transforming appcompat-resources-1.6.1.aar (androidx.appcompat:appcompat-resources:1.6.1) with AarTransform
Transforming appcompat-1.6.1.aar (androidx.appcompat:appcompat:1.6.1) with JetifyTransform
Transforming appcompat-1.6.1.aar (androidx.appcompat:appcompat:1.6.1) with ExtractAarTransform
Transforming appcompat-1.6.1.aar (androidx.appcompat:appcompat:1.6.1) with AarTransform
Transforming viewpager2-1.0.0.aar (androidx.viewpager2:viewpager2:1.0.0) with JetifyTransform
Transforming viewpager2-1.0.0.aar (androidx.viewpager2:viewpager2:1.0.0) with ExtractAarTransform
Transforming viewpager2-1.0.0.aar (androidx.viewpager2:viewpager2:1.0.0) with AarTransform
Transforming fragment-ktx-1.3.6.aar (androidx.fragment:fragment-ktx:1.3.6) with JetifyTransform
Transforming fragment-ktx-1.3.6.aar (androidx.fragment:fragment-ktx:1.3.6) with ExtractAarTransform
Transforming fragment-ktx-1.3.6.aar (androidx.fragment:fragment-ktx:1.3.6) with AarTransform
Transforming fragment-1.3.6.aar (androidx.fragment:fragment:1.3.6) with JetifyTransform
Transforming fragment-1.3.6.aar (androidx.fragment:fragment:1.3.6) with ExtractAarTransform
Transforming fragment-1.3.6.aar (androidx.fragment:fragment:1.3.6) with AarTransform
Transforming fragment-1.3.6.aar (androidx.fragment:fragment:1.3.6) with JetifyTransform
Transforming fragment-1.3.6.aar (androidx.fragment:fragment:1.3.6) with ExtractAarTransform
Transforming fragment-1.3.6.aar (androidx.fragment:fragment:1.3.6) with AarTransform
Transforming activity-ktx-1.8.0.aar (androidx.activity:activity-ktx:1.8.0) with JetifyTransform
Transforming activity-ktx-1.8.0.aar (androidx.activity:activity-ktx:1.8.0) with ExtractAarTransform
Transforming activity-ktx-1.8.0.aar (androidx.activity:activity-ktx:1.8.0) with AarTransform
Transforming activity-1.8.0.aar (androidx.activity:activity:1.8.0) with JetifyTransform
Transforming activity-1.8.0.aar (androidx.activity:activity:1.8.0) with ExtractAarTransform
Transforming activity-1.8.0.aar (androidx.activity:activity:1.8.0) with AarTransform
Transforming emoji2-views-helper-1.2.0.aar (androidx.emoji2:emoji2-views-helper:1.2.0) with JetifyTransform
Transforming emoji2-views-helper-1.2.0.aar (androidx.emoji2:emoji2-views-helper:1.2.0) with ExtractAarTransform
Transforming emoji2-views-helper-1.2.0.aar (androidx.emoji2:emoji2-views-helper:1.2.0) with AarTransform
Transforming emoji2-1.2.0.aar (androidx.emoji2:emoji2:1.2.0) with JetifyTransform
Transforming emoji2-1.2.0.aar (androidx.emoji2:emoji2:1.2.0) with ExtractAarTransform
Transforming emoji2-1.2.0.aar (androidx.emoji2:emoji2:1.2.0) with AarTransform
Transforming drawerlayout-1.1.1.aar (androidx.drawerlayout:drawerlayout:1.1.1) with JetifyTransform
Transforming drawerlayout-1.1.1.aar (androidx.drawerlayout:drawerlayout:1.1.1) with ExtractAarTransform
Transforming drawerlayout-1.1.1.aar (androidx.drawerlayout:drawerlayout:1.1.1) with AarTransform
Transforming coordinatorlayout-1.1.0.aar (androidx.coordinatorlayout:coordinatorlayout:1.1.0) with JetifyTransform
Transforming coordinatorlayout-1.1.0.aar (androidx.coordinatorlayout:coordinatorlayout:1.1.0) with ExtractAarTransform
Transforming coordinatorlayout-1.1.0.aar (androidx.coordinatorlayout:coordinatorlayout:1.1.0) with AarTransform
Transforming dynamicanimation-1.0.0.aar (androidx.dynamicanimation:dynamicanimation:1.0.0) with JetifyTransform
Transforming dynamicanimation-1.0.0.aar (androidx.dynamicanimation:dynamicanimation:1.0.0) with ExtractAarTransform
Transforming dynamicanimation-1.0.0.aar (androidx.dynamicanimation:dynamicanimation:1.0.0) with AarTransform
Transforming vectordrawable-animated-1.1.0.aar (androidx.vectordrawable:vectordrawable-animated:1.1.0) with JetifyTransform
Transforming vectordrawable-animated-1.1.0.aar (androidx.vectordrawable:vectordrawable-animated:1.1.0) with ExtractAarTransform
Transforming vectordrawable-animated-1.1.0.aar (androidx.vectordrawable:vectordrawable-animated:1.1.0) with AarTransform
Transforming vectordrawable-1.1.0.aar (androidx.vectordrawable:vectordrawable:1.1.0) with JetifyTransform
Transforming vectordrawable-1.1.0.aar (androidx.vectordrawable:vectordrawable:1.1.0) with ExtractAarTransform
Transforming vectordrawable-1.1.0.aar (androidx.vectordrawable:vectordrawable:1.1.0) with AarTransform
Transforming vectordrawable-1.1.0.aar (androidx.vectordrawable:vectordrawable:1.1.0) with JetifyTransform
Transforming vectordrawable-1.1.0.aar (androidx.vectordrawable:vectordrawable:1.1.0) with ExtractAarTransform
Transforming vectordrawable-1.1.0.aar (androidx.vectordrawable:vectordrawable:1.1.0) with AarTransform
Transforming slidingpanelayout-1.2.0.aar (androidx.slidingpanelayout:slidingpanelayout:1.2.0) with JetifyTransform
Transforming slidingpanelayout-1.2.0.aar (androidx.slidingpanelayout:slidingpanelayout:1.2.0) with ExtractAarTransform
Transforming slidingpanelayout-1.2.0.aar (androidx.slidingpanelayout:slidingpanelayout:1.2.0) with AarTransform
Transforming legacy-support-core-utils-1.0.0.aar (androidx.legacy:legacy-support-core-utils:1.0.0) with JetifyTransform
Transforming legacy-support-core-utils-1.0.0.aar (androidx.legacy:legacy-support-core-utils:1.0.0) with ExtractAarTransform
Transforming legacy-support-core-utils-1.0.0.aar (androidx.legacy:legacy-support-core-utils:1.0.0) with AarTransform
Transforming loader-1.0.0.aar (androidx.loader:loader:1.0.0) with JetifyTransform
Transforming loader-1.0.0.aar (androidx.loader:loader:1.0.0) with ExtractAarTransform
Transforming loader-1.0.0.aar (androidx.loader:loader:1.0.0) with AarTransform
Transforming loader-1.0.0.aar (androidx.loader:loader:1.0.0) with JetifyTransform
Transforming loader-1.0.0.aar (androidx.loader:loader:1.0.0) with ExtractAarTransform
Transforming loader-1.0.0.aar (androidx.loader:loader:1.0.0) with AarTransform
Transforming savedstate-ktx-1.2.1.aar (androidx.savedstate:savedstate-ktx:1.2.1) with JetifyTransform
Transforming savedstate-ktx-1.2.1.aar (androidx.savedstate:savedstate-ktx:1.2.1) with ExtractAarTransform
Transforming savedstate-ktx-1.2.1.aar (androidx.savedstate:savedstate-ktx:1.2.1) with AarTransform
Transforming savedstate-1.2.1.aar (androidx.savedstate:savedstate:1.2.1) with JetifyTransform
Transforming savedstate-1.2.1.aar (androidx.savedstate:savedstate:1.2.1) with ExtractAarTransform
Transforming savedstate-1.2.1.aar (androidx.savedstate:savedstate:1.2.1) with AarTransform
Transforming lifecycle-livedata-2.6.1.aar (androidx.lifecycle:lifecycle-livedata:2.6.1) with JetifyTransform
Transforming lifecycle-livedata-2.6.1.aar (androidx.lifecycle:lifecycle-livedata:2.6.1) with ExtractAarTransform
Transforming lifecycle-livedata-2.6.1.aar (androidx.lifecycle:lifecycle-livedata:2.6.1) with AarTransform
Transforming lifecycle-runtime-ktx-2.6.1.aar (androidx.lifecycle:lifecycle-runtime-ktx:2.6.1) with JetifyTransform
Transforming lifecycle-runtime-ktx-2.6.1.aar (androidx.lifecycle:lifecycle-runtime-ktx:2.6.1) with ExtractAarTransform
Transforming lifecycle-runtime-ktx-2.6.1.aar (androidx.lifecycle:lifecycle-runtime-ktx:2.6.1) with AarTransform
Transforming lifecycle-viewmodel-ktx-2.6.1.aar (androidx.lifecycle:lifecycle-viewmodel-ktx:2.6.1) with JetifyTransform
Transforming lifecycle-viewmodel-ktx-2.6.1.aar (androidx.lifecycle:lifecycle-viewmodel-ktx:2.6.1) with ExtractAarTransform
Transforming lifecycle-viewmodel-ktx-2.6.1.aar (androidx.lifecycle:lifecycle-viewmodel-ktx:2.6.1) with AarTransform
Transforming lifecycle-livedata-core-ktx-2.6.1.aar (androidx.lifecycle:lifecycle-livedata-core-ktx:2.6.1) with JetifyTransform
Transforming lifecycle-livedata-core-ktx-2.6.1.aar (androidx.lifecycle:lifecycle-livedata-core-ktx:2.6.1) with ExtractAarTransform
Transforming lifecycle-livedata-core-ktx-2.6.1.aar (androidx.lifecycle:lifecycle-livedata-core-ktx:2.6.1) with AarTransform
Transforming lifecycle-process-2.6.1.aar (androidx.lifecycle:lifecycle-process:2.6.1) with JetifyTransform
Transforming lifecycle-process-2.6.1.aar (androidx.lifecycle:lifecycle-process:2.6.1) with ExtractAarTransform
Transforming lifecycle-process-2.6.1.aar (androidx.lifecycle:lifecycle-process:2.6.1) with AarTransform
Transforming lifecycle-livedata-core-2.6.1.aar (androidx.lifecycle:lifecycle-livedata-core:2.6.1) with JetifyTransform
Transforming lifecycle-livedata-core-2.6.1.aar (androidx.lifecycle:lifecycle-livedata-core:2.6.1) with ExtractAarTransform
Transforming lifecycle-livedata-core-2.6.1.aar (androidx.lifecycle:lifecycle-livedata-core:2.6.1) with AarTransform
Transforming lifecycle-viewmodel-2.6.1.aar (androidx.lifecycle:lifecycle-viewmodel:2.6.1) with JetifyTransform
Transforming lifecycle-viewmodel-2.6.1.aar (androidx.lifecycle:lifecycle-viewmodel:2.6.1) with ExtractAarTransform
Transforming lifecycle-viewmodel-2.6.1.aar (androidx.lifecycle:lifecycle-viewmodel:2.6.1) with AarTransform
Transforming lifecycle-viewmodel-2.6.1.aar (androidx.lifecycle:lifecycle-viewmodel:2.6.1) with JetifyTransform
Transforming lifecycle-viewmodel-2.6.1.aar (androidx.lifecycle:lifecycle-viewmodel:2.6.1) with ExtractAarTransform
Transforming lifecycle-viewmodel-2.6.1.aar (androidx.lifecycle:lifecycle-viewmodel:2.6.1) with AarTransform
Transforming lifecycle-runtime-2.6.1.aar (androidx.lifecycle:lifecycle-runtime:2.6.1) with JetifyTransform
Transforming lifecycle-runtime-2.6.1.aar (androidx.lifecycle:lifecycle-runtime:2.6.1) with ExtractAarTransform
Transforming lifecycle-runtime-2.6.1.aar (androidx.lifecycle:lifecycle-runtime:2.6.1) with AarTransform
Transforming lifecycle-viewmodel-savedstate-2.6.1.aar (androidx.lifecycle:lifecycle-viewmodel-savedstate:2.6.1) with JetifyTransform
Transforming lifecycle-viewmodel-savedstate-2.6.1.aar (androidx.lifecycle:lifecycle-viewmodel-savedstate:2.6.1) with ExtractAarTransform
Transforming lifecycle-viewmodel-savedstate-2.6.1.aar (androidx.lifecycle:lifecycle-viewmodel-savedstate:2.6.1) with AarTransform
Transforming core-ktx-1.9.0.aar (androidx.core:core-ktx:1.9.0) with JetifyTransform
Transforming core-ktx-1.9.0.aar (androidx.core:core-ktx:1.9.0) with ExtractAarTransform
Transforming core-ktx-1.9.0.aar (androidx.core:core-ktx:1.9.0) with AarTransform
Transforming viewpager-1.0.0.aar (androidx.viewpager:viewpager:1.0.0) with JetifyTransform
Transforming viewpager-1.0.0.aar (androidx.viewpager:viewpager:1.0.0) with ExtractAarTransform
Transforming viewpager-1.0.0.aar (androidx.viewpager:viewpager:1.0.0) with AarTransform
Transforming recyclerview-1.1.0.aar (androidx.recyclerview:recyclerview:1.1.0) with JetifyTransform
Transforming recyclerview-1.1.0.aar (androidx.recyclerview:recyclerview:1.1.0) with ExtractAarTransform
Transforming recyclerview-1.1.0.aar (androidx.recyclerview:recyclerview:1.1.0) with AarTransform
Transforming recyclerview-1.1.0.aar (androidx.recyclerview:recyclerview:1.1.0) with JetifyTransform
Transforming recyclerview-1.1.0.aar (androidx.recyclerview:recyclerview:1.1.0) with ExtractAarTransform
Transforming recyclerview-1.1.0.aar (androidx.recyclerview:recyclerview:1.1.0) with AarTransform
Transforming customview-1.1.0.aar (androidx.customview:customview:1.1.0) with JetifyTransform
Transforming customview-1.1.0.aar (androidx.customview:customview:1.1.0) with ExtractAarTransform
Transforming customview-1.1.0.aar (androidx.customview:customview:1.1.0) with AarTransform
Transforming customview-1.1.0.aar (androidx.customview:customview:1.1.0) with JetifyTransform
Transforming customview-1.1.0.aar (androidx.customview:customview:1.1.0) with ExtractAarTransform
Transforming customview-1.1.0.aar (androidx.customview:customview:1.1.0) with AarTransform
Transforming transition-1.4.1.aar (androidx.transition:transition:1.4.1) with JetifyTransform
Transforming transition-1.4.1.aar (androidx.transition:transition:1.4.1) with ExtractAarTransform
Transforming transition-1.4.1.aar (androidx.transition:transition:1.4.1) with AarTransform
Transforming window-1.0.0.aar (androidx.window:window:1.0.0) with JetifyTransform
Transforming window-1.0.0.aar (androidx.window:window:1.0.0) with ExtractAarTransform
Transforming window-1.0.0.aar (androidx.window:window:1.0.0) with AarTransform
Transforming core-1.9.0.aar (androidx.core:core:1.9.0) with JetifyTransform
Transforming core-1.9.0.aar (androidx.core:core:1.9.0) with ExtractAarTransform
Transforming core-1.9.0.aar (androidx.core:core:1.9.0) with AarTransform
Transforming core-1.9.0.aar (androidx.core:core:1.9.0) with JetifyTransform
Transforming core-1.9.0.aar (androidx.core:core:1.9.0) with ExtractAarTransform
Transforming core-1.9.0.aar (androidx.core:core:1.9.0) with AarTransform
Transforming cursoradapter-1.0.0.aar (androidx.cursoradapter:cursoradapter:1.0.0) with JetifyTransform
Transforming cursoradapter-1.0.0.aar (androidx.cursoradapter:cursoradapter:1.0.0) with ExtractAarTransform
Transforming cursoradapter-1.0.0.aar (androidx.cursoradapter:cursoradapter:1.0.0) with AarTransform
Transforming cardview-1.0.0.aar (androidx.cardview:cardview:1.0.0) with JetifyTransform
Transforming cardview-1.0.0.aar (androidx.cardview:cardview:1.0.0) with ExtractAarTransform
Transforming cardview-1.0.0.aar (androidx.cardview:cardview:1.0.0) with AarTransform
Transforming profileinstaller-1.3.0.aar (androidx.profileinstaller:profileinstaller:1.3.0) with JetifyTransform
Transforming profileinstaller-1.3.0.aar (androidx.profileinstaller:profileinstaller:1.3.0) with ExtractAarTransform
Transforming profileinstaller-1.3.0.aar (androidx.profileinstaller:profileinstaller:1.3.0) with AarTransform
Transforming startup-runtime-1.1.1.aar (androidx.startup:startup-runtime:1.1.1) with JetifyTransform
Transforming startup-runtime-1.1.1.aar (androidx.startup:startup-runtime:1.1.1) with ExtractAarTransform
Transforming startup-runtime-1.1.1.aar (androidx.startup:startup-runtime:1.1.1) with AarTransform
Transforming tracing-1.0.0.aar (androidx.tracing:tracing:1.0.0) with JetifyTransform
Transforming tracing-1.0.0.aar (androidx.tracing:tracing:1.0.0) with ExtractAarTransform
Transforming tracing-1.0.0.aar (androidx.tracing:tracing:1.0.0) with AarTransform
Transforming versionedparcelable-1.1.1.aar (androidx.versionedparcelable:versionedparcelable:1.1.1) with JetifyTransform
Transforming versionedparcelable-1.1.1.aar (androidx.versionedparcelable:versionedparcelable:1.1.1) with ExtractAarTransform
Transforming versionedparcelable-1.1.1.aar (androidx.versionedparcelable:versionedparcelable:1.1.1) with AarTransform
Transforming core-runtime-2.2.0.aar (androidx.arch.core:core-runtime:2.2.0) with JetifyTransform
Transforming core-runtime-2.2.0.aar (androidx.arch.core:core-runtime:2.2.0) with ExtractAarTransform
Transforming core-runtime-2.2.0.aar (androidx.arch.core:core-runtime:2.2.0) with AarTransform
Transforming interpolator-1.0.0.aar (androidx.interpolator:interpolator:1.0.0) with JetifyTransform
Transforming interpolator-1.0.0.aar (androidx.interpolator:interpolator:1.0.0) with ExtractAarTransform
Transforming interpolator-1.0.0.aar (androidx.interpolator:interpolator:1.0.0) with AarTransform
Transforming documentfile-1.0.0.aar (androidx.documentfile:documentfile:1.0.0) with JetifyTransform
Transforming documentfile-1.0.0.aar (androidx.documentfile:documentfile:1.0.0) with ExtractAarTransform
Transforming documentfile-1.0.0.aar (androidx.documentfile:documentfile:1.0.0) with AarTransform
Transforming localbroadcastmanager-1.0.0.aar (androidx.localbroadcastmanager:localbroadcastmanager:1.0.0) with JetifyTransform
Transforming localbroadcastmanager-1.0.0.aar (androidx.localbroadcastmanager:localbroadcastmanager:1.0.0) with ExtractAarTransform
Transforming localbroadcastmanager-1.0.0.aar (androidx.localbroadcastmanager:localbroadcastmanager:1.0.0) with AarTransform
Transforming print-1.0.0.aar (androidx.print:print:1.0.0) with JetifyTransform
Transforming print-1.0.0.aar (androidx.print:print:1.0.0) with ExtractAarTransform
Transforming print-1.0.0.aar (androidx.print:print:1.0.0) with AarTransform
Transforming annotation-experimental-1.3.0.aar (androidx.annotation:annotation-experimental:1.3.0) with JetifyTransform
Transforming annotation-experimental-1.3.0.aar (androidx.annotation:annotation-experimental:1.3.0) with ExtractAarTransform
Transforming annotation-experimental-1.3.0.aar (androidx.annotation:annotation-experimental:1.3.0) with AarTransform
Transforming material-1.10.0.aar (com.google.android.material:material:1.10.0) with JetifyTransform
Transforming material-1.10.0.aar (com.google.android.material:material:1.10.0) with ExtractAarTransform
Transforming material-1.10.0.aar (com.google.android.material:material:1.10.0) with AarTransform
Transforming constraintlayout-2.1.4.aar (androidx.constraintlayout:constraintlayout:2.1.4) with JetifyTransform
Transforming constraintlayout-2.1.4.aar (androidx.constraintlayout:constraintlayout:2.1.4) with ExtractAarTransform
Transforming constraintlayout-2.1.4.aar (androidx.constraintlayout:constraintlayout:2.1.4) with AarTransform
Transforming preference-1.2.1.aar (androidx.preference:preference:1.2.1) with JetifyTransform
Transforming preference-1.2.1.aar (androidx.preference:preference:1.2.1) with ExtractAarTransform
Transforming preference-1.2.1.aar (androidx.preference:preference:1.2.1) with AarTransform
Transforming appcompat-resources-1.6.1.aar (androidx.appcompat:appcompat-resources:1.6.1) with JetifyTransform
Transforming appcompat-resources-1.6.1.aar (androidx.appcompat:appcompat-resources:1.6.1) with ExtractAarTransform
Transforming appcompat-resources-1.6.1.aar (androidx.appcompat:appcompat-resources:1.6.1) with AarTransform
Transforming appcompat-1.6.1.aar (androidx.appcompat:appcompat:1.6.1) with JetifyTransform
Transforming appcompat-1.6.1.aar (androidx.appcompat:appcompat:1.6.1) with ExtractAarTransform
Transforming appcompat-1.6.1.aar (androidx.appcompat:appcompat:1.6.1) with AarTransform
Transforming viewpager2-1.0.0.aar (androidx.viewpager2:viewpager2:1.0.0) with JetifyTransform
Transforming viewpager2-1.0.0.aar (androidx.viewpager2:viewpager2:1.0.0) with ExtractAarTransform
Transforming viewpager2-1.0.0.aar (androidx.viewpager2:viewpager2:1.0.0) with AarTransform
Transforming fragment-ktx-1.3.6.aar (androidx.fragment:fragment-ktx:1.3.6) with JetifyTransform
Transforming fragment-ktx-1.3.6.aar (androidx.fragment:fragment-ktx:1.3.6) with ExtractAarTransform
Transforming fragment-ktx-1.3.6.aar (androidx.fragment:fragment-ktx:1.3.6) with AarTransform
Transforming fragment-1.3.6.aar (androidx.fragment:fragment:1.3.6) with JetifyTransform
Transforming fragment-1.3.6.aar (androidx.fragment:fragment:1.3.6) with ExtractAarTransform
Transforming fragment-1.3.6.aar (androidx.fragment:fragment:1.3.6) with AarTransform
Transforming fragment-1.3.6.aar (androidx.fragment:fragment:1.3.6) with JetifyTransform
Transforming fragment-1.3.6.aar (androidx.fragment:fragment:1.3.6) with ExtractAarTransform
Transforming fragment-1.3.6.aar (androidx.fragment:fragment:1.3.6) with AarTransform
Transforming activity-ktx-1.8.0.aar (androidx.activity:activity-ktx:1.8.0) with JetifyTransform
Transforming activity-ktx-1.8.0.aar (androidx.activity:activity-ktx:1.8.0) with ExtractAarTransform
Transforming activity-ktx-1.8.0.aar (androidx.activity:activity-ktx:1.8.0) with AarTransform
Transforming activity-1.8.0.aar (androidx.activity:activity:1.8.0) with JetifyTransform
Transforming activity-1.8.0.aar (androidx.activity:activity:1.8.0) with ExtractAarTransform
Transforming activity-1.8.0.aar (androidx.activity:activity:1.8.0) with AarTransform
Transforming emoji2-views-helper-1.2.0.aar (androidx.emoji2:emoji2-views-helper:1.2.0) with JetifyTransform
Transforming emoji2-views-helper-1.2.0.aar (androidx.emoji2:emoji2-views-helper:1.2.0) with ExtractAarTransform
Transforming emoji2-views-helper-1.2.0.aar (androidx.emoji2:emoji2-views-helper:1.2.0) with AarTransform
Transforming emoji2-1.2.0.aar (androidx.emoji2:emoji2:1.2.0) with JetifyTransform
Transforming emoji2-1.2.0.aar (androidx.emoji2:emoji2:1.2.0) with ExtractAarTransform
Transforming emoji2-1.2.0.aar (androidx.emoji2:emoji2:1.2.0) with AarTransform
Transforming drawerlayout-1.1.1.aar (androidx.drawerlayout:drawerlayout:1.1.1) with JetifyTransform
Transforming drawerlayout-1.1.1.aar (androidx.drawerlayout:drawerlayout:1.1.1) with ExtractAarTransform
Transforming drawerlayout-1.1.1.aar (androidx.drawerlayout:drawerlayout:1.1.1) with AarTransform
Transforming coordinatorlayout-1.1.0.aar (androidx.coordinatorlayout:coordinatorlayout:1.1.0) with JetifyTransform
Transforming coordinatorlayout-1.1.0.aar (androidx.coordinatorlayout:coordinatorlayout:1.1.0) with ExtractAarTransform
Transforming coordinatorlayout-1.1.0.aar (androidx.coordinatorlayout:coordinatorlayout:1.1.0) with AarTransform
Transforming dynamicanimation-1.0.0.aar (androidx.dynamicanimation:dynamicanimation:1.0.0) with JetifyTransform
Transforming dynamicanimation-1.0.0.aar (androidx.dynamicanimation:dynamicanimation:1.0.0) with ExtractAarTransform
Transforming dynamicanimation-1.0.0.aar (androidx.dynamicanimation:dynamicanimation:1.0.0) with AarTransform
Transforming vectordrawable-animated-1.1.0.aar (androidx.vectordrawable:vectordrawable-animated:1.1.0) with JetifyTransform
Transforming vectordrawable-animated-1.1.0.aar (androidx.vectordrawable:vectordrawable-animated:1.1.0) with ExtractAarTransform
Transforming vectordrawable-animated-1.1.0.aar (androidx.vectordrawable:vectordrawable-animated:1.1.0) with AarTransform
Transforming vectordrawable-1.1.0.aar (androidx.vectordrawable:vectordrawable:1.1.0) with JetifyTransform
Transforming vectordrawable-1.1.0.aar (androidx.vectordrawable:vectordrawable:1.1.0) with ExtractAarTransform
Transforming vectordrawable-1.1.0.aar (androidx.vectordrawable:vectordrawable:1.1.0) with AarTransform
Transforming vectordrawable-1.1.0.aar (androidx.vectordrawable:vectordrawable:1.1.0) with JetifyTransform
Transforming vectordrawable-1.1.0.aar (androidx.vectordrawable:vectordrawable:1.1.0) with ExtractAarTransform
Transforming vectordrawable-1.1.0.aar (androidx.vectordrawable:vectordrawable:1.1.0) with AarTransform
Transforming slidingpanelayout-1.2.0.aar (androidx.slidingpanelayout:slidingpanelayout:1.2.0) with JetifyTransform
Transforming slidingpanelayout-1.2.0.aar (androidx.slidingpanelayout:slidingpanelayout:1.2.0) with ExtractAarTransform
Transforming slidingpanelayout-1.2.0.aar (androidx.slidingpanelayout:slidingpanelayout:1.2.0) with AarTransform
Transforming legacy-support-core-utils-1.0.0.aar (androidx.legacy:legacy-support-core-utils:1.0.0) with JetifyTransform
Transforming legacy-support-core-utils-1.0.0.aar (androidx.legacy:legacy-support-core-utils:1.0.0) with ExtractAarTransform
Transforming legacy-support-core-utils-1.0.0.aar (androidx.legacy:legacy-support-core-utils:1.0.0) with AarTransform
Transforming loader-1.0.0.aar (androidx.loader:loader:1.0.0) with JetifyTransform
Transforming loader-1.0.0.aar (androidx.loader:loader:1.0.0) with ExtractAarTransform
Transforming loader-1.0.0.aar (androidx.loader:loader:1.0.0) with AarTransform
Transforming loader-1.0.0.aar (androidx.loader:loader:1.0.0) with JetifyTransform
Transforming loader-1.0.0.aar (androidx.loader:loader:1.0.0) with ExtractAarTransform
Transforming loader-1.0.0.aar (androidx.loader:loader:1.0.0) with AarTransform
Transforming savedstate-ktx-1.2.1.aar (androidx.savedstate:savedstate-ktx:1.2.1) with JetifyTransform
Transforming savedstate-ktx-1.2.1.aar (androidx.savedstate:savedstate-ktx:1.2.1) with ExtractAarTransform
Transforming savedstate-ktx-1.2.1.aar (androidx.savedstate:savedstate-ktx:1.2.1) with AarTransform
Transforming savedstate-1.2.1.aar (androidx.savedstate:savedstate:1.2.1) with JetifyTransform
Transforming savedstate-1.2.1.aar (androidx.savedstate:savedstate:1.2.1) with ExtractAarTransform
Transforming savedstate-1.2.1.aar (androidx.savedstate:savedstate:1.2.1) with AarTransform
Transforming lifecycle-livedata-2.6.1.aar (androidx.lifecycle:lifecycle-livedata:2.6.1) with JetifyTransform
Transforming lifecycle-livedata-2.6.1.aar (androidx.lifecycle:lifecycle-livedata:2.6.1) with ExtractAarTransform
Transforming lifecycle-livedata-2.6.1.aar (androidx.lifecycle:lifecycle-livedata:2.6.1) with AarTransform
Transforming lifecycle-runtime-ktx-2.6.1.aar (androidx.lifecycle:lifecycle-runtime-ktx:2.6.1) with JetifyTransform
Transforming lifecycle-runtime-ktx-2.6.1.aar (androidx.lifecycle:lifecycle-runtime-ktx:2.6.1) with ExtractAarTransform
Transforming lifecycle-runtime-ktx-2.6.1.aar (androidx.lifecycle:lifecycle-runtime-ktx:2.6.1) with AarTransform
Transforming lifecycle-viewmodel-ktx-2.6.1.aar (androidx.lifecycle:lifecycle-viewmodel-ktx:2.6.1) with JetifyTransform
Transforming lifecycle-viewmodel-ktx-2.6.1.aar (androidx.lifecycle:lifecycle-viewmodel-ktx:2.6.1) with ExtractAarTransform
Transforming lifecycle-viewmodel-ktx-2.6.1.aar (androidx.lifecycle:lifecycle-viewmodel-ktx:2.6.1) with AarTransform
Transforming lifecycle-livedata-core-ktx-2.6.1.aar (androidx.lifecycle:lifecycle-livedata-core-ktx:2.6.1) with JetifyTransform
Transforming lifecycle-livedata-core-ktx-2.6.1.aar (androidx.lifecycle:lifecycle-livedata-core-ktx:2.6.1) with ExtractAarTransform
Transforming lifecycle-livedata-core-ktx-2.6.1.aar (androidx.lifecycle:lifecycle-livedata-core-ktx:2.6.1) with AarTransform
Transforming lifecycle-process-2.6.1.aar (androidx.lifecycle:lifecycle-process:2.6.1) with JetifyTransform
Transforming lifecycle-process-2.6.1.aar (androidx.lifecycle:lifecycle-process:2.6.1) with ExtractAarTransform
Transforming lifecycle-process-2.6.1.aar (androidx.lifecycle:lifecycle-process:2.6.1) with AarTransform
Transforming lifecycle-livedata-core-2.6.1.aar (androidx.lifecycle:lifecycle-livedata-core:2.6.1) with JetifyTransform
Transforming lifecycle-livedata-core-2.6.1.aar (androidx.lifecycle:lifecycle-livedata-core:2.6.1) with ExtractAarTransform
Transforming lifecycle-livedata-core-2.6.1.aar (androidx.lifecycle:lifecycle-livedata-core:2.6.1) with AarTransform
Transforming lifecycle-viewmodel-2.6.1.aar (androidx.lifecycle:lifecycle-viewmodel:2.6.1) with JetifyTransform
Transforming lifecycle-viewmodel-2.6.1.aar (androidx.lifecycle:lifecycle-viewmodel:2.6.1) with ExtractAarTransform
Transforming lifecycle-viewmodel-2.6.1.aar (androidx.lifecycle:lifecycle-viewmodel:2.6.1) with AarTransform
Transforming lifecycle-viewmodel-2.6.1.aar (androidx.lifecycle:lifecycle-viewmodel:2.6.1) with JetifyTransform
Transforming lifecycle-viewmodel-2.6.1.aar (androidx.lifecycle:lifecycle-viewmodel:2.6.1) with ExtractAarTransform
Transforming lifecycle-viewmodel-2.6.1.aar (androidx.lifecycle:lifecycle-viewmodel:2.6.1) with AarTransform
Transforming lifecycle-runtime-2.6.1.aar (androidx.lifecycle:lifecycle-runtime:2.6.1) with JetifyTransform
Transforming lifecycle-runtime-2.6.1.aar (androidx.lifecycle:lifecycle-runtime:2.6.1) with ExtractAarTransform
Transforming lifecycle-runtime-2.6.1.aar (androidx.lifecycle:lifecycle-runtime:2.6.1) with AarTransform
Transforming lifecycle-viewmodel-savedstate-2.6.1.aar (androidx.lifecycle:lifecycle-viewmodel-savedstate:2.6.1) with JetifyTransform
Transforming lifecycle-viewmodel-savedstate-2.6.1.aar (androidx.lifecycle:lifecycle-viewmodel-savedstate:2.6.1) with ExtractAarTransform
Transforming lifecycle-viewmodel-savedstate-2.6.1.aar (androidx.lifecycle:lifecycle-viewmodel-savedstate:2.6.1) with AarTransform
Transforming core-ktx-1.9.0.aar (androidx.core:core-ktx:1.9.0) with JetifyTransform
Transforming core-ktx-1.9.0.aar (androidx.core:core-ktx:1.9.0) with ExtractAarTransform
Transforming core-ktx-1.9.0.aar (androidx.core:core-ktx:1.9.0) with AarTransform
Transforming viewpager-1.0.0.aar (androidx.viewpager:viewpager:1.0.0) with JetifyTransform
Transforming viewpager-1.0.0.aar (androidx.viewpager:viewpager:1.0.0) with ExtractAarTransform
Transforming viewpager-1.0.0.aar (androidx.viewpager:viewpager:1.0.0) with AarTransform
Transforming recyclerview-1.1.0.aar (androidx.recyclerview:recyclerview:1.1.0) with JetifyTransform
Transforming recyclerview-1.1.0.aar (androidx.recyclerview:recyclerview:1.1.0) with ExtractAarTransform
Transforming recyclerview-1.1.0.aar (androidx.recyclerview:recyclerview:1.1.0) with AarTransform
Transforming recyclerview-1.1.0.aar (androidx.recyclerview:recyclerview:1.1.0) with JetifyTransform
Transforming recyclerview-1.1.0.aar (androidx.recyclerview:recyclerview:1.1.0) with ExtractAarTransform
Transforming recyclerview-1.1.0.aar (androidx.recyclerview:recyclerview:1.1.0) with AarTransform
Transforming customview-1.1.0.aar (androidx.customview:customview:1.1.0) with JetifyTransform
Transforming customview-1.1.0.aar (androidx.customview:customview:1.1.0) with ExtractAarTransform
Transforming customview-1.1.0.aar (androidx.customview:customview:1.1.0) with AarTransform
Transforming customview-1.1.0.aar (androidx.customview:customview:1.1.0) with JetifyTransform
Transforming customview-1.1.0.aar (androidx.customview:customview:1.1.0) with ExtractAarTransform
Transforming customview-1.1.0.aar (androidx.customview:customview:1.1.0) with AarTransform
Transforming transition-1.4.1.aar (androidx.transition:transition:1.4.1) with JetifyTransform
Transforming transition-1.4.1.aar (androidx.transition:transition:1.4.1) with ExtractAarTransform
Transforming transition-1.4.1.aar (androidx.transition:transition:1.4.1) with AarTransform
Transforming window-1.0.0.aar (androidx.window:window:1.0.0) with JetifyTransform
Transforming window-1.0.0.aar (androidx.window:window:1.0.0) with ExtractAarTransform
Transforming window-1.0.0.aar (androidx.window:window:1.0.0) with AarTransform
Transforming core-1.9.0.aar (androidx.core:core:1.9.0) with JetifyTransform
Transforming core-1.9.0.aar (androidx.core:core:1.9.0) with ExtractAarTransform
Transforming core-1.9.0.aar (androidx.core:core:1.9.0) with AarTransform
Transforming core-1.9.0.aar (androidx.core:core:1.9.0) with JetifyTransform
Transforming core-1.9.0.aar (androidx.core:core:1.9.0) with ExtractAarTransform
Transforming core-1.9.0.aar (androidx.core:core:1.9.0) with AarTransform
Transforming cursoradapter-1.0.0.aar (androidx.cursoradapter:cursoradapter:1.0.0) with JetifyTransform
Transforming cursoradapter-1.0.0.aar (androidx.cursoradapter:cursoradapter:1.0.0) with ExtractAarTransform
Transforming cursoradapter-1.0.0.aar (androidx.cursoradapter:cursoradapter:1.0.0) with AarTransform
Transforming cardview-1.0.0.aar (androidx.cardview:cardview:1.0.0) with JetifyTransform
Transforming cardview-1.0.0.aar (androidx.cardview:cardview:1.0.0) with ExtractAarTransform
Transforming cardview-1.0.0.aar (androidx.cardview:cardview:1.0.0) with AarTransform
Transforming profileinstaller-1.3.0.aar (androidx.profileinstaller:profileinstaller:1.3.0) with JetifyTransform
Transforming profileinstaller-1.3.0.aar (androidx.profileinstaller:profileinstaller:1.3.0) with ExtractAarTransform
Transforming profileinstaller-1.3.0.aar (androidx.profileinstaller:profileinstaller:1.3.0) with AarTransform
Transforming startup-runtime-1.1.1.aar (androidx.startup:startup-runtime:1.1.1) with JetifyTransform
Transforming startup-runtime-1.1.1.aar (androidx.startup:startup-runtime:1.1.1) with ExtractAarTransform
Transforming startup-runtime-1.1.1.aar (androidx.startup:startup-runtime:1.1.1) with AarTransform
Transforming tracing-1.0.0.aar (androidx.tracing:tracing:1.0.0) with JetifyTransform
Transforming tracing-1.0.0.aar (androidx.tracing:tracing:1.0.0) with ExtractAarTransform
Transforming tracing-1.0.0.aar (androidx.tracing:tracing:1.0.0) with AarTransform
Transforming versionedparcelable-1.1.1.aar (androidx.versionedparcelable:versionedparcelable:1.1.1) with JetifyTransform
Transforming versionedparcelable-1.1.1.aar (androidx.versionedparcelable:versionedparcelable:1.1.1) with ExtractAarTransform
Transforming versionedparcelable-1.1.1.aar (androidx.versionedparcelable:versionedparcelable:1.1.1) with AarTransform
Transforming core-runtime-2.2.0.aar (androidx.arch.core:core-runtime:2.2.0) with JetifyTransform
Transforming core-runtime-2.2.0.aar (androidx.arch.core:core-runtime:2.2.0) with ExtractAarTransform
Transforming core-runtime-2.2.0.aar (androidx.arch.core:core-runtime:2.2.0) with AarTransform
Transforming interpolator-1.0.0.aar (androidx.interpolator:interpolator:1.0.0) with JetifyTransform
Transforming interpolator-1.0.0.aar (androidx.interpolator:interpolator:1.0.0) with ExtractAarTransform
Transforming interpolator-1.0.0.aar (androidx.interpolator:interpolator:1.0.0) with AarTransform
Transforming documentfile-1.0.0.aar (androidx.documentfile:documentfile:1.0.0) with JetifyTransform
Transforming documentfile-1.0.0.aar (androidx.documentfile:documentfile:1.0.0) with ExtractAarTransform
Transforming documentfile-1.0.0.aar (androidx.documentfile:documentfile:1.0.0) with AarTransform
Transforming localbroadcastmanager-1.0.0.aar (androidx.localbroadcastmanager:localbroadcastmanager:1.0.0) with JetifyTransform
Transforming localbroadcastmanager-1.0.0.aar (androidx.localbroadcastmanager:localbroadcastmanager:1.0.0) with ExtractAarTransform
Transforming localbroadcastmanager-1.0.0.aar (androidx.localbroadcastmanager:localbroadcastmanager:1.0.0) with AarTransform
Transforming print-1.0.0.aar (androidx.print:print:1.0.0) with JetifyTransform
Transforming print-1.0.0.aar (androidx.print:print:1.0.0) with ExtractAarTransform
Transforming print-1.0.0.aar (androidx.print:print:1.0.0) with AarTransform
Transforming annotation-experimental-1.3.0.aar (androidx.annotation:annotation-experimental:1.3.0) with JetifyTransform
Transforming annotation-experimental-1.3.0.aar (androidx.annotation:annotation-experimental:1.3.0) with ExtractAarTransform
Transforming annotation-experimental-1.3.0.aar (androidx.annotation:annotation-experimental:1.3.0) with AarTransform
Build cache key for task ':app:processDebugMainManifest' is 580a0c7f4090082efdcb96ec3ae3675c
Skipping task ':app:processDebugMainManifest' as it is up-to-date.
Resolve mutations for :app:processDebugManifest (Thread[#318,included builds,5,main]) started.
:app:processDebugManifest (Thread[#318,included builds,5,main]) started.

> Task :app:processDebugManifest UP-TO-DATE
Build cache key for task ':app:processDebugManifest' is a4d71197adf76509400587a506f41c35
Skipping task ':app:processDebugManifest' as it is up-to-date.
Resolve mutations for :app:processDebugManifestForPackage (Thread[#318,included builds,5,main]) started.
:app:processDebugManifestForPackage (Thread[#318,included builds,5,main]) started.

> Task :app:processDebugManifestForPackage UP-TO-DATE
Custom actions are attached to task ':app:processDebugManifestForPackage'.
Build cache key for task ':app:processDebugManifestForPackage' is 58eb69070cad4e7820a1b53a4751acda
Skipping task ':app:processDebugManifestForPackage' as it is up-to-date.
Resolve mutations for :app:processDebugResources (Thread[#318,included builds,5,main]) started.
:app:processDebugResources (Thread[#318,included builds,5,main]) started.

> Task :app:processDebugResources UP-TO-DATE
Transforming material-1.10.0.aar (com.google.android.material:material:1.10.0) with JetifyTransform
Transforming material-1.10.0.aar (com.google.android.material:material:1.10.0) with ExtractAarTransform
Transforming material-1.10.0.aar (com.google.android.material:material:1.10.0) with AarResourcesCompilerTransform
Transforming constraintlayout-2.1.4.aar (androidx.constraintlayout:constraintlayout:2.1.4) with JetifyTransform
Transforming constraintlayout-2.1.4.aar (androidx.constraintlayout:constraintlayout:2.1.4) with ExtractAarTransform
Transforming constraintlayout-2.1.4.aar (androidx.constraintlayout:constraintlayout:2.1.4) with AarResourcesCompilerTransform
Transforming preference-1.2.1.aar (androidx.preference:preference:1.2.1) with JetifyTransform
Transforming preference-1.2.1.aar (androidx.preference:preference:1.2.1) with ExtractAarTransform
Transforming preference-1.2.1.aar (androidx.preference:preference:1.2.1) with AarResourcesCompilerTransform
Transforming appcompat-resources-1.6.1.aar (androidx.appcompat:appcompat-resources:1.6.1) with JetifyTransform
Transforming appcompat-resources-1.6.1.aar (androidx.appcompat:appcompat-resources:1.6.1) with ExtractAarTransform
Transforming appcompat-resources-1.6.1.aar (androidx.appcompat:appcompat-resources:1.6.1) with AarResourcesCompilerTransform
Transforming appcompat-1.6.1.aar (androidx.appcompat:appcompat:1.6.1) with JetifyTransform
Transforming appcompat-1.6.1.aar (androidx.appcompat:appcompat:1.6.1) with ExtractAarTransform
Transforming appcompat-1.6.1.aar (androidx.appcompat:appcompat:1.6.1) with AarResourcesCompilerTransform
Transforming viewpager2-1.0.0.aar (androidx.viewpager2:viewpager2:1.0.0) with JetifyTransform
Transforming viewpager2-1.0.0.aar (androidx.viewpager2:viewpager2:1.0.0) with ExtractAarTransform
Transforming viewpager2-1.0.0.aar (androidx.viewpager2:viewpager2:1.0.0) with AarResourcesCompilerTransform
Transforming fragment-ktx-1.3.6.aar (androidx.fragment:fragment-ktx:1.3.6) with JetifyTransform
Transforming fragment-ktx-1.3.6.aar (androidx.fragment:fragment-ktx:1.3.6) with ExtractAarTransform
Transforming fragment-ktx-1.3.6.aar (androidx.fragment:fragment-ktx:1.3.6) with AarResourcesCompilerTransform
Transforming fragment-1.3.6.aar (androidx.fragment:fragment:1.3.6) with JetifyTransform
Transforming fragment-1.3.6.aar (androidx.fragment:fragment:1.3.6) with ExtractAarTransform
Transforming fragment-1.3.6.aar (androidx.fragment:fragment:1.3.6) with AarResourcesCompilerTransform
Transforming fragment-1.3.6.aar (androidx.fragment:fragment:1.3.6) with JetifyTransform
Transforming fragment-1.3.6.aar (androidx.fragment:fragment:1.3.6) with ExtractAarTransform
Transforming fragment-1.3.6.aar (androidx.fragment:fragment:1.3.6) with AarResourcesCompilerTransform
Transforming activity-ktx-1.8.0.aar (androidx.activity:activity-ktx:1.8.0) with JetifyTransform
Transforming activity-ktx-1.8.0.aar (androidx.activity:activity-ktx:1.8.0) with ExtractAarTransform
Transforming activity-ktx-1.8.0.aar (androidx.activity:activity-ktx:1.8.0) with AarResourcesCompilerTransform
Transforming activity-1.8.0.aar (androidx.activity:activity:1.8.0) with JetifyTransform
Transforming activity-1.8.0.aar (androidx.activity:activity:1.8.0) with ExtractAarTransform
Transforming activity-1.8.0.aar (androidx.activity:activity:1.8.0) with AarResourcesCompilerTransform
Transforming emoji2-views-helper-1.2.0.aar (androidx.emoji2:emoji2-views-helper:1.2.0) with JetifyTransform
Transforming emoji2-views-helper-1.2.0.aar (androidx.emoji2:emoji2-views-helper:1.2.0) with ExtractAarTransform
Transforming emoji2-views-helper-1.2.0.aar (androidx.emoji2:emoji2-views-helper:1.2.0) with AarResourcesCompilerTransform
Transforming emoji2-1.2.0.aar (androidx.emoji2:emoji2:1.2.0) with JetifyTransform
Transforming emoji2-1.2.0.aar (androidx.emoji2:emoji2:1.2.0) with ExtractAarTransform
Transforming emoji2-1.2.0.aar (androidx.emoji2:emoji2:1.2.0) with AarResourcesCompilerTransform
Transforming drawerlayout-1.1.1.aar (androidx.drawerlayout:drawerlayout:1.1.1) with JetifyTransform
Transforming drawerlayout-1.1.1.aar (androidx.drawerlayout:drawerlayout:1.1.1) with ExtractAarTransform
Transforming drawerlayout-1.1.1.aar (androidx.drawerlayout:drawerlayout:1.1.1) with AarResourcesCompilerTransform
Transforming coordinatorlayout-1.1.0.aar (androidx.coordinatorlayout:coordinatorlayout:1.1.0) with JetifyTransform
Transforming coordinatorlayout-1.1.0.aar (androidx.coordinatorlayout:coordinatorlayout:1.1.0) with ExtractAarTransform
Transforming coordinatorlayout-1.1.0.aar (androidx.coordinatorlayout:coordinatorlayout:1.1.0) with AarResourcesCompilerTransform
Transforming dynamicanimation-1.0.0.aar (androidx.dynamicanimation:dynamicanimation:1.0.0) with JetifyTransform
Transforming dynamicanimation-1.0.0.aar (androidx.dynamicanimation:dynamicanimation:1.0.0) with ExtractAarTransform
Transforming dynamicanimation-1.0.0.aar (androidx.dynamicanimation:dynamicanimation:1.0.0) with AarResourcesCompilerTransform
Transforming vectordrawable-animated-1.1.0.aar (androidx.vectordrawable:vectordrawable-animated:1.1.0) with JetifyTransform
Transforming vectordrawable-animated-1.1.0.aar (androidx.vectordrawable:vectordrawable-animated:1.1.0) with ExtractAarTransform
Transforming vectordrawable-animated-1.1.0.aar (androidx.vectordrawable:vectordrawable-animated:1.1.0) with AarResourcesCompilerTransform
Transforming vectordrawable-1.1.0.aar (androidx.vectordrawable:vectordrawable:1.1.0) with JetifyTransform
Transforming vectordrawable-1.1.0.aar (androidx.vectordrawable:vectordrawable:1.1.0) with ExtractAarTransform
Transforming vectordrawable-1.1.0.aar (androidx.vectordrawable:vectordrawable:1.1.0) with AarResourcesCompilerTransform
Transforming vectordrawable-1.1.0.aar (androidx.vectordrawable:vectordrawable:1.1.0) with JetifyTransform
Transforming vectordrawable-1.1.0.aar (androidx.vectordrawable:vectordrawable:1.1.0) with ExtractAarTransform
Transforming vectordrawable-1.1.0.aar (androidx.vectordrawable:vectordrawable:1.1.0) with AarResourcesCompilerTransform
Transforming slidingpanelayout-1.2.0.aar (androidx.slidingpanelayout:slidingpanelayout:1.2.0) with JetifyTransform
Transforming slidingpanelayout-1.2.0.aar (androidx.slidingpanelayout:slidingpanelayout:1.2.0) with ExtractAarTransform
Transforming slidingpanelayout-1.2.0.aar (androidx.slidingpanelayout:slidingpanelayout:1.2.0) with AarResourcesCompilerTransform
Transforming legacy-support-core-utils-1.0.0.aar (androidx.legacy:legacy-support-core-utils:1.0.0) with JetifyTransform
Transforming legacy-support-core-utils-1.0.0.aar (androidx.legacy:legacy-support-core-utils:1.0.0) with ExtractAarTransform
Transforming legacy-support-core-utils-1.0.0.aar (androidx.legacy:legacy-support-core-utils:1.0.0) with AarResourcesCompilerTransform
Transforming loader-1.0.0.aar (androidx.loader:loader:1.0.0) with JetifyTransform
Transforming loader-1.0.0.aar (androidx.loader:loader:1.0.0) with ExtractAarTransform
Transforming loader-1.0.0.aar (androidx.loader:loader:1.0.0) with AarResourcesCompilerTransform
Transforming loader-1.0.0.aar (androidx.loader:loader:1.0.0) with JetifyTransform
Transforming loader-1.0.0.aar (androidx.loader:loader:1.0.0) with ExtractAarTransform
Transforming loader-1.0.0.aar (androidx.loader:loader:1.0.0) with AarResourcesCompilerTransform
Transforming savedstate-ktx-1.2.1.aar (androidx.savedstate:savedstate-ktx:1.2.1) with JetifyTransform
Transforming savedstate-ktx-1.2.1.aar (androidx.savedstate:savedstate-ktx:1.2.1) with ExtractAarTransform
Transforming savedstate-ktx-1.2.1.aar (androidx.savedstate:savedstate-ktx:1.2.1) with AarResourcesCompilerTransform
Transforming savedstate-1.2.1.aar (androidx.savedstate:savedstate:1.2.1) with JetifyTransform
Transforming savedstate-1.2.1.aar (androidx.savedstate:savedstate:1.2.1) with ExtractAarTransform
Transforming savedstate-1.2.1.aar (androidx.savedstate:savedstate:1.2.1) with AarResourcesCompilerTransform
Transforming lifecycle-livedata-2.6.1.aar (androidx.lifecycle:lifecycle-livedata:2.6.1) with JetifyTransform
Transforming lifecycle-livedata-2.6.1.aar (androidx.lifecycle:lifecycle-livedata:2.6.1) with ExtractAarTransform
Transforming lifecycle-livedata-2.6.1.aar (androidx.lifecycle:lifecycle-livedata:2.6.1) with AarResourcesCompilerTransform
Transforming lifecycle-runtime-ktx-2.6.1.aar (androidx.lifecycle:lifecycle-runtime-ktx:2.6.1) with JetifyTransform
Transforming lifecycle-runtime-ktx-2.6.1.aar (androidx.lifecycle:lifecycle-runtime-ktx:2.6.1) with ExtractAarTransform
Transforming lifecycle-runtime-ktx-2.6.1.aar (androidx.lifecycle:lifecycle-runtime-ktx:2.6.1) with AarResourcesCompilerTransform
Transforming lifecycle-viewmodel-ktx-2.6.1.aar (androidx.lifecycle:lifecycle-viewmodel-ktx:2.6.1) with JetifyTransform
Transforming lifecycle-viewmodel-ktx-2.6.1.aar (androidx.lifecycle:lifecycle-viewmodel-ktx:2.6.1) with ExtractAarTransform
Transforming lifecycle-viewmodel-ktx-2.6.1.aar (androidx.lifecycle:lifecycle-viewmodel-ktx:2.6.1) with AarResourcesCompilerTransform
Transforming lifecycle-livedata-core-ktx-2.6.1.aar (androidx.lifecycle:lifecycle-livedata-core-ktx:2.6.1) with JetifyTransform
Transforming lifecycle-livedata-core-ktx-2.6.1.aar (androidx.lifecycle:lifecycle-livedata-core-ktx:2.6.1) with ExtractAarTransform
Transforming lifecycle-livedata-core-ktx-2.6.1.aar (androidx.lifecycle:lifecycle-livedata-core-ktx:2.6.1) with AarResourcesCompilerTransform
Transforming lifecycle-process-2.6.1.aar (androidx.lifecycle:lifecycle-process:2.6.1) with JetifyTransform
Transforming lifecycle-process-2.6.1.aar (androidx.lifecycle:lifecycle-process:2.6.1) with ExtractAarTransform
Transforming lifecycle-process-2.6.1.aar (androidx.lifecycle:lifecycle-process:2.6.1) with AarResourcesCompilerTransform
Transforming lifecycle-livedata-core-2.6.1.aar (androidx.lifecycle:lifecycle-livedata-core:2.6.1) with JetifyTransform
Transforming lifecycle-livedata-core-2.6.1.aar (androidx.lifecycle:lifecycle-livedata-core:2.6.1) with ExtractAarTransform
Transforming lifecycle-livedata-core-2.6.1.aar (androidx.lifecycle:lifecycle-livedata-core:2.6.1) with AarResourcesCompilerTransform
Transforming lifecycle-viewmodel-2.6.1.aar (androidx.lifecycle:lifecycle-viewmodel:2.6.1) with JetifyTransform
Transforming lifecycle-viewmodel-2.6.1.aar (androidx.lifecycle:lifecycle-viewmodel:2.6.1) with ExtractAarTransform
Transforming lifecycle-viewmodel-2.6.1.aar (androidx.lifecycle:lifecycle-viewmodel:2.6.1) with AarResourcesCompilerTransform
Transforming lifecycle-viewmodel-2.6.1.aar (androidx.lifecycle:lifecycle-viewmodel:2.6.1) with JetifyTransform
Transforming lifecycle-viewmodel-2.6.1.aar (androidx.lifecycle:lifecycle-viewmodel:2.6.1) with ExtractAarTransform
Transforming lifecycle-viewmodel-2.6.1.aar (androidx.lifecycle:lifecycle-viewmodel:2.6.1) with AarResourcesCompilerTransform
Transforming lifecycle-runtime-2.6.1.aar (androidx.lifecycle:lifecycle-runtime:2.6.1) with JetifyTransform
Transforming lifecycle-runtime-2.6.1.aar (androidx.lifecycle:lifecycle-runtime:2.6.1) with ExtractAarTransform
Transforming lifecycle-runtime-2.6.1.aar (androidx.lifecycle:lifecycle-runtime:2.6.1) with AarResourcesCompilerTransform
Transforming lifecycle-viewmodel-savedstate-2.6.1.aar (androidx.lifecycle:lifecycle-viewmodel-savedstate:2.6.1) with JetifyTransform
Transforming lifecycle-viewmodel-savedstate-2.6.1.aar (androidx.lifecycle:lifecycle-viewmodel-savedstate:2.6.1) with ExtractAarTransform
Transforming lifecycle-viewmodel-savedstate-2.6.1.aar (androidx.lifecycle:lifecycle-viewmodel-savedstate:2.6.1) with AarResourcesCompilerTransform
Transforming core-ktx-1.9.0.aar (androidx.core:core-ktx:1.9.0) with JetifyTransform
Transforming core-ktx-1.9.0.aar (androidx.core:core-ktx:1.9.0) with ExtractAarTransform
Transforming core-ktx-1.9.0.aar (androidx.core:core-ktx:1.9.0) with AarResourcesCompilerTransform
Transforming viewpager-1.0.0.aar (androidx.viewpager:viewpager:1.0.0) with JetifyTransform
Transforming viewpager-1.0.0.aar (androidx.viewpager:viewpager:1.0.0) with ExtractAarTransform
Transforming viewpager-1.0.0.aar (androidx.viewpager:viewpager:1.0.0) with AarResourcesCompilerTransform
Transforming recyclerview-1.1.0.aar (androidx.recyclerview:recyclerview:1.1.0) with JetifyTransform
Transforming recyclerview-1.1.0.aar (androidx.recyclerview:recyclerview:1.1.0) with ExtractAarTransform
Transforming recyclerview-1.1.0.aar (androidx.recyclerview:recyclerview:1.1.0) with AarResourcesCompilerTransform
Transforming recyclerview-1.1.0.aar (androidx.recyclerview:recyclerview:1.1.0) with JetifyTransform
Transforming recyclerview-1.1.0.aar (androidx.recyclerview:recyclerview:1.1.0) with ExtractAarTransform
Transforming recyclerview-1.1.0.aar (androidx.recyclerview:recyclerview:1.1.0) with AarResourcesCompilerTransform
Transforming customview-1.1.0.aar (androidx.customview:customview:1.1.0) with JetifyTransform
Transforming customview-1.1.0.aar (androidx.customview:customview:1.1.0) with ExtractAarTransform
Transforming customview-1.1.0.aar (androidx.customview:customview:1.1.0) with AarResourcesCompilerTransform
Transforming customview-1.1.0.aar (androidx.customview:customview:1.1.0) with JetifyTransform
Transforming customview-1.1.0.aar (androidx.customview:customview:1.1.0) with ExtractAarTransform
Transforming customview-1.1.0.aar (androidx.customview:customview:1.1.0) with AarResourcesCompilerTransform
Transforming transition-1.4.1.aar (androidx.transition:transition:1.4.1) with JetifyTransform
Transforming transition-1.4.1.aar (androidx.transition:transition:1.4.1) with ExtractAarTransform
Transforming transition-1.4.1.aar (androidx.transition:transition:1.4.1) with AarResourcesCompilerTransform
Transforming window-1.0.0.aar (androidx.window:window:1.0.0) with JetifyTransform
Transforming window-1.0.0.aar (androidx.window:window:1.0.0) with ExtractAarTransform
Transforming window-1.0.0.aar (androidx.window:window:1.0.0) with AarResourcesCompilerTransform
Transforming core-1.9.0.aar (androidx.core:core:1.9.0) with JetifyTransform
Transforming core-1.9.0.aar (androidx.core:core:1.9.0) with ExtractAarTransform
Transforming core-1.9.0.aar (androidx.core:core:1.9.0) with AarResourcesCompilerTransform
Transforming core-1.9.0.aar (androidx.core:core:1.9.0) with JetifyTransform
Transforming core-1.9.0.aar (androidx.core:core:1.9.0) with ExtractAarTransform
Transforming core-1.9.0.aar (androidx.core:core:1.9.0) with AarResourcesCompilerTransform
Transforming cursoradapter-1.0.0.aar (androidx.cursoradapter:cursoradapter:1.0.0) with JetifyTransform
Transforming cursoradapter-1.0.0.aar (androidx.cursoradapter:cursoradapter:1.0.0) with ExtractAarTransform
Transforming cursoradapter-1.0.0.aar (androidx.cursoradapter:cursoradapter:1.0.0) with AarResourcesCompilerTransform
Transforming cardview-1.0.0.aar (androidx.cardview:cardview:1.0.0) with JetifyTransform
Transforming cardview-1.0.0.aar (androidx.cardview:cardview:1.0.0) with ExtractAarTransform
Transforming cardview-1.0.0.aar (androidx.cardview:cardview:1.0.0) with AarResourcesCompilerTransform
Transforming profileinstaller-1.3.0.aar (androidx.profileinstaller:profileinstaller:1.3.0) with JetifyTransform
Transforming profileinstaller-1.3.0.aar (androidx.profileinstaller:profileinstaller:1.3.0) with ExtractAarTransform
Transforming profileinstaller-1.3.0.aar (androidx.profileinstaller:profileinstaller:1.3.0) with AarResourcesCompilerTransform
Transforming startup-runtime-1.1.1.aar (androidx.startup:startup-runtime:1.1.1) with JetifyTransform
Transforming startup-runtime-1.1.1.aar (androidx.startup:startup-runtime:1.1.1) with ExtractAarTransform
Transforming startup-runtime-1.1.1.aar (androidx.startup:startup-runtime:1.1.1) with AarResourcesCompilerTransform
Transforming tracing-1.0.0.aar (androidx.tracing:tracing:1.0.0) with JetifyTransform
Transforming tracing-1.0.0.aar (androidx.tracing:tracing:1.0.0) with ExtractAarTransform
Transforming tracing-1.0.0.aar (androidx.tracing:tracing:1.0.0) with AarResourcesCompilerTransform
Transforming versionedparcelable-1.1.1.aar (androidx.versionedparcelable:versionedparcelable:1.1.1) with JetifyTransform
Transforming versionedparcelable-1.1.1.aar (androidx.versionedparcelable:versionedparcelable:1.1.1) with ExtractAarTransform
Transforming versionedparcelable-1.1.1.aar (androidx.versionedparcelable:versionedparcelable:1.1.1) with AarResourcesCompilerTransform
Transforming core-runtime-2.2.0.aar (androidx.arch.core:core-runtime:2.2.0) with JetifyTransform
Transforming core-runtime-2.2.0.aar (androidx.arch.core:core-runtime:2.2.0) with ExtractAarTransform
Transforming core-runtime-2.2.0.aar (androidx.arch.core:core-runtime:2.2.0) with AarResourcesCompilerTransform
Transforming interpolator-1.0.0.aar (androidx.interpolator:interpolator:1.0.0) with JetifyTransform
Transforming interpolator-1.0.0.aar (androidx.interpolator:interpolator:1.0.0) with ExtractAarTransform
Transforming interpolator-1.0.0.aar (androidx.interpolator:interpolator:1.0.0) with AarResourcesCompilerTransform
Transforming documentfile-1.0.0.aar (androidx.documentfile:documentfile:1.0.0) with JetifyTransform
Transforming documentfile-1.0.0.aar (androidx.documentfile:documentfile:1.0.0) with ExtractAarTransform
Transforming documentfile-1.0.0.aar (androidx.documentfile:documentfile:1.0.0) with AarResourcesCompilerTransform
Transforming localbroadcastmanager-1.0.0.aar (androidx.localbroadcastmanager:localbroadcastmanager:1.0.0) with JetifyTransform
Transforming localbroadcastmanager-1.0.0.aar (androidx.localbroadcastmanager:localbroadcastmanager:1.0.0) with ExtractAarTransform
Transforming localbroadcastmanager-1.0.0.aar (androidx.localbroadcastmanager:localbroadcastmanager:1.0.0) with AarResourcesCompilerTransform
Transforming print-1.0.0.aar (androidx.print:print:1.0.0) with JetifyTransform
Transforming print-1.0.0.aar (androidx.print:print:1.0.0) with ExtractAarTransform
Transforming print-1.0.0.aar (androidx.print:print:1.0.0) with AarResourcesCompilerTransform
Transforming annotation-experimental-1.3.0.aar (androidx.annotation:annotation-experimental:1.3.0) with JetifyTransform
Transforming annotation-experimental-1.3.0.aar (androidx.annotation:annotation-experimental:1.3.0) with ExtractAarTransform
Transforming annotation-experimental-1.3.0.aar (androidx.annotation:annotation-experimental:1.3.0) with AarResourcesCompilerTransform
Transforming material-1.10.0.aar (com.google.android.material:material:1.10.0) with JetifyTransform
Transforming material-1.10.0.aar (com.google.android.material:material:1.10.0) with ExtractAarTransform
Transforming material-1.10.0.aar (com.google.android.material:material:1.10.0) with LibrarySymbolTableTransform
Transforming constraintlayout-2.1.4.aar (androidx.constraintlayout:constraintlayout:2.1.4) with JetifyTransform
Transforming constraintlayout-2.1.4.aar (androidx.constraintlayout:constraintlayout:2.1.4) with ExtractAarTransform
Transforming constraintlayout-2.1.4.aar (androidx.constraintlayout:constraintlayout:2.1.4) with LibrarySymbolTableTransform
Transforming preference-1.2.1.aar (androidx.preference:preference:1.2.1) with JetifyTransform
Transforming preference-1.2.1.aar (androidx.preference:preference:1.2.1) with ExtractAarTransform
Transforming preference-1.2.1.aar (androidx.preference:preference:1.2.1) with LibrarySymbolTableTransform
Transforming appcompat-resources-1.6.1.aar (androidx.appcompat:appcompat-resources:1.6.1) with JetifyTransform
Transforming appcompat-resources-1.6.1.aar (androidx.appcompat:appcompat-resources:1.6.1) with ExtractAarTransform
Transforming appcompat-resources-1.6.1.aar (androidx.appcompat:appcompat-resources:1.6.1) with LibrarySymbolTableTransform
Transforming appcompat-1.6.1.aar (androidx.appcompat:appcompat:1.6.1) with JetifyTransform
Transforming appcompat-1.6.1.aar (androidx.appcompat:appcompat:1.6.1) with ExtractAarTransform
Transforming appcompat-1.6.1.aar (androidx.appcompat:appcompat:1.6.1) with LibrarySymbolTableTransform
Transforming viewpager2-1.0.0.aar (androidx.viewpager2:viewpager2:1.0.0) with JetifyTransform
Transforming viewpager2-1.0.0.aar (androidx.viewpager2:viewpager2:1.0.0) with ExtractAarTransform
Transforming viewpager2-1.0.0.aar (androidx.viewpager2:viewpager2:1.0.0) with LibrarySymbolTableTransform
Transforming fragment-ktx-1.3.6.aar (androidx.fragment:fragment-ktx:1.3.6) with JetifyTransform
Transforming fragment-ktx-1.3.6.aar (androidx.fragment:fragment-ktx:1.3.6) with ExtractAarTransform
Transforming fragment-ktx-1.3.6.aar (androidx.fragment:fragment-ktx:1.3.6) with LibrarySymbolTableTransform
Transforming fragment-1.3.6.aar (androidx.fragment:fragment:1.3.6) with JetifyTransform
Transforming fragment-1.3.6.aar (androidx.fragment:fragment:1.3.6) with ExtractAarTransform
Transforming fragment-1.3.6.aar (androidx.fragment:fragment:1.3.6) with LibrarySymbolTableTransform
Transforming fragment-1.3.6.aar (androidx.fragment:fragment:1.3.6) with JetifyTransform
Transforming fragment-1.3.6.aar (androidx.fragment:fragment:1.3.6) with ExtractAarTransform
Transforming fragment-1.3.6.aar (androidx.fragment:fragment:1.3.6) with LibrarySymbolTableTransform
Transforming activity-ktx-1.8.0.aar (androidx.activity:activity-ktx:1.8.0) with JetifyTransform
Transforming activity-ktx-1.8.0.aar (androidx.activity:activity-ktx:1.8.0) with ExtractAarTransform
Transforming activity-ktx-1.8.0.aar (androidx.activity:activity-ktx:1.8.0) with LibrarySymbolTableTransform
Transforming activity-1.8.0.aar (androidx.activity:activity:1.8.0) with JetifyTransform
Transforming activity-1.8.0.aar (androidx.activity:activity:1.8.0) with ExtractAarTransform
Transforming activity-1.8.0.aar (androidx.activity:activity:1.8.0) with LibrarySymbolTableTransform
Transforming emoji2-views-helper-1.2.0.aar (androidx.emoji2:emoji2-views-helper:1.2.0) with JetifyTransform
Transforming emoji2-views-helper-1.2.0.aar (androidx.emoji2:emoji2-views-helper:1.2.0) with ExtractAarTransform
Transforming emoji2-views-helper-1.2.0.aar (androidx.emoji2:emoji2-views-helper:1.2.0) with LibrarySymbolTableTransform
Transforming emoji2-1.2.0.aar (androidx.emoji2:emoji2:1.2.0) with JetifyTransform
Transforming emoji2-1.2.0.aar (androidx.emoji2:emoji2:1.2.0) with ExtractAarTransform
Transforming emoji2-1.2.0.aar (androidx.emoji2:emoji2:1.2.0) with LibrarySymbolTableTransform
Transforming drawerlayout-1.1.1.aar (androidx.drawerlayout:drawerlayout:1.1.1) with JetifyTransform
Transforming drawerlayout-1.1.1.aar (androidx.drawerlayout:drawerlayout:1.1.1) with ExtractAarTransform
Transforming drawerlayout-1.1.1.aar (androidx.drawerlayout:drawerlayout:1.1.1) with LibrarySymbolTableTransform
Transforming coordinatorlayout-1.1.0.aar (androidx.coordinatorlayout:coordinatorlayout:1.1.0) with JetifyTransform
Transforming coordinatorlayout-1.1.0.aar (androidx.coordinatorlayout:coordinatorlayout:1.1.0) with ExtractAarTransform
Transforming coordinatorlayout-1.1.0.aar (androidx.coordinatorlayout:coordinatorlayout:1.1.0) with LibrarySymbolTableTransform
Transforming dynamicanimation-1.0.0.aar (androidx.dynamicanimation:dynamicanimation:1.0.0) with JetifyTransform
Transforming dynamicanimation-1.0.0.aar (androidx.dynamicanimation:dynamicanimation:1.0.0) with ExtractAarTransform
Transforming dynamicanimation-1.0.0.aar (androidx.dynamicanimation:dynamicanimation:1.0.0) with LibrarySymbolTableTransform
Transforming vectordrawable-animated-1.1.0.aar (androidx.vectordrawable:vectordrawable-animated:1.1.0) with JetifyTransform
Transforming vectordrawable-animated-1.1.0.aar (androidx.vectordrawable:vectordrawable-animated:1.1.0) with ExtractAarTransform
Transforming vectordrawable-animated-1.1.0.aar (androidx.vectordrawable:vectordrawable-animated:1.1.0) with LibrarySymbolTableTransform
Transforming vectordrawable-1.1.0.aar (androidx.vectordrawable:vectordrawable:1.1.0) with JetifyTransform
Transforming vectordrawable-1.1.0.aar (androidx.vectordrawable:vectordrawable:1.1.0) with ExtractAarTransform
Transforming vectordrawable-1.1.0.aar (androidx.vectordrawable:vectordrawable:1.1.0) with LibrarySymbolTableTransform
Transforming vectordrawable-1.1.0.aar (androidx.vectordrawable:vectordrawable:1.1.0) with JetifyTransform
Transforming vectordrawable-1.1.0.aar (androidx.vectordrawable:vectordrawable:1.1.0) with ExtractAarTransform
Transforming vectordrawable-1.1.0.aar (androidx.vectordrawable:vectordrawable:1.1.0) with LibrarySymbolTableTransform
Transforming slidingpanelayout-1.2.0.aar (androidx.slidingpanelayout:slidingpanelayout:1.2.0) with JetifyTransform
Transforming slidingpanelayout-1.2.0.aar (androidx.slidingpanelayout:slidingpanelayout:1.2.0) with ExtractAarTransform
Transforming slidingpanelayout-1.2.0.aar (androidx.slidingpanelayout:slidingpanelayout:1.2.0) with LibrarySymbolTableTransform
Transforming legacy-support-core-utils-1.0.0.aar (androidx.legacy:legacy-support-core-utils:1.0.0) with JetifyTransform
Transforming legacy-support-core-utils-1.0.0.aar (androidx.legacy:legacy-support-core-utils:1.0.0) with ExtractAarTransform
Transforming legacy-support-core-utils-1.0.0.aar (androidx.legacy:legacy-support-core-utils:1.0.0) with LibrarySymbolTableTransform
Transforming loader-1.0.0.aar (androidx.loader:loader:1.0.0) with JetifyTransform
Transforming loader-1.0.0.aar (androidx.loader:loader:1.0.0) with ExtractAarTransform
Transforming loader-1.0.0.aar (androidx.loader:loader:1.0.0) with LibrarySymbolTableTransform
Transforming loader-1.0.0.aar (androidx.loader:loader:1.0.0) with JetifyTransform
Transforming loader-1.0.0.aar (androidx.loader:loader:1.0.0) with ExtractAarTransform
Transforming loader-1.0.0.aar (androidx.loader:loader:1.0.0) with LibrarySymbolTableTransform
Transforming savedstate-ktx-1.2.1.aar (androidx.savedstate:savedstate-ktx:1.2.1) with JetifyTransform
Transforming savedstate-ktx-1.2.1.aar (androidx.savedstate:savedstate-ktx:1.2.1) with ExtractAarTransform
Transforming savedstate-ktx-1.2.1.aar (androidx.savedstate:savedstate-ktx:1.2.1) with LibrarySymbolTableTransform
Transforming savedstate-1.2.1.aar (androidx.savedstate:savedstate:1.2.1) with JetifyTransform
Transforming savedstate-1.2.1.aar (androidx.savedstate:savedstate:1.2.1) with ExtractAarTransform
Transforming savedstate-1.2.1.aar (androidx.savedstate:savedstate:1.2.1) with LibrarySymbolTableTransform
Transforming lifecycle-livedata-2.6.1.aar (androidx.lifecycle:lifecycle-livedata:2.6.1) with JetifyTransform
Transforming lifecycle-livedata-2.6.1.aar (androidx.lifecycle:lifecycle-livedata:2.6.1) with ExtractAarTransform
Transforming lifecycle-livedata-2.6.1.aar (androidx.lifecycle:lifecycle-livedata:2.6.1) with LibrarySymbolTableTransform
Transforming lifecycle-runtime-ktx-2.6.1.aar (androidx.lifecycle:lifecycle-runtime-ktx:2.6.1) with JetifyTransform
Transforming lifecycle-runtime-ktx-2.6.1.aar (androidx.lifecycle:lifecycle-runtime-ktx:2.6.1) with ExtractAarTransform
Transforming lifecycle-runtime-ktx-2.6.1.aar (androidx.lifecycle:lifecycle-runtime-ktx:2.6.1) with LibrarySymbolTableTransform
Transforming lifecycle-viewmodel-ktx-2.6.1.aar (androidx.lifecycle:lifecycle-viewmodel-ktx:2.6.1) with JetifyTransform
Transforming lifecycle-viewmodel-ktx-2.6.1.aar (androidx.lifecycle:lifecycle-viewmodel-ktx:2.6.1) with ExtractAarTransform
Transforming lifecycle-viewmodel-ktx-2.6.1.aar (androidx.lifecycle:lifecycle-viewmodel-ktx:2.6.1) with LibrarySymbolTableTransform
Transforming lifecycle-livedata-core-ktx-2.6.1.aar (androidx.lifecycle:lifecycle-livedata-core-ktx:2.6.1) with JetifyTransform
Transforming lifecycle-livedata-core-ktx-2.6.1.aar (androidx.lifecycle:lifecycle-livedata-core-ktx:2.6.1) with ExtractAarTransform
Transforming lifecycle-livedata-core-ktx-2.6.1.aar (androidx.lifecycle:lifecycle-livedata-core-ktx:2.6.1) with LibrarySymbolTableTransform
Transforming lifecycle-process-2.6.1.aar (androidx.lifecycle:lifecycle-process:2.6.1) with JetifyTransform
Transforming lifecycle-process-2.6.1.aar (androidx.lifecycle:lifecycle-process:2.6.1) with ExtractAarTransform
Transforming lifecycle-process-2.6.1.aar (androidx.lifecycle:lifecycle-process:2.6.1) with LibrarySymbolTableTransform
Transforming lifecycle-livedata-core-2.6.1.aar (androidx.lifecycle:lifecycle-livedata-core:2.6.1) with JetifyTransform
Transforming lifecycle-livedata-core-2.6.1.aar (androidx.lifecycle:lifecycle-livedata-core:2.6.1) with ExtractAarTransform
Transforming lifecycle-livedata-core-2.6.1.aar (androidx.lifecycle:lifecycle-livedata-core:2.6.1) with LibrarySymbolTableTransform
Transforming lifecycle-viewmodel-2.6.1.aar (androidx.lifecycle:lifecycle-viewmodel:2.6.1) with JetifyTransform
Transforming lifecycle-viewmodel-2.6.1.aar (androidx.lifecycle:lifecycle-viewmodel:2.6.1) with ExtractAarTransform
Transforming lifecycle-viewmodel-2.6.1.aar (androidx.lifecycle:lifecycle-viewmodel:2.6.1) with LibrarySymbolTableTransform
Transforming lifecycle-viewmodel-2.6.1.aar (androidx.lifecycle:lifecycle-viewmodel:2.6.1) with JetifyTransform
Transforming lifecycle-viewmodel-2.6.1.aar (androidx.lifecycle:lifecycle-viewmodel:2.6.1) with ExtractAarTransform
Transforming lifecycle-viewmodel-2.6.1.aar (androidx.lifecycle:lifecycle-viewmodel:2.6.1) with LibrarySymbolTableTransform
Transforming lifecycle-runtime-2.6.1.aar (androidx.lifecycle:lifecycle-runtime:2.6.1) with JetifyTransform
Transforming lifecycle-runtime-2.6.1.aar (androidx.lifecycle:lifecycle-runtime:2.6.1) with ExtractAarTransform
Transforming lifecycle-runtime-2.6.1.aar (androidx.lifecycle:lifecycle-runtime:2.6.1) with LibrarySymbolTableTransform
Transforming lifecycle-viewmodel-savedstate-2.6.1.aar (androidx.lifecycle:lifecycle-viewmodel-savedstate:2.6.1) with JetifyTransform
Transforming lifecycle-viewmodel-savedstate-2.6.1.aar (androidx.lifecycle:lifecycle-viewmodel-savedstate:2.6.1) with ExtractAarTransform
Transforming lifecycle-viewmodel-savedstate-2.6.1.aar (androidx.lifecycle:lifecycle-viewmodel-savedstate:2.6.1) with LibrarySymbolTableTransform
Transforming core-ktx-1.9.0.aar (androidx.core:core-ktx:1.9.0) with JetifyTransform
Transforming core-ktx-1.9.0.aar (androidx.core:core-ktx:1.9.0) with ExtractAarTransform
Transforming core-ktx-1.9.0.aar (androidx.core:core-ktx:1.9.0) with LibrarySymbolTableTransform
Transforming viewpager-1.0.0.aar (androidx.viewpager:viewpager:1.0.0) with JetifyTransform
Transforming viewpager-1.0.0.aar (androidx.viewpager:viewpager:1.0.0) with ExtractAarTransform
Transforming viewpager-1.0.0.aar (androidx.viewpager:viewpager:1.0.0) with LibrarySymbolTableTransform
Transforming recyclerview-1.1.0.aar (androidx.recyclerview:recyclerview:1.1.0) with JetifyTransform
Transforming recyclerview-1.1.0.aar (androidx.recyclerview:recyclerview:1.1.0) with ExtractAarTransform
Transforming recyclerview-1.1.0.aar (androidx.recyclerview:recyclerview:1.1.0) with LibrarySymbolTableTransform
Transforming recyclerview-1.1.0.aar (androidx.recyclerview:recyclerview:1.1.0) with JetifyTransform
Transforming recyclerview-1.1.0.aar (androidx.recyclerview:recyclerview:1.1.0) with ExtractAarTransform
Transforming recyclerview-1.1.0.aar (androidx.recyclerview:recyclerview:1.1.0) with LibrarySymbolTableTransform
Transforming customview-1.1.0.aar (androidx.customview:customview:1.1.0) with JetifyTransform
Transforming customview-1.1.0.aar (androidx.customview:customview:1.1.0) with ExtractAarTransform
Transforming customview-1.1.0.aar (androidx.customview:customview:1.1.0) with LibrarySymbolTableTransform
Transforming customview-1.1.0.aar (androidx.customview:customview:1.1.0) with JetifyTransform
Transforming customview-1.1.0.aar (androidx.customview:customview:1.1.0) with ExtractAarTransform
Transforming customview-1.1.0.aar (androidx.customview:customview:1.1.0) with LibrarySymbolTableTransform
Transforming transition-1.4.1.aar (androidx.transition:transition:1.4.1) with JetifyTransform
Transforming transition-1.4.1.aar (androidx.transition:transition:1.4.1) with ExtractAarTransform
Transforming transition-1.4.1.aar (androidx.transition:transition:1.4.1) with LibrarySymbolTableTransform
Transforming window-1.0.0.aar (androidx.window:window:1.0.0) with JetifyTransform
Transforming window-1.0.0.aar (androidx.window:window:1.0.0) with ExtractAarTransform
Transforming window-1.0.0.aar (androidx.window:window:1.0.0) with LibrarySymbolTableTransform
Transforming core-1.9.0.aar (androidx.core:core:1.9.0) with JetifyTransform
Transforming core-1.9.0.aar (androidx.core:core:1.9.0) with ExtractAarTransform
Transforming core-1.9.0.aar (androidx.core:core:1.9.0) with LibrarySymbolTableTransform
Transforming core-1.9.0.aar (androidx.core:core:1.9.0) with JetifyTransform
Transforming core-1.9.0.aar (androidx.core:core:1.9.0) with ExtractAarTransform
Transforming core-1.9.0.aar (androidx.core:core:1.9.0) with LibrarySymbolTableTransform
Transforming cursoradapter-1.0.0.aar (androidx.cursoradapter:cursoradapter:1.0.0) with JetifyTransform
Transforming cursoradapter-1.0.0.aar (androidx.cursoradapter:cursoradapter:1.0.0) with ExtractAarTransform
Transforming cursoradapter-1.0.0.aar (androidx.cursoradapter:cursoradapter:1.0.0) with LibrarySymbolTableTransform
Transforming cardview-1.0.0.aar (androidx.cardview:cardview:1.0.0) with JetifyTransform
Transforming cardview-1.0.0.aar (androidx.cardview:cardview:1.0.0) with ExtractAarTransform
Transforming cardview-1.0.0.aar (androidx.cardview:cardview:1.0.0) with LibrarySymbolTableTransform
Transforming profileinstaller-1.3.0.aar (androidx.profileinstaller:profileinstaller:1.3.0) with JetifyTransform
Transforming profileinstaller-1.3.0.aar (androidx.profileinstaller:profileinstaller:1.3.0) with ExtractAarTransform
Transforming profileinstaller-1.3.0.aar (androidx.profileinstaller:profileinstaller:1.3.0) with LibrarySymbolTableTransform
Transforming startup-runtime-1.1.1.aar (androidx.startup:startup-runtime:1.1.1) with JetifyTransform
Transforming startup-runtime-1.1.1.aar (androidx.startup:startup-runtime:1.1.1) with ExtractAarTransform
Transforming startup-runtime-1.1.1.aar (androidx.startup:startup-runtime:1.1.1) with LibrarySymbolTableTransform
Transforming tracing-1.0.0.aar (androidx.tracing:tracing:1.0.0) with JetifyTransform
Transforming tracing-1.0.0.aar (androidx.tracing:tracing:1.0.0) with ExtractAarTransform
Transforming tracing-1.0.0.aar (androidx.tracing:tracing:1.0.0) with LibrarySymbolTableTransform
Transforming versionedparcelable-1.1.1.aar (androidx.versionedparcelable:versionedparcelable:1.1.1) with JetifyTransform
Transforming versionedparcelable-1.1.1.aar (androidx.versionedparcelable:versionedparcelable:1.1.1) with ExtractAarTransform
Transforming versionedparcelable-1.1.1.aar (androidx.versionedparcelable:versionedparcelable:1.1.1) with LibrarySymbolTableTransform
Transforming core-runtime-2.2.0.aar (androidx.arch.core:core-runtime:2.2.0) with JetifyTransform
Transforming core-runtime-2.2.0.aar (androidx.arch.core:core-runtime:2.2.0) with ExtractAarTransform
Transforming core-runtime-2.2.0.aar (androidx.arch.core:core-runtime:2.2.0) with LibrarySymbolTableTransform
Transforming interpolator-1.0.0.aar (androidx.interpolator:interpolator:1.0.0) with JetifyTransform
Transforming interpolator-1.0.0.aar (androidx.interpolator:interpolator:1.0.0) with ExtractAarTransform
Transforming interpolator-1.0.0.aar (androidx.interpolator:interpolator:1.0.0) with LibrarySymbolTableTransform
Transforming documentfile-1.0.0.aar (androidx.documentfile:documentfile:1.0.0) with JetifyTransform
Transforming documentfile-1.0.0.aar (androidx.documentfile:documentfile:1.0.0) with ExtractAarTransform
Transforming documentfile-1.0.0.aar (androidx.documentfile:documentfile:1.0.0) with LibrarySymbolTableTransform
Transforming localbroadcastmanager-1.0.0.aar (androidx.localbroadcastmanager:localbroadcastmanager:1.0.0) with JetifyTransform
Transforming localbroadcastmanager-1.0.0.aar (androidx.localbroadcastmanager:localbroadcastmanager:1.0.0) with ExtractAarTransform
Transforming localbroadcastmanager-1.0.0.aar (androidx.localbroadcastmanager:localbroadcastmanager:1.0.0) with LibrarySymbolTableTransform
Transforming print-1.0.0.aar (androidx.print:print:1.0.0) with JetifyTransform
Transforming print-1.0.0.aar (androidx.print:print:1.0.0) with ExtractAarTransform
Transforming print-1.0.0.aar (androidx.print:print:1.0.0) with LibrarySymbolTableTransform
Transforming annotation-experimental-1.3.0.aar (androidx.annotation:annotation-experimental:1.3.0) with JetifyTransform
Transforming annotation-experimental-1.3.0.aar (androidx.annotation:annotation-experimental:1.3.0) with ExtractAarTransform
Transforming annotation-experimental-1.3.0.aar (androidx.annotation:annotation-experimental:1.3.0) with LibrarySymbolTableTransform
Build cache key for task ':app:processDebugResources' is 574da1173401851ef7a39916aa419c7c
Skipping task ':app:processDebugResources' as it is up-to-date.
Resolve mutations for :app:compileDebugJavaWithJavac (Thread[#318,included builds,5,main]) started.
:app:compileDebugJavaWithJavac (Thread[#318,included builds,5,main]) started.

> Task :app:compileDebugJavaWithJavac UP-TO-DATE
Transforming material-1.10.0.aar (com.google.android.material:material:1.10.0) with JetifyTransform
Transforming material-1.10.0.aar (com.google.android.material:material:1.10.0) with AarToClassTransform
Transforming preference-1.2.1.aar (androidx.preference:preference:1.2.1) with JetifyTransform
Transforming preference-1.2.1.aar (androidx.preference:preference:1.2.1) with AarToClassTransform
Transforming appcompat-1.6.1.aar (androidx.appcompat:appcompat:1.6.1) with JetifyTransform
Transforming appcompat-1.6.1.aar (androidx.appcompat:appcompat:1.6.1) with AarToClassTransform
Transforming viewpager2-1.0.0.aar (androidx.viewpager2:viewpager2:1.0.0) with JetifyTransform
Transforming viewpager2-1.0.0.aar (androidx.viewpager2:viewpager2:1.0.0) with AarToClassTransform
Transforming fragment-ktx-1.3.6.aar (androidx.fragment:fragment-ktx:1.3.6) with JetifyTransform
Transforming fragment-ktx-1.3.6.aar (androidx.fragment:fragment-ktx:1.3.6) with AarToClassTransform
Transforming fragment-1.3.6.aar (androidx.fragment:fragment:1.3.6) with JetifyTransform
Transforming fragment-1.3.6.aar (androidx.fragment:fragment:1.3.6) with AarToClassTransform
Transforming fragment-1.3.6.aar (androidx.fragment:fragment:1.3.6) with JetifyTransform
Transforming fragment-1.3.6.aar (androidx.fragment:fragment:1.3.6) with AarToClassTransform
Transforming activity-ktx-1.8.0.aar (androidx.activity:activity-ktx:1.8.0) with JetifyTransform
Transforming activity-ktx-1.8.0.aar (androidx.activity:activity-ktx:1.8.0) with AarToClassTransform
Transforming activity-1.8.0.aar (androidx.activity:activity:1.8.0) with JetifyTransform
Transforming activity-1.8.0.aar (androidx.activity:activity:1.8.0) with AarToClassTransform
Transforming constraintlayout-2.1.4.aar (androidx.constraintlayout:constraintlayout:2.1.4) with JetifyTransform
Transforming constraintlayout-2.1.4.aar (androidx.constraintlayout:constraintlayout:2.1.4) with AarToClassTransform
Transforming appcompat-resources-1.6.1.aar (androidx.appcompat:appcompat-resources:1.6.1) with JetifyTransform
Transforming appcompat-resources-1.6.1.aar (androidx.appcompat:appcompat-resources:1.6.1) with AarToClassTransform
Transforming drawerlayout-1.1.1.aar (androidx.drawerlayout:drawerlayout:1.1.1) with JetifyTransform
Transforming drawerlayout-1.1.1.aar (androidx.drawerlayout:drawerlayout:1.1.1) with AarToClassTransform
Transforming coordinatorlayout-1.1.0.aar (androidx.coordinatorlayout:coordinatorlayout:1.1.0) with JetifyTransform
Transforming coordinatorlayout-1.1.0.aar (androidx.coordinatorlayout:coordinatorlayout:1.1.0) with AarToClassTransform
Transforming dynamicanimation-1.0.0.aar (androidx.dynamicanimation:dynamicanimation:1.0.0) with JetifyTransform
Transforming dynamicanimation-1.0.0.aar (androidx.dynamicanimation:dynamicanimation:1.0.0) with AarToClassTransform
Transforming recyclerview-1.1.0.aar (androidx.recyclerview:recyclerview:1.1.0) with JetifyTransform
Transforming recyclerview-1.1.0.aar (androidx.recyclerview:recyclerview:1.1.0) with AarToClassTransform
Transforming recyclerview-1.1.0.aar (androidx.recyclerview:recyclerview:1.1.0) with JetifyTransform
Transforming recyclerview-1.1.0.aar (androidx.recyclerview:recyclerview:1.1.0) with AarToClassTransform
Transforming transition-1.4.1.aar (androidx.transition:transition:1.4.1) with JetifyTransform
Transforming transition-1.4.1.aar (androidx.transition:transition:1.4.1) with AarToClassTransform
Transforming vectordrawable-animated-1.1.0.aar (androidx.vectordrawable:vectordrawable-animated:1.1.0) with JetifyTransform
Transforming vectordrawable-animated-1.1.0.aar (androidx.vectordrawable:vectordrawable-animated:1.1.0) with AarToClassTransform
Transforming vectordrawable-1.1.0.aar (androidx.vectordrawable:vectordrawable:1.1.0) with JetifyTransform
Transforming vectordrawable-1.1.0.aar (androidx.vectordrawable:vectordrawable:1.1.0) with AarToClassTransform
Transforming vectordrawable-1.1.0.aar (androidx.vectordrawable:vectordrawable:1.1.0) with JetifyTransform
Transforming vectordrawable-1.1.0.aar (androidx.vectordrawable:vectordrawable:1.1.0) with AarToClassTransform
Transforming slidingpanelayout-1.2.0.aar (androidx.slidingpanelayout:slidingpanelayout:1.2.0) with JetifyTransform
Transforming slidingpanelayout-1.2.0.aar (androidx.slidingpanelayout:slidingpanelayout:1.2.0) with AarToClassTransform
Transforming viewpager-1.0.0.aar (androidx.viewpager:viewpager:1.0.0) with JetifyTransform
Transforming viewpager-1.0.0.aar (androidx.viewpager:viewpager:1.0.0) with AarToClassTransform
Transforming customview-1.1.0.aar (androidx.customview:customview:1.1.0) with JetifyTransform
Transforming customview-1.1.0.aar (androidx.customview:customview:1.1.0) with AarToClassTransform
Transforming customview-1.1.0.aar (androidx.customview:customview:1.1.0) with JetifyTransform
Transforming customview-1.1.0.aar (androidx.customview:customview:1.1.0) with AarToClassTransform
Transforming legacy-support-core-utils-1.0.0.aar (androidx.legacy:legacy-support-core-utils:1.0.0) with JetifyTransform
Transforming legacy-support-core-utils-1.0.0.aar (androidx.legacy:legacy-support-core-utils:1.0.0) with AarToClassTransform
Transforming loader-1.0.0.aar (androidx.loader:loader:1.0.0) with JetifyTransform
Transforming loader-1.0.0.aar (androidx.loader:loader:1.0.0) with AarToClassTransform
Transforming loader-1.0.0.aar (androidx.loader:loader:1.0.0) with JetifyTransform
Transforming loader-1.0.0.aar (androidx.loader:loader:1.0.0) with AarToClassTransform
Transforming lifecycle-livedata-2.6.1.aar (androidx.lifecycle:lifecycle-livedata:2.6.1) with JetifyTransform
Transforming lifecycle-livedata-2.6.1.aar (androidx.lifecycle:lifecycle-livedata:2.6.1) with AarToClassTransform
Transforming lifecycle-livedata-core-ktx-2.6.1.aar (androidx.lifecycle:lifecycle-livedata-core-ktx:2.6.1) with JetifyTransform
Transforming lifecycle-livedata-core-ktx-2.6.1.aar (androidx.lifecycle:lifecycle-livedata-core-ktx:2.6.1) with AarToClassTransform
Transforming lifecycle-viewmodel-ktx-2.6.1.aar (androidx.lifecycle:lifecycle-viewmodel-ktx:2.6.1) with JetifyTransform
Transforming lifecycle-viewmodel-ktx-2.6.1.aar (androidx.lifecycle:lifecycle-viewmodel-ktx:2.6.1) with AarToClassTransform
Transforming lifecycle-runtime-ktx-2.6.1.aar (androidx.lifecycle:lifecycle-runtime-ktx:2.6.1) with JetifyTransform
Transforming lifecycle-runtime-ktx-2.6.1.aar (androidx.lifecycle:lifecycle-runtime-ktx:2.6.1) with AarToClassTransform
Transforming lifecycle-livedata-core-2.6.1.aar (androidx.lifecycle:lifecycle-livedata-core:2.6.1) with JetifyTransform
Transforming lifecycle-livedata-core-2.6.1.aar (androidx.lifecycle:lifecycle-livedata-core:2.6.1) with AarToClassTransform
Transforming lifecycle-viewmodel-2.6.1.aar (androidx.lifecycle:lifecycle-viewmodel:2.6.1) with JetifyTransform
Transforming lifecycle-viewmodel-2.6.1.aar (androidx.lifecycle:lifecycle-viewmodel:2.6.1) with AarToClassTransform
Transforming lifecycle-viewmodel-2.6.1.aar (androidx.lifecycle:lifecycle-viewmodel:2.6.1) with JetifyTransform
Transforming lifecycle-viewmodel-2.6.1.aar (androidx.lifecycle:lifecycle-viewmodel:2.6.1) with AarToClassTransform
Transforming lifecycle-common-2.6.1.jar (androidx.lifecycle:lifecycle-common:2.6.1) with JetifyTransform
Transforming lifecycle-runtime-2.6.1.aar (androidx.lifecycle:lifecycle-runtime:2.6.1) with JetifyTransform
Transforming lifecycle-runtime-2.6.1.aar (androidx.lifecycle:lifecycle-runtime:2.6.1) with AarToClassTransform
Transforming lifecycle-viewmodel-savedstate-2.6.1.aar (androidx.lifecycle:lifecycle-viewmodel-savedstate:2.6.1) with JetifyTransform
Transforming lifecycle-common-2.6.1.jar (androidx.lifecycle:lifecycle-common:2.6.1) with IdentityTransform
Transforming lifecycle-viewmodel-savedstate-2.6.1.aar (androidx.lifecycle:lifecycle-viewmodel-savedstate:2.6.1) with AarToClassTransform
Transforming core-ktx-1.9.0.aar (androidx.core:core-ktx:1.9.0) with JetifyTransform
Transforming core-ktx-1.9.0.aar (androidx.core:core-ktx:1.9.0) with AarToClassTransform
Transforming core-1.9.0.aar (androidx.core:core:1.9.0) with JetifyTransform
Transforming core-1.9.0.aar (androidx.core:core:1.9.0) with AarToClassTransform
Transforming core-1.9.0.aar (androidx.core:core:1.9.0) with JetifyTransform
Transforming core-1.9.0.aar (androidx.core:core:1.9.0) with AarToClassTransform
Transforming cursoradapter-1.0.0.aar (androidx.cursoradapter:cursoradapter:1.0.0) with JetifyTransform
Transforming cursoradapter-1.0.0.aar (androidx.cursoradapter:cursoradapter:1.0.0) with AarToClassTransform
Transforming savedstate-ktx-1.2.1.aar (androidx.savedstate:savedstate-ktx:1.2.1) with JetifyTransform
Transforming savedstate-ktx-1.2.1.aar (androidx.savedstate:savedstate-ktx:1.2.1) with AarToClassTransform
Transforming savedstate-1.2.1.aar (androidx.savedstate:savedstate:1.2.1) with JetifyTransform
Transforming savedstate-1.2.1.aar (androidx.savedstate:savedstate:1.2.1) with AarToClassTransform
Transforming cardview-1.0.0.aar (androidx.cardview:cardview:1.0.0) with JetifyTransform
Transforming cardview-1.0.0.aar (androidx.cardview:cardview:1.0.0) with AarToClassTransform
Transforming versionedparcelable-1.1.1.aar (androidx.versionedparcelable:versionedparcelable:1.1.1) with JetifyTransform
Transforming versionedparcelable-1.1.1.aar (androidx.versionedparcelable:versionedparcelable:1.1.1) with AarToClassTransform
Transforming collection-ktx-1.1.0.jar (androidx.collection:collection-ktx:1.1.0) with JetifyTransform
Transforming collection-ktx-1.1.0.jar (androidx.collection:collection-ktx:1.1.0) with IdentityTransform
Transforming core-runtime-2.2.0.aar (androidx.arch.core:core-runtime:2.2.0) with JetifyTransform
Transforming core-runtime-2.2.0.aar (androidx.arch.core:core-runtime:2.2.0) with AarToClassTransform
Transforming collection-1.1.0.jar (androidx.collection:collection:1.1.0) with JetifyTransform
Transforming collection-1.1.0.jar (androidx.collection:collection:1.1.0) with IdentityTransform
Transforming interpolator-1.0.0.aar (androidx.interpolator:interpolator:1.0.0) with JetifyTransform
Transforming interpolator-1.0.0.aar (androidx.interpolator:interpolator:1.0.0) with AarToClassTransform
Transforming documentfile-1.0.0.aar (androidx.documentfile:documentfile:1.0.0) with JetifyTransform
Transforming core-common-2.2.0.jar (androidx.arch.core:core-common:2.2.0) with JetifyTransform
Transforming documentfile-1.0.0.aar (androidx.documentfile:documentfile:1.0.0) with AarToClassTransform
Transforming localbroadcastmanager-1.0.0.aar (androidx.localbroadcastmanager:localbroadcastmanager:1.0.0) with JetifyTransform
Transforming core-common-2.2.0.jar (androidx.arch.core:core-common:2.2.0) with IdentityTransform
Transforming localbroadcastmanager-1.0.0.aar (androidx.localbroadcastmanager:localbroadcastmanager:1.0.0) with AarToClassTransform
Transforming print-1.0.0.aar (androidx.print:print:1.0.0) with JetifyTransform
Transforming print-1.0.0.aar (androidx.print:print:1.0.0) with AarToClassTransform
Transforming annotation-experimental-1.3.0.aar (androidx.annotation:annotation-experimental:1.3.0) with JetifyTransform
Transforming annotation-experimental-1.3.0.aar (androidx.annotation:annotation-experimental:1.3.0) with AarToClassTransform
Transforming annotation-1.3.0.jar (androidx.annotation:annotation:1.3.0) with JetifyTransform
Transforming annotation-1.3.0.jar (androidx.annotation:annotation:1.3.0) with IdentityTransform
Transforming kotlinx-coroutines-android-1.6.4.jar (org.jetbrains.kotlinx:kotlinx-coroutines-android:1.6.4) with JetifyTransform
Transforming kotlinx-coroutines-core-jvm-1.6.4.jar (org.jetbrains.kotlinx:kotlinx-coroutines-core-jvm:1.6.4) with JetifyTransform
Transforming kotlinx-coroutines-android-1.6.4.jar (org.jetbrains.kotlinx:kotlinx-coroutines-android:1.6.4) with IdentityTransform
Transforming annotations-13.0.jar (org.jetbrains:annotations:13.0) with JetifyTransform
Transforming kotlinx-coroutines-core-jvm-1.6.4.jar (org.jetbrains.kotlinx:kotlinx-coroutines-core-jvm:1.6.4) with IdentityTransform
Transforming resourceinspection-annotation-1.0.1.jar (androidx.resourceinspection:resourceinspection-annotation:1.0.1) with JetifyTransform
Transforming resourceinspection-annotation-1.0.1.jar (androidx.resourceinspection:resourceinspection-annotation:1.0.1) with IdentityTransform
Transforming annotations-13.0.jar (org.jetbrains:annotations:13.0) with IdentityTransform
Transforming kotlin-stdlib-common-1.8.22.jar (org.jetbrains.kotlin:kotlin-stdlib-common:1.8.22) with JetifyTransform
Transforming kotlin-stdlib-jdk7-1.8.22.jar (org.jetbrains.kotlin:kotlin-stdlib-jdk7:1.8.22) with JetifyTransform
Transforming kotlin-stdlib-common-1.8.22.jar (org.jetbrains.kotlin:kotlin-stdlib-common:1.8.22) with IdentityTransform
Transforming kotlin-stdlib-jdk8-1.8.22.jar (org.jetbrains.kotlin:kotlin-stdlib-jdk8:1.8.22) with JetifyTransform
Transforming kotlin-stdlib-jdk7-1.8.22.jar (org.jetbrains.kotlin:kotlin-stdlib-jdk7:1.8.22) with IdentityTransform
Transforming kotlin-stdlib-1.8.22.jar (org.jetbrains.kotlin:kotlin-stdlib:1.8.22) with JetifyTransform
Transforming kotlin-stdlib-jdk8-1.8.22.jar (org.jetbrains.kotlin:kotlin-stdlib-jdk8:1.8.22) with IdentityTransform
Transforming kotlin-stdlib-1.8.22.jar (org.jetbrains.kotlin:kotlin-stdlib:1.8.22) with IdentityTransform
Transforming core-for-system-modules.jar with JdkImageTransform
Transforming core-for-system-modules.jar with JdkImageTransform
Transforming core-for-system-modules.jar with JdkImageTransform
Transforming core-for-system-modules.jar with JdkImageTransform
Transforming core-for-system-modules.jar with JdkImageTransform
Transforming core-for-system-modules.jar with JdkImageTransform
Custom actions are attached to task ':app:compileDebugJavaWithJavac'.
Build cache key for task ':app:compileDebugJavaWithJavac' is 0156ba250cfaca79f77f470abbc6a411
Skipping task ':app:compileDebugJavaWithJavac' as it is up-to-date.
Resolve mutations for :app:mergeDebugShaders (Thread[#318,included builds,5,main]) started.
:app:mergeDebugShaders (Thread[#318,included builds,5,main]) started.

> Task :app:mergeDebugShaders UP-TO-DATE
Caching disabled for task ':app:mergeDebugShaders' because:
  Simple merging task
Skipping task ':app:mergeDebugShaders' as it is up-to-date.
Resolve mutations for :app:compileDebugShaders (Thread[#318,included builds,5,main]) started.
:app:compileDebugShaders (Thread[#318,included builds,5,main]) started.

> Task :app:compileDebugShaders NO-SOURCE
Skipping task ':app:compileDebugShaders' as it has no source files and no previous output files.
Resolve mutations for :app:generateDebugAssets (Thread[#319,Execution worker,5,main]) started.
:app:generateDebugAssets (Thread[#319,Execution worker,5,main]) started.

> Task :app:generateDebugAssets UP-TO-DATE
Skipping task ':app:generateDebugAssets' as it has no actions.
Resolve mutations for :app:mergeDebugAssets (Thread[#319,Execution worker,5,main]) started.
:app:mergeDebugAssets (Thread[#319,Execution worker,5,main]) started.

> Task :app:mergeDebugAssets UP-TO-DATE
Transforming material-1.10.0.aar (com.google.android.material:material:1.10.0) with JetifyTransform
Transforming material-1.10.0.aar (com.google.android.material:material:1.10.0) with ExtractAarTransform
Transforming material-1.10.0.aar (com.google.android.material:material:1.10.0) with AarTransform
Transforming constraintlayout-2.1.4.aar (androidx.constraintlayout:constraintlayout:2.1.4) with JetifyTransform
Transforming constraintlayout-2.1.4.aar (androidx.constraintlayout:constraintlayout:2.1.4) with ExtractAarTransform
Transforming constraintlayout-2.1.4.aar (androidx.constraintlayout:constraintlayout:2.1.4) with AarTransform
Transforming preference-1.2.1.aar (androidx.preference:preference:1.2.1) with JetifyTransform
Transforming preference-1.2.1.aar (androidx.preference:preference:1.2.1) with ExtractAarTransform
Transforming preference-1.2.1.aar (androidx.preference:preference:1.2.1) with AarTransform
Transforming appcompat-resources-1.6.1.aar (androidx.appcompat:appcompat-resources:1.6.1) with JetifyTransform
Transforming appcompat-resources-1.6.1.aar (androidx.appcompat:appcompat-resources:1.6.1) with ExtractAarTransform
Transforming appcompat-resources-1.6.1.aar (androidx.appcompat:appcompat-resources:1.6.1) with AarTransform
Transforming appcompat-1.6.1.aar (androidx.appcompat:appcompat:1.6.1) with JetifyTransform
Transforming appcompat-1.6.1.aar (androidx.appcompat:appcompat:1.6.1) with ExtractAarTransform
Transforming appcompat-1.6.1.aar (androidx.appcompat:appcompat:1.6.1) with AarTransform
Transforming viewpager2-1.0.0.aar (androidx.viewpager2:viewpager2:1.0.0) with JetifyTransform
Transforming viewpager2-1.0.0.aar (androidx.viewpager2:viewpager2:1.0.0) with ExtractAarTransform
Transforming viewpager2-1.0.0.aar (androidx.viewpager2:viewpager2:1.0.0) with AarTransform
Transforming fragment-ktx-1.3.6.aar (androidx.fragment:fragment-ktx:1.3.6) with JetifyTransform
Transforming fragment-ktx-1.3.6.aar (androidx.fragment:fragment-ktx:1.3.6) with ExtractAarTransform
Transforming fragment-ktx-1.3.6.aar (androidx.fragment:fragment-ktx:1.3.6) with AarTransform
Transforming fragment-1.3.6.aar (androidx.fragment:fragment:1.3.6) with JetifyTransform
Transforming fragment-1.3.6.aar (androidx.fragment:fragment:1.3.6) with ExtractAarTransform
Transforming fragment-1.3.6.aar (androidx.fragment:fragment:1.3.6) with AarTransform
Transforming fragment-1.3.6.aar (androidx.fragment:fragment:1.3.6) with JetifyTransform
Transforming fragment-1.3.6.aar (androidx.fragment:fragment:1.3.6) with ExtractAarTransform
Transforming fragment-1.3.6.aar (androidx.fragment:fragment:1.3.6) with AarTransform
Transforming activity-ktx-1.8.0.aar (androidx.activity:activity-ktx:1.8.0) with JetifyTransform
Transforming activity-ktx-1.8.0.aar (androidx.activity:activity-ktx:1.8.0) with ExtractAarTransform
Transforming activity-ktx-1.8.0.aar (androidx.activity:activity-ktx:1.8.0) with AarTransform
Transforming activity-1.8.0.aar (androidx.activity:activity:1.8.0) with JetifyTransform
Transforming activity-1.8.0.aar (androidx.activity:activity:1.8.0) with ExtractAarTransform
Transforming activity-1.8.0.aar (androidx.activity:activity:1.8.0) with AarTransform
Transforming emoji2-views-helper-1.2.0.aar (androidx.emoji2:emoji2-views-helper:1.2.0) with JetifyTransform
Transforming emoji2-views-helper-1.2.0.aar (androidx.emoji2:emoji2-views-helper:1.2.0) with ExtractAarTransform
Transforming emoji2-views-helper-1.2.0.aar (androidx.emoji2:emoji2-views-helper:1.2.0) with AarTransform
Transforming emoji2-1.2.0.aar (androidx.emoji2:emoji2:1.2.0) with JetifyTransform
Transforming emoji2-1.2.0.aar (androidx.emoji2:emoji2:1.2.0) with ExtractAarTransform
Transforming emoji2-1.2.0.aar (androidx.emoji2:emoji2:1.2.0) with AarTransform
Transforming drawerlayout-1.1.1.aar (androidx.drawerlayout:drawerlayout:1.1.1) with JetifyTransform
Transforming drawerlayout-1.1.1.aar (androidx.drawerlayout:drawerlayout:1.1.1) with ExtractAarTransform
Transforming drawerlayout-1.1.1.aar (androidx.drawerlayout:drawerlayout:1.1.1) with AarTransform
Transforming coordinatorlayout-1.1.0.aar (androidx.coordinatorlayout:coordinatorlayout:1.1.0) with JetifyTransform
Transforming coordinatorlayout-1.1.0.aar (androidx.coordinatorlayout:coordinatorlayout:1.1.0) with ExtractAarTransform
Transforming coordinatorlayout-1.1.0.aar (androidx.coordinatorlayout:coordinatorlayout:1.1.0) with AarTransform
Transforming dynamicanimation-1.0.0.aar (androidx.dynamicanimation:dynamicanimation:1.0.0) with JetifyTransform
Transforming dynamicanimation-1.0.0.aar (androidx.dynamicanimation:dynamicanimation:1.0.0) with ExtractAarTransform
Transforming dynamicanimation-1.0.0.aar (androidx.dynamicanimation:dynamicanimation:1.0.0) with AarTransform
Transforming vectordrawable-animated-1.1.0.aar (androidx.vectordrawable:vectordrawable-animated:1.1.0) with JetifyTransform
Transforming vectordrawable-animated-1.1.0.aar (androidx.vectordrawable:vectordrawable-animated:1.1.0) with ExtractAarTransform
Transforming vectordrawable-animated-1.1.0.aar (androidx.vectordrawable:vectordrawable-animated:1.1.0) with AarTransform
Transforming vectordrawable-1.1.0.aar (androidx.vectordrawable:vectordrawable:1.1.0) with JetifyTransform
Transforming vectordrawable-1.1.0.aar (androidx.vectordrawable:vectordrawable:1.1.0) with ExtractAarTransform
Transforming vectordrawable-1.1.0.aar (androidx.vectordrawable:vectordrawable:1.1.0) with AarTransform
Transforming vectordrawable-1.1.0.aar (androidx.vectordrawable:vectordrawable:1.1.0) with JetifyTransform
Transforming vectordrawable-1.1.0.aar (androidx.vectordrawable:vectordrawable:1.1.0) with ExtractAarTransform
Transforming vectordrawable-1.1.0.aar (androidx.vectordrawable:vectordrawable:1.1.0) with AarTransform
Transforming slidingpanelayout-1.2.0.aar (androidx.slidingpanelayout:slidingpanelayout:1.2.0) with JetifyTransform
Transforming slidingpanelayout-1.2.0.aar (androidx.slidingpanelayout:slidingpanelayout:1.2.0) with ExtractAarTransform
Transforming slidingpanelayout-1.2.0.aar (androidx.slidingpanelayout:slidingpanelayout:1.2.0) with AarTransform
Transforming legacy-support-core-utils-1.0.0.aar (androidx.legacy:legacy-support-core-utils:1.0.0) with JetifyTransform
Transforming legacy-support-core-utils-1.0.0.aar (androidx.legacy:legacy-support-core-utils:1.0.0) with ExtractAarTransform
Transforming legacy-support-core-utils-1.0.0.aar (androidx.legacy:legacy-support-core-utils:1.0.0) with AarTransform
Transforming loader-1.0.0.aar (androidx.loader:loader:1.0.0) with JetifyTransform
Transforming loader-1.0.0.aar (androidx.loader:loader:1.0.0) with ExtractAarTransform
Transforming loader-1.0.0.aar (androidx.loader:loader:1.0.0) with AarTransform
Transforming loader-1.0.0.aar (androidx.loader:loader:1.0.0) with JetifyTransform
Transforming loader-1.0.0.aar (androidx.loader:loader:1.0.0) with ExtractAarTransform
Transforming loader-1.0.0.aar (androidx.loader:loader:1.0.0) with AarTransform
Transforming savedstate-ktx-1.2.1.aar (androidx.savedstate:savedstate-ktx:1.2.1) with JetifyTransform
Transforming savedstate-ktx-1.2.1.aar (androidx.savedstate:savedstate-ktx:1.2.1) with ExtractAarTransform
Transforming savedstate-ktx-1.2.1.aar (androidx.savedstate:savedstate-ktx:1.2.1) with AarTransform
Transforming savedstate-1.2.1.aar (androidx.savedstate:savedstate:1.2.1) with JetifyTransform
Transforming savedstate-1.2.1.aar (androidx.savedstate:savedstate:1.2.1) with ExtractAarTransform
Transforming savedstate-1.2.1.aar (androidx.savedstate:savedstate:1.2.1) with AarTransform
Transforming lifecycle-livedata-2.6.1.aar (androidx.lifecycle:lifecycle-livedata:2.6.1) with JetifyTransform
Transforming lifecycle-livedata-2.6.1.aar (androidx.lifecycle:lifecycle-livedata:2.6.1) with ExtractAarTransform
Transforming lifecycle-livedata-2.6.1.aar (androidx.lifecycle:lifecycle-livedata:2.6.1) with AarTransform
Transforming lifecycle-runtime-ktx-2.6.1.aar (androidx.lifecycle:lifecycle-runtime-ktx:2.6.1) with JetifyTransform
Transforming lifecycle-runtime-ktx-2.6.1.aar (androidx.lifecycle:lifecycle-runtime-ktx:2.6.1) with ExtractAarTransform
Transforming lifecycle-runtime-ktx-2.6.1.aar (androidx.lifecycle:lifecycle-runtime-ktx:2.6.1) with AarTransform
Transforming lifecycle-viewmodel-ktx-2.6.1.aar (androidx.lifecycle:lifecycle-viewmodel-ktx:2.6.1) with JetifyTransform
Transforming lifecycle-viewmodel-ktx-2.6.1.aar (androidx.lifecycle:lifecycle-viewmodel-ktx:2.6.1) with ExtractAarTransform
Transforming lifecycle-viewmodel-ktx-2.6.1.aar (androidx.lifecycle:lifecycle-viewmodel-ktx:2.6.1) with AarTransform
Transforming lifecycle-livedata-core-ktx-2.6.1.aar (androidx.lifecycle:lifecycle-livedata-core-ktx:2.6.1) with JetifyTransform
Transforming lifecycle-livedata-core-ktx-2.6.1.aar (androidx.lifecycle:lifecycle-livedata-core-ktx:2.6.1) with ExtractAarTransform
Transforming lifecycle-livedata-core-ktx-2.6.1.aar (androidx.lifecycle:lifecycle-livedata-core-ktx:2.6.1) with AarTransform
Transforming lifecycle-process-2.6.1.aar (androidx.lifecycle:lifecycle-process:2.6.1) with JetifyTransform
Transforming lifecycle-process-2.6.1.aar (androidx.lifecycle:lifecycle-process:2.6.1) with ExtractAarTransform
Transforming lifecycle-process-2.6.1.aar (androidx.lifecycle:lifecycle-process:2.6.1) with AarTransform
Transforming lifecycle-livedata-core-2.6.1.aar (androidx.lifecycle:lifecycle-livedata-core:2.6.1) with JetifyTransform
Transforming lifecycle-livedata-core-2.6.1.aar (androidx.lifecycle:lifecycle-livedata-core:2.6.1) with ExtractAarTransform
Transforming lifecycle-livedata-core-2.6.1.aar (androidx.lifecycle:lifecycle-livedata-core:2.6.1) with AarTransform
Transforming lifecycle-viewmodel-2.6.1.aar (androidx.lifecycle:lifecycle-viewmodel:2.6.1) with JetifyTransform
Transforming lifecycle-viewmodel-2.6.1.aar (androidx.lifecycle:lifecycle-viewmodel:2.6.1) with ExtractAarTransform
Transforming lifecycle-viewmodel-2.6.1.aar (androidx.lifecycle:lifecycle-viewmodel:2.6.1) with AarTransform
Transforming lifecycle-viewmodel-2.6.1.aar (androidx.lifecycle:lifecycle-viewmodel:2.6.1) with JetifyTransform
Transforming lifecycle-viewmodel-2.6.1.aar (androidx.lifecycle:lifecycle-viewmodel:2.6.1) with ExtractAarTransform
Transforming lifecycle-viewmodel-2.6.1.aar (androidx.lifecycle:lifecycle-viewmodel:2.6.1) with AarTransform
Transforming lifecycle-runtime-2.6.1.aar (androidx.lifecycle:lifecycle-runtime:2.6.1) with JetifyTransform
Transforming lifecycle-runtime-2.6.1.aar (androidx.lifecycle:lifecycle-runtime:2.6.1) with ExtractAarTransform
Transforming lifecycle-runtime-2.6.1.aar (androidx.lifecycle:lifecycle-runtime:2.6.1) with AarTransform
Transforming lifecycle-viewmodel-savedstate-2.6.1.aar (androidx.lifecycle:lifecycle-viewmodel-savedstate:2.6.1) with JetifyTransform
Transforming lifecycle-viewmodel-savedstate-2.6.1.aar (androidx.lifecycle:lifecycle-viewmodel-savedstate:2.6.1) with ExtractAarTransform
Transforming lifecycle-viewmodel-savedstate-2.6.1.aar (androidx.lifecycle:lifecycle-viewmodel-savedstate:2.6.1) with AarTransform
Transforming core-ktx-1.9.0.aar (androidx.core:core-ktx:1.9.0) with JetifyTransform
Transforming core-ktx-1.9.0.aar (androidx.core:core-ktx:1.9.0) with ExtractAarTransform
Transforming core-ktx-1.9.0.aar (androidx.core:core-ktx:1.9.0) with AarTransform
Transforming viewpager-1.0.0.aar (androidx.viewpager:viewpager:1.0.0) with JetifyTransform
Transforming viewpager-1.0.0.aar (androidx.viewpager:viewpager:1.0.0) with ExtractAarTransform
Transforming viewpager-1.0.0.aar (androidx.viewpager:viewpager:1.0.0) with AarTransform
Transforming recyclerview-1.1.0.aar (androidx.recyclerview:recyclerview:1.1.0) with JetifyTransform
Transforming recyclerview-1.1.0.aar (androidx.recyclerview:recyclerview:1.1.0) with ExtractAarTransform
Transforming recyclerview-1.1.0.aar (androidx.recyclerview:recyclerview:1.1.0) with AarTransform
Transforming recyclerview-1.1.0.aar (androidx.recyclerview:recyclerview:1.1.0) with JetifyTransform
Transforming recyclerview-1.1.0.aar (androidx.recyclerview:recyclerview:1.1.0) with ExtractAarTransform
Transforming recyclerview-1.1.0.aar (androidx.recyclerview:recyclerview:1.1.0) with AarTransform
Transforming customview-1.1.0.aar (androidx.customview:customview:1.1.0) with JetifyTransform
Transforming customview-1.1.0.aar (androidx.customview:customview:1.1.0) with ExtractAarTransform
Transforming customview-1.1.0.aar (androidx.customview:customview:1.1.0) with AarTransform
Transforming customview-1.1.0.aar (androidx.customview:customview:1.1.0) with JetifyTransform
Transforming customview-1.1.0.aar (androidx.customview:customview:1.1.0) with ExtractAarTransform
Transforming customview-1.1.0.aar (androidx.customview:customview:1.1.0) with AarTransform
Transforming transition-1.4.1.aar (androidx.transition:transition:1.4.1) with JetifyTransform
Transforming transition-1.4.1.aar (androidx.transition:transition:1.4.1) with ExtractAarTransform
Transforming transition-1.4.1.aar (androidx.transition:transition:1.4.1) with AarTransform
Transforming window-1.0.0.aar (androidx.window:window:1.0.0) with JetifyTransform
Transforming window-1.0.0.aar (androidx.window:window:1.0.0) with ExtractAarTransform
Transforming window-1.0.0.aar (androidx.window:window:1.0.0) with AarTransform
Transforming core-1.9.0.aar (androidx.core:core:1.9.0) with JetifyTransform
Transforming core-1.9.0.aar (androidx.core:core:1.9.0) with ExtractAarTransform
Transforming core-1.9.0.aar (androidx.core:core:1.9.0) with AarTransform
Transforming core-1.9.0.aar (androidx.core:core:1.9.0) with JetifyTransform
Transforming core-1.9.0.aar (androidx.core:core:1.9.0) with ExtractAarTransform
Transforming core-1.9.0.aar (androidx.core:core:1.9.0) with AarTransform
Transforming cursoradapter-1.0.0.aar (androidx.cursoradapter:cursoradapter:1.0.0) with JetifyTransform
Transforming cursoradapter-1.0.0.aar (androidx.cursoradapter:cursoradapter:1.0.0) with ExtractAarTransform
Transforming cursoradapter-1.0.0.aar (androidx.cursoradapter:cursoradapter:1.0.0) with AarTransform
Transforming cardview-1.0.0.aar (androidx.cardview:cardview:1.0.0) with JetifyTransform
Transforming cardview-1.0.0.aar (androidx.cardview:cardview:1.0.0) with ExtractAarTransform
Transforming cardview-1.0.0.aar (androidx.cardview:cardview:1.0.0) with AarTransform
Transforming profileinstaller-1.3.0.aar (androidx.profileinstaller:profileinstaller:1.3.0) with JetifyTransform
Transforming profileinstaller-1.3.0.aar (androidx.profileinstaller:profileinstaller:1.3.0) with ExtractAarTransform
Transforming profileinstaller-1.3.0.aar (androidx.profileinstaller:profileinstaller:1.3.0) with AarTransform
Transforming startup-runtime-1.1.1.aar (androidx.startup:startup-runtime:1.1.1) with JetifyTransform
Transforming startup-runtime-1.1.1.aar (androidx.startup:startup-runtime:1.1.1) with ExtractAarTransform
Transforming startup-runtime-1.1.1.aar (androidx.startup:startup-runtime:1.1.1) with AarTransform
Transforming tracing-1.0.0.aar (androidx.tracing:tracing:1.0.0) with JetifyTransform
Transforming tracing-1.0.0.aar (androidx.tracing:tracing:1.0.0) with ExtractAarTransform
Transforming tracing-1.0.0.aar (androidx.tracing:tracing:1.0.0) with AarTransform
Transforming versionedparcelable-1.1.1.aar (androidx.versionedparcelable:versionedparcelable:1.1.1) with JetifyTransform
Transforming versionedparcelable-1.1.1.aar (androidx.versionedparcelable:versionedparcelable:1.1.1) with ExtractAarTransform
Transforming versionedparcelable-1.1.1.aar (androidx.versionedparcelable:versionedparcelable:1.1.1) with AarTransform
Transforming core-runtime-2.2.0.aar (androidx.arch.core:core-runtime:2.2.0) with JetifyTransform
Transforming core-runtime-2.2.0.aar (androidx.arch.core:core-runtime:2.2.0) with ExtractAarTransform
Transforming core-runtime-2.2.0.aar (androidx.arch.core:core-runtime:2.2.0) with AarTransform
Transforming interpolator-1.0.0.aar (androidx.interpolator:interpolator:1.0.0) with JetifyTransform
Transforming interpolator-1.0.0.aar (androidx.interpolator:interpolator:1.0.0) with ExtractAarTransform
Transforming interpolator-1.0.0.aar (androidx.interpolator:interpolator:1.0.0) with AarTransform
Transforming documentfile-1.0.0.aar (androidx.documentfile:documentfile:1.0.0) with JetifyTransform
Transforming documentfile-1.0.0.aar (androidx.documentfile:documentfile:1.0.0) with ExtractAarTransform
Transforming documentfile-1.0.0.aar (androidx.documentfile:documentfile:1.0.0) with AarTransform
Transforming localbroadcastmanager-1.0.0.aar (androidx.localbroadcastmanager:localbroadcastmanager:1.0.0) with JetifyTransform
Transforming localbroadcastmanager-1.0.0.aar (androidx.localbroadcastmanager:localbroadcastmanager:1.0.0) with ExtractAarTransform
Transforming localbroadcastmanager-1.0.0.aar (androidx.localbroadcastmanager:localbroadcastmanager:1.0.0) with AarTransform
Transforming print-1.0.0.aar (androidx.print:print:1.0.0) with JetifyTransform
Transforming print-1.0.0.aar (androidx.print:print:1.0.0) with ExtractAarTransform
Transforming print-1.0.0.aar (androidx.print:print:1.0.0) with AarTransform
Transforming annotation-experimental-1.3.0.aar (androidx.annotation:annotation-experimental:1.3.0) with JetifyTransform
Transforming annotation-experimental-1.3.0.aar (androidx.annotation:annotation-experimental:1.3.0) with ExtractAarTransform
Transforming annotation-experimental-1.3.0.aar (androidx.annotation:annotation-experimental:1.3.0) with AarTransform
Caching disabled for task ':app:mergeDebugAssets' because:
  Simple merging task
Skipping task ':app:mergeDebugAssets' as it is up-to-date.
Resolve mutations for :app:compressDebugAssets (Thread[#319,Execution worker,5,main]) started.
:app:compressDebugAssets (Thread[#319,Execution worker,5,main]) started.

> Task :app:compressDebugAssets UP-TO-DATE
Build cache key for task ':app:compressDebugAssets' is db534f310a870704826f053c9eadf457
Skipping task ':app:compressDebugAssets' as it is up-to-date.
Resolve mutations for :app:processDebugJavaRes (Thread[#319,Execution worker,5,main]) started.
:app:processDebugJavaRes (Thread[#319,Execution worker,5,main]) started.

> Task :app:processDebugJavaRes NO-SOURCE
file or directory '/data/data/com.termux/files/home/HyperPS3/HyperPS3/app/src/main/resources', not found
file or directory '/data/data/com.termux/files/home/HyperPS3/HyperPS3/app/src/debug/resources', not found
Skipping task ':app:processDebugJavaRes' as it has no source files and no previous output files.
Resolve mutations for :app:mergeDebugJavaResource (Thread[#319,Execution worker,5,main]) started.
:app:mergeDebugJavaResource (Thread[#319,Execution worker,5,main]) started.

> Task :app:mergeDebugJavaResource UP-TO-DATE
Transforming material-1.10.0.aar (com.google.android.material:material:1.10.0) with JetifyTransform
Transforming material-1.10.0.aar (com.google.android.material:material:1.10.0) with ExtractAarTransform
Transforming material-1.10.0.aar (com.google.android.material:material:1.10.0) with AarTransform
Transforming constraintlayout-2.1.4.aar (androidx.constraintlayout:constraintlayout:2.1.4) with JetifyTransform
Transforming constraintlayout-2.1.4.aar (androidx.constraintlayout:constraintlayout:2.1.4) with ExtractAarTransform
Transforming constraintlayout-2.1.4.aar (androidx.constraintlayout:constraintlayout:2.1.4) with AarTransform
Transforming preference-1.2.1.aar (androidx.preference:preference:1.2.1) with JetifyTransform
Transforming preference-1.2.1.aar (androidx.preference:preference:1.2.1) with ExtractAarTransform
Transforming preference-1.2.1.aar (androidx.preference:preference:1.2.1) with AarTransform
Transforming appcompat-resources-1.6.1.aar (androidx.appcompat:appcompat-resources:1.6.1) with JetifyTransform
Transforming appcompat-resources-1.6.1.aar (androidx.appcompat:appcompat-resources:1.6.1) with ExtractAarTransform
Transforming appcompat-resources-1.6.1.aar (androidx.appcompat:appcompat-resources:1.6.1) with AarTransform
Transforming appcompat-1.6.1.aar (androidx.appcompat:appcompat:1.6.1) with JetifyTransform
Transforming appcompat-1.6.1.aar (androidx.appcompat:appcompat:1.6.1) with ExtractAarTransform
Transforming appcompat-1.6.1.aar (androidx.appcompat:appcompat:1.6.1) with AarTransform
Transforming viewpager2-1.0.0.aar (androidx.viewpager2:viewpager2:1.0.0) with JetifyTransform
Transforming viewpager2-1.0.0.aar (androidx.viewpager2:viewpager2:1.0.0) with ExtractAarTransform
Transforming viewpager2-1.0.0.aar (androidx.viewpager2:viewpager2:1.0.0) with AarTransform
Transforming fragment-ktx-1.3.6.aar (androidx.fragment:fragment-ktx:1.3.6) with JetifyTransform
Transforming fragment-ktx-1.3.6.aar (androidx.fragment:fragment-ktx:1.3.6) with ExtractAarTransform
Transforming fragment-ktx-1.3.6.aar (androidx.fragment:fragment-ktx:1.3.6) with AarTransform
Transforming fragment-1.3.6.aar (androidx.fragment:fragment:1.3.6) with JetifyTransform
Transforming fragment-1.3.6.aar (androidx.fragment:fragment:1.3.6) with ExtractAarTransform
Transforming fragment-1.3.6.aar (androidx.fragment:fragment:1.3.6) with AarTransform
Transforming fragment-1.3.6.aar (androidx.fragment:fragment:1.3.6) with JetifyTransform
Transforming fragment-1.3.6.aar (androidx.fragment:fragment:1.3.6) with ExtractAarTransform
Transforming fragment-1.3.6.aar (androidx.fragment:fragment:1.3.6) with AarTransform
Transforming activity-ktx-1.8.0.aar (androidx.activity:activity-ktx:1.8.0) with JetifyTransform
Transforming activity-ktx-1.8.0.aar (androidx.activity:activity-ktx:1.8.0) with ExtractAarTransform
Transforming activity-ktx-1.8.0.aar (androidx.activity:activity-ktx:1.8.0) with AarTransform
Transforming activity-1.8.0.aar (androidx.activity:activity:1.8.0) with JetifyTransform
Transforming activity-1.8.0.aar (androidx.activity:activity:1.8.0) with ExtractAarTransform
Transforming activity-1.8.0.aar (androidx.activity:activity:1.8.0) with AarTransform
Transforming emoji2-views-helper-1.2.0.aar (androidx.emoji2:emoji2-views-helper:1.2.0) with JetifyTransform
Transforming emoji2-views-helper-1.2.0.aar (androidx.emoji2:emoji2-views-helper:1.2.0) with ExtractAarTransform
Transforming emoji2-views-helper-1.2.0.aar (androidx.emoji2:emoji2-views-helper:1.2.0) with AarTransform
Transforming emoji2-1.2.0.aar (androidx.emoji2:emoji2:1.2.0) with JetifyTransform
Transforming emoji2-1.2.0.aar (androidx.emoji2:emoji2:1.2.0) with ExtractAarTransform
Transforming emoji2-1.2.0.aar (androidx.emoji2:emoji2:1.2.0) with AarTransform
Transforming drawerlayout-1.1.1.aar (androidx.drawerlayout:drawerlayout:1.1.1) with JetifyTransform
Transforming drawerlayout-1.1.1.aar (androidx.drawerlayout:drawerlayout:1.1.1) with ExtractAarTransform
Transforming drawerlayout-1.1.1.aar (androidx.drawerlayout:drawerlayout:1.1.1) with AarTransform
Transforming coordinatorlayout-1.1.0.aar (androidx.coordinatorlayout:coordinatorlayout:1.1.0) with JetifyTransform
Transforming coordinatorlayout-1.1.0.aar (androidx.coordinatorlayout:coordinatorlayout:1.1.0) with ExtractAarTransform
Transforming coordinatorlayout-1.1.0.aar (androidx.coordinatorlayout:coordinatorlayout:1.1.0) with AarTransform
Transforming dynamicanimation-1.0.0.aar (androidx.dynamicanimation:dynamicanimation:1.0.0) with JetifyTransform
Transforming dynamicanimation-1.0.0.aar (androidx.dynamicanimation:dynamicanimation:1.0.0) with ExtractAarTransform
Transforming dynamicanimation-1.0.0.aar (androidx.dynamicanimation:dynamicanimation:1.0.0) with AarTransform
Transforming vectordrawable-animated-1.1.0.aar (androidx.vectordrawable:vectordrawable-animated:1.1.0) with JetifyTransform
Transforming vectordrawable-animated-1.1.0.aar (androidx.vectordrawable:vectordrawable-animated:1.1.0) with ExtractAarTransform
Transforming vectordrawable-animated-1.1.0.aar (androidx.vectordrawable:vectordrawable-animated:1.1.0) with AarTransform
Transforming vectordrawable-1.1.0.aar (androidx.vectordrawable:vectordrawable:1.1.0) with JetifyTransform
Transforming vectordrawable-1.1.0.aar (androidx.vectordrawable:vectordrawable:1.1.0) with ExtractAarTransform
Transforming vectordrawable-1.1.0.aar (androidx.vectordrawable:vectordrawable:1.1.0) with AarTransform
Transforming vectordrawable-1.1.0.aar (androidx.vectordrawable:vectordrawable:1.1.0) with JetifyTransform
Transforming vectordrawable-1.1.0.aar (androidx.vectordrawable:vectordrawable:1.1.0) with ExtractAarTransform
Transforming vectordrawable-1.1.0.aar (androidx.vectordrawable:vectordrawable:1.1.0) with AarTransform
Transforming slidingpanelayout-1.2.0.aar (androidx.slidingpanelayout:slidingpanelayout:1.2.0) with JetifyTransform
Transforming slidingpanelayout-1.2.0.aar (androidx.slidingpanelayout:slidingpanelayout:1.2.0) with ExtractAarTransform
Transforming slidingpanelayout-1.2.0.aar (androidx.slidingpanelayout:slidingpanelayout:1.2.0) with AarTransform
Transforming legacy-support-core-utils-1.0.0.aar (androidx.legacy:legacy-support-core-utils:1.0.0) with JetifyTransform
Transforming legacy-support-core-utils-1.0.0.aar (androidx.legacy:legacy-support-core-utils:1.0.0) with ExtractAarTransform
Transforming legacy-support-core-utils-1.0.0.aar (androidx.legacy:legacy-support-core-utils:1.0.0) with AarTransform
Transforming loader-1.0.0.aar (androidx.loader:loader:1.0.0) with JetifyTransform
Transforming loader-1.0.0.aar (androidx.loader:loader:1.0.0) with ExtractAarTransform
Transforming loader-1.0.0.aar (androidx.loader:loader:1.0.0) with AarTransform
Transforming loader-1.0.0.aar (androidx.loader:loader:1.0.0) with JetifyTransform
Transforming loader-1.0.0.aar (androidx.loader:loader:1.0.0) with ExtractAarTransform
Transforming loader-1.0.0.aar (androidx.loader:loader:1.0.0) with AarTransform
Transforming savedstate-ktx-1.2.1.aar (androidx.savedstate:savedstate-ktx:1.2.1) with JetifyTransform
Transforming savedstate-ktx-1.2.1.aar (androidx.savedstate:savedstate-ktx:1.2.1) with ExtractAarTransform
Transforming savedstate-ktx-1.2.1.aar (androidx.savedstate:savedstate-ktx:1.2.1) with AarTransform
Transforming savedstate-1.2.1.aar (androidx.savedstate:savedstate:1.2.1) with JetifyTransform
Transforming savedstate-1.2.1.aar (androidx.savedstate:savedstate:1.2.1) with ExtractAarTransform
Transforming savedstate-1.2.1.aar (androidx.savedstate:savedstate:1.2.1) with AarTransform
Transforming lifecycle-livedata-2.6.1.aar (androidx.lifecycle:lifecycle-livedata:2.6.1) with JetifyTransform
Transforming lifecycle-livedata-2.6.1.aar (androidx.lifecycle:lifecycle-livedata:2.6.1) with ExtractAarTransform
Transforming lifecycle-livedata-2.6.1.aar (androidx.lifecycle:lifecycle-livedata:2.6.1) with AarTransform
Transforming lifecycle-runtime-ktx-2.6.1.aar (androidx.lifecycle:lifecycle-runtime-ktx:2.6.1) with JetifyTransform
Transforming lifecycle-runtime-ktx-2.6.1.aar (androidx.lifecycle:lifecycle-runtime-ktx:2.6.1) with ExtractAarTransform
Transforming lifecycle-runtime-ktx-2.6.1.aar (androidx.lifecycle:lifecycle-runtime-ktx:2.6.1) with AarTransform
Transforming lifecycle-viewmodel-ktx-2.6.1.aar (androidx.lifecycle:lifecycle-viewmodel-ktx:2.6.1) with JetifyTransform
Transforming lifecycle-viewmodel-ktx-2.6.1.aar (androidx.lifecycle:lifecycle-viewmodel-ktx:2.6.1) with ExtractAarTransform
Transforming lifecycle-viewmodel-ktx-2.6.1.aar (androidx.lifecycle:lifecycle-viewmodel-ktx:2.6.1) with AarTransform
Transforming lifecycle-livedata-core-ktx-2.6.1.aar (androidx.lifecycle:lifecycle-livedata-core-ktx:2.6.1) with JetifyTransform
Transforming lifecycle-livedata-core-ktx-2.6.1.aar (androidx.lifecycle:lifecycle-livedata-core-ktx:2.6.1) with ExtractAarTransform
Transforming lifecycle-livedata-core-ktx-2.6.1.aar (androidx.lifecycle:lifecycle-livedata-core-ktx:2.6.1) with AarTransform
Transforming lifecycle-common-2.6.1.jar (androidx.lifecycle:lifecycle-common:2.6.1) with JetifyTransform
Transforming lifecycle-common-2.6.1.jar (androidx.lifecycle:lifecycle-common:2.6.1) with IdentityTransform
Transforming lifecycle-process-2.6.1.aar (androidx.lifecycle:lifecycle-process:2.6.1) with JetifyTransform
Transforming lifecycle-process-2.6.1.aar (androidx.lifecycle:lifecycle-process:2.6.1) with ExtractAarTransform
Transforming lifecycle-process-2.6.1.aar (androidx.lifecycle:lifecycle-process:2.6.1) with AarTransform
Transforming lifecycle-livedata-core-2.6.1.aar (androidx.lifecycle:lifecycle-livedata-core:2.6.1) with JetifyTransform
Transforming lifecycle-livedata-core-2.6.1.aar (androidx.lifecycle:lifecycle-livedata-core:2.6.1) with ExtractAarTransform
Transforming lifecycle-livedata-core-2.6.1.aar (androidx.lifecycle:lifecycle-livedata-core:2.6.1) with AarTransform
Transforming lifecycle-viewmodel-2.6.1.aar (androidx.lifecycle:lifecycle-viewmodel:2.6.1) with JetifyTransform
Transforming lifecycle-viewmodel-2.6.1.aar (androidx.lifecycle:lifecycle-viewmodel:2.6.1) with ExtractAarTransform
Transforming lifecycle-viewmodel-2.6.1.aar (androidx.lifecycle:lifecycle-viewmodel:2.6.1) with AarTransform
Transforming lifecycle-viewmodel-2.6.1.aar (androidx.lifecycle:lifecycle-viewmodel:2.6.1) with JetifyTransform
Transforming lifecycle-viewmodel-2.6.1.aar (androidx.lifecycle:lifecycle-viewmodel:2.6.1) with ExtractAarTransform
Transforming lifecycle-viewmodel-2.6.1.aar (androidx.lifecycle:lifecycle-viewmodel:2.6.1) with AarTransform
Transforming lifecycle-runtime-2.6.1.aar (androidx.lifecycle:lifecycle-runtime:2.6.1) with JetifyTransform
Transforming lifecycle-runtime-2.6.1.aar (androidx.lifecycle:lifecycle-runtime:2.6.1) with ExtractAarTransform
Transforming lifecycle-runtime-2.6.1.aar (androidx.lifecycle:lifecycle-runtime:2.6.1) with AarTransform
Transforming lifecycle-viewmodel-savedstate-2.6.1.aar (androidx.lifecycle:lifecycle-viewmodel-savedstate:2.6.1) with JetifyTransform
Transforming lifecycle-viewmodel-savedstate-2.6.1.aar (androidx.lifecycle:lifecycle-viewmodel-savedstate:2.6.1) with ExtractAarTransform
Transforming lifecycle-viewmodel-savedstate-2.6.1.aar (androidx.lifecycle:lifecycle-viewmodel-savedstate:2.6.1) with AarTransform
Transforming core-ktx-1.9.0.aar (androidx.core:core-ktx:1.9.0) with JetifyTransform
Transforming core-ktx-1.9.0.aar (androidx.core:core-ktx:1.9.0) with ExtractAarTransform
Transforming core-ktx-1.9.0.aar (androidx.core:core-ktx:1.9.0) with AarTransform
Transforming viewpager-1.0.0.aar (androidx.viewpager:viewpager:1.0.0) with JetifyTransform
Transforming viewpager-1.0.0.aar (androidx.viewpager:viewpager:1.0.0) with ExtractAarTransform
Transforming viewpager-1.0.0.aar (androidx.viewpager:viewpager:1.0.0) with AarTransform
Transforming recyclerview-1.1.0.aar (androidx.recyclerview:recyclerview:1.1.0) with JetifyTransform
Transforming recyclerview-1.1.0.aar (androidx.recyclerview:recyclerview:1.1.0) with ExtractAarTransform
Transforming recyclerview-1.1.0.aar (androidx.recyclerview:recyclerview:1.1.0) with AarTransform
Transforming recyclerview-1.1.0.aar (androidx.recyclerview:recyclerview:1.1.0) with JetifyTransform
Transforming recyclerview-1.1.0.aar (androidx.recyclerview:recyclerview:1.1.0) with ExtractAarTransform
Transforming recyclerview-1.1.0.aar (androidx.recyclerview:recyclerview:1.1.0) with AarTransform
Transforming customview-1.1.0.aar (androidx.customview:customview:1.1.0) with JetifyTransform
Transforming customview-1.1.0.aar (androidx.customview:customview:1.1.0) with ExtractAarTransform
Transforming customview-1.1.0.aar (androidx.customview:customview:1.1.0) with AarTransform
Transforming customview-1.1.0.aar (androidx.customview:customview:1.1.0) with JetifyTransform
Transforming customview-1.1.0.aar (androidx.customview:customview:1.1.0) with ExtractAarTransform
Transforming customview-1.1.0.aar (androidx.customview:customview:1.1.0) with AarTransform
Transforming transition-1.4.1.aar (androidx.transition:transition:1.4.1) with JetifyTransform
Transforming transition-1.4.1.aar (androidx.transition:transition:1.4.1) with ExtractAarTransform
Transforming transition-1.4.1.aar (androidx.transition:transition:1.4.1) with AarTransform
Transforming window-1.0.0.aar (androidx.window:window:1.0.0) with JetifyTransform
Transforming window-1.0.0.aar (androidx.window:window:1.0.0) with ExtractAarTransform
Transforming window-1.0.0.aar (androidx.window:window:1.0.0) with AarTransform
Transforming core-1.9.0.aar (androidx.core:core:1.9.0) with JetifyTransform
Transforming core-1.9.0.aar (androidx.core:core:1.9.0) with ExtractAarTransform
Transforming core-1.9.0.aar (androidx.core:core:1.9.0) with AarTransform
Transforming core-1.9.0.aar (androidx.core:core:1.9.0) with JetifyTransform
Transforming core-1.9.0.aar (androidx.core:core:1.9.0) with ExtractAarTransform
Transforming core-1.9.0.aar (androidx.core:core:1.9.0) with AarTransform
Transforming cursoradapter-1.0.0.aar (androidx.cursoradapter:cursoradapter:1.0.0) with JetifyTransform
Transforming cursoradapter-1.0.0.aar (androidx.cursoradapter:cursoradapter:1.0.0) with ExtractAarTransform
Transforming cursoradapter-1.0.0.aar (androidx.cursoradapter:cursoradapter:1.0.0) with AarTransform
Transforming resourceinspection-annotation-1.0.1.jar (androidx.resourceinspection:resourceinspection-annotation:1.0.1) with JetifyTransform
Transforming resourceinspection-annotation-1.0.1.jar (androidx.resourceinspection:resourceinspection-annotation:1.0.1) with IdentityTransform
Transforming cardview-1.0.0.aar (androidx.cardview:cardview:1.0.0) with JetifyTransform
Transforming cardview-1.0.0.aar (androidx.cardview:cardview:1.0.0) with ExtractAarTransform
Transforming cardview-1.0.0.aar (androidx.cardview:cardview:1.0.0) with AarTransform
Transforming profileinstaller-1.3.0.aar (androidx.profileinstaller:profileinstaller:1.3.0) with JetifyTransform
Transforming profileinstaller-1.3.0.aar (androidx.profileinstaller:profileinstaller:1.3.0) with ExtractAarTransform
Transforming profileinstaller-1.3.0.aar (androidx.profileinstaller:profileinstaller:1.3.0) with AarTransform
Transforming startup-runtime-1.1.1.aar (androidx.startup:startup-runtime:1.1.1) with JetifyTransform
Transforming startup-runtime-1.1.1.aar (androidx.startup:startup-runtime:1.1.1) with ExtractAarTransform
Transforming startup-runtime-1.1.1.aar (androidx.startup:startup-runtime:1.1.1) with AarTransform
Transforming tracing-1.0.0.aar (androidx.tracing:tracing:1.0.0) with JetifyTransform
Transforming tracing-1.0.0.aar (androidx.tracing:tracing:1.0.0) with ExtractAarTransform
Transforming tracing-1.0.0.aar (androidx.tracing:tracing:1.0.0) with AarTransform
Transforming versionedparcelable-1.1.1.aar (androidx.versionedparcelable:versionedparcelable:1.1.1) with JetifyTransform
Transforming versionedparcelable-1.1.1.aar (androidx.versionedparcelable:versionedparcelable:1.1.1) with ExtractAarTransform
Transforming versionedparcelable-1.1.1.aar (androidx.versionedparcelable:versionedparcelable:1.1.1) with AarTransform
Transforming collection-ktx-1.1.0.jar (androidx.collection:collection-ktx:1.1.0) with JetifyTransform
Transforming collection-ktx-1.1.0.jar (androidx.collection:collection-ktx:1.1.0) with IdentityTransform
Transforming collection-1.1.0.jar (androidx.collection:collection:1.1.0) with JetifyTransform
Transforming collection-1.1.0.jar (androidx.collection:collection:1.1.0) with IdentityTransform
Transforming core-runtime-2.2.0.aar (androidx.arch.core:core-runtime:2.2.0) with JetifyTransform
Transforming core-runtime-2.2.0.aar (androidx.arch.core:core-runtime:2.2.0) with ExtractAarTransform
Transforming core-runtime-2.2.0.aar (androidx.arch.core:core-runtime:2.2.0) with AarTransform
Transforming core-common-2.2.0.jar (androidx.arch.core:core-common:2.2.0) with JetifyTransform
Transforming core-common-2.2.0.jar (androidx.arch.core:core-common:2.2.0) with IdentityTransform
Transforming interpolator-1.0.0.aar (androidx.interpolator:interpolator:1.0.0) with JetifyTransform
Transforming interpolator-1.0.0.aar (androidx.interpolator:interpolator:1.0.0) with ExtractAarTransform
Transforming interpolator-1.0.0.aar (androidx.interpolator:interpolator:1.0.0) with AarTransform
Transforming documentfile-1.0.0.aar (androidx.documentfile:documentfile:1.0.0) with JetifyTransform
Transforming documentfile-1.0.0.aar (androidx.documentfile:documentfile:1.0.0) with ExtractAarTransform
Transforming concurrent-futures-1.1.0.jar (androidx.concurrent:concurrent-futures:1.1.0) with JetifyTransform
Transforming documentfile-1.0.0.aar (androidx.documentfile:documentfile:1.0.0) with AarTransform
Transforming localbroadcastmanager-1.0.0.aar (androidx.localbroadcastmanager:localbroadcastmanager:1.0.0) with JetifyTransform
Transforming concurrent-futures-1.1.0.jar (androidx.concurrent:concurrent-futures:1.1.0) with IdentityTransform
Transforming localbroadcastmanager-1.0.0.aar (androidx.localbroadcastmanager:localbroadcastmanager:1.0.0) with ExtractAarTransform
Transforming localbroadcastmanager-1.0.0.aar (androidx.localbroadcastmanager:localbroadcastmanager:1.0.0) with AarTransform
Transforming print-1.0.0.aar (androidx.print:print:1.0.0) with JetifyTransform
Transforming print-1.0.0.aar (androidx.print:print:1.0.0) with ExtractAarTransform
Transforming print-1.0.0.aar (androidx.print:print:1.0.0) with AarTransform
Transforming annotation-1.3.0.jar (androidx.annotation:annotation:1.3.0) with JetifyTransform
Transforming annotation-1.3.0.jar (androidx.annotation:annotation:1.3.0) with IdentityTransform
Transforming annotation-experimental-1.3.0.aar (androidx.annotation:annotation-experimental:1.3.0) with JetifyTransform
Transforming annotation-experimental-1.3.0.aar (androidx.annotation:annotation-experimental:1.3.0) with ExtractAarTransform
Transforming annotation-experimental-1.3.0.aar (androidx.annotation:annotation-experimental:1.3.0) with AarTransform
Transforming kotlinx-coroutines-core-jvm-1.6.4.jar (org.jetbrains.kotlinx:kotlinx-coroutines-core-jvm:1.6.4) with JetifyTransform
Transforming kotlinx-coroutines-core-jvm-1.6.4.jar (org.jetbrains.kotlinx:kotlinx-coroutines-core-jvm:1.6.4) with IdentityTransform
Transforming kotlinx-coroutines-android-1.6.4.jar (org.jetbrains.kotlinx:kotlinx-coroutines-android:1.6.4) with JetifyTransform
Transforming kotlinx-coroutines-android-1.6.4.jar (org.jetbrains.kotlinx:kotlinx-coroutines-android:1.6.4) with IdentityTransform
Transforming kotlin-stdlib-jdk8-1.8.22.jar (org.jetbrains.kotlin:kotlin-stdlib-jdk8:1.8.22) with JetifyTransform
Transforming kotlin-stdlib-jdk8-1.8.22.jar (org.jetbrains.kotlin:kotlin-stdlib-jdk8:1.8.22) with IdentityTransform
Transforming kotlin-stdlib-jdk7-1.8.22.jar (org.jetbrains.kotlin:kotlin-stdlib-jdk7:1.8.22) with JetifyTransform
Transforming kotlin-stdlib-jdk7-1.8.22.jar (org.jetbrains.kotlin:kotlin-stdlib-jdk7:1.8.22) with IdentityTransform
Transforming kotlin-stdlib-1.8.22.jar (org.jetbrains.kotlin:kotlin-stdlib:1.8.22) with JetifyTransform
Transforming kotlin-stdlib-1.8.22.jar (org.jetbrains.kotlin:kotlin-stdlib:1.8.22) with IdentityTransform
Transforming kotlin-stdlib-common-1.8.22.jar (org.jetbrains.kotlin:kotlin-stdlib-common:1.8.22) with JetifyTransform
Transforming kotlin-stdlib-common-1.8.22.jar (org.jetbrains.kotlin:kotlin-stdlib-common:1.8.22) with IdentityTransform
Transforming annotations-13.0.jar (org.jetbrains:annotations:13.0) with JetifyTransform
Transforming error_prone_annotations-2.15.0.jar (com.google.errorprone:error_prone_annotations:2.15.0) with JetifyTransform
Transforming constraintlayout-core-1.0.4.jar (androidx.constraintlayout:constraintlayout-core:1.0.4) with JetifyTransform
Transforming annotations-13.0.jar (org.jetbrains:annotations:13.0) with IdentityTransform
Transforming error_prone_annotations-2.15.0.jar (com.google.errorprone:error_prone_annotations:2.15.0) with IdentityTransform
Transforming constraintlayout-core-1.0.4.jar (androidx.constraintlayout:constraintlayout-core:1.0.4) with IdentityTransform
Transforming listenablefuture-1.0.jar (com.google.guava:listenablefuture:1.0) with JetifyTransform
Transforming listenablefuture-1.0.jar (com.google.guava:listenablefuture:1.0) with IdentityTransform
Caching disabled for task ':app:mergeDebugJavaResource' because:
  Caching has been disabled for the task
Skipping task ':app:mergeDebugJavaResource' as it is up-to-date.
Resolve mutations for :app:checkDebugDuplicateClasses (Thread[#319,Execution worker,5,main]) started.
:app:checkDebugDuplicateClasses (Thread[#319,Execution worker,5,main]) started.

> Task :app:checkDebugDuplicateClasses UP-TO-DATE
Transforming material-1.10.0.aar (com.google.android.material:material:1.10.0) with JetifyTransform
Transforming material-1.10.0.aar (com.google.android.material:material:1.10.0) with AarToClassTransform
Transforming material-1.10.0.aar (com.google.android.material:material:1.10.0) with EnumerateClassesTransform
Transforming constraintlayout-2.1.4.aar (androidx.constraintlayout:constraintlayout:2.1.4) with JetifyTransform
Transforming constraintlayout-2.1.4.aar (androidx.constraintlayout:constraintlayout:2.1.4) with AarToClassTransform
Transforming constraintlayout-2.1.4.aar (androidx.constraintlayout:constraintlayout:2.1.4) with EnumerateClassesTransform
Transforming preference-1.2.1.aar (androidx.preference:preference:1.2.1) with JetifyTransform
Transforming preference-1.2.1.aar (androidx.preference:preference:1.2.1) with AarToClassTransform
Transforming preference-1.2.1.aar (androidx.preference:preference:1.2.1) with EnumerateClassesTransform
Transforming appcompat-resources-1.6.1.aar (androidx.appcompat:appcompat-resources:1.6.1) with JetifyTransform
Transforming appcompat-resources-1.6.1.aar (androidx.appcompat:appcompat-resources:1.6.1) with AarToClassTransform
Transforming appcompat-resources-1.6.1.aar (androidx.appcompat:appcompat-resources:1.6.1) with EnumerateClassesTransform
Transforming appcompat-1.6.1.aar (androidx.appcompat:appcompat:1.6.1) with JetifyTransform
Transforming appcompat-1.6.1.aar (androidx.appcompat:appcompat:1.6.1) with AarToClassTransform
Transforming appcompat-1.6.1.aar (androidx.appcompat:appcompat:1.6.1) with EnumerateClassesTransform
Transforming viewpager2-1.0.0.aar (androidx.viewpager2:viewpager2:1.0.0) with JetifyTransform
Transforming viewpager2-1.0.0.aar (androidx.viewpager2:viewpager2:1.0.0) with AarToClassTransform
Transforming viewpager2-1.0.0.aar (androidx.viewpager2:viewpager2:1.0.0) with EnumerateClassesTransform
Transforming fragment-ktx-1.3.6.aar (androidx.fragment:fragment-ktx:1.3.6) with JetifyTransform
Transforming fragment-ktx-1.3.6.aar (androidx.fragment:fragment-ktx:1.3.6) with AarToClassTransform
Transforming fragment-ktx-1.3.6.aar (androidx.fragment:fragment-ktx:1.3.6) with EnumerateClassesTransform
Transforming fragment-1.3.6.aar (androidx.fragment:fragment:1.3.6) with JetifyTransform
Transforming fragment-1.3.6.aar (androidx.fragment:fragment:1.3.6) with AarToClassTransform
Transforming fragment-1.3.6.aar (androidx.fragment:fragment:1.3.6) with EnumerateClassesTransform
Transforming fragment-1.3.6.aar (androidx.fragment:fragment:1.3.6) with JetifyTransform
Transforming fragment-1.3.6.aar (androidx.fragment:fragment:1.3.6) with AarToClassTransform
Transforming fragment-1.3.6.aar (androidx.fragment:fragment:1.3.6) with EnumerateClassesTransform
Transforming activity-ktx-1.8.0.aar (androidx.activity:activity-ktx:1.8.0) with JetifyTransform
Transforming activity-ktx-1.8.0.aar (androidx.activity:activity-ktx:1.8.0) with AarToClassTransform
Transforming activity-ktx-1.8.0.aar (androidx.activity:activity-ktx:1.8.0) with EnumerateClassesTransform
Transforming activity-1.8.0.aar (androidx.activity:activity:1.8.0) with JetifyTransform
Transforming activity-1.8.0.aar (androidx.activity:activity:1.8.0) with AarToClassTransform
Transforming activity-1.8.0.aar (androidx.activity:activity:1.8.0) with EnumerateClassesTransform
Transforming emoji2-views-helper-1.2.0.aar (androidx.emoji2:emoji2-views-helper:1.2.0) with JetifyTransform
Transforming emoji2-views-helper-1.2.0.aar (androidx.emoji2:emoji2-views-helper:1.2.0) with AarToClassTransform
Transforming emoji2-views-helper-1.2.0.aar (androidx.emoji2:emoji2-views-helper:1.2.0) with EnumerateClassesTransform
Transforming emoji2-1.2.0.aar (androidx.emoji2:emoji2:1.2.0) with JetifyTransform
Transforming emoji2-1.2.0.aar (androidx.emoji2:emoji2:1.2.0) with AarToClassTransform
Transforming emoji2-1.2.0.aar (androidx.emoji2:emoji2:1.2.0) with EnumerateClassesTransform
Transforming drawerlayout-1.1.1.aar (androidx.drawerlayout:drawerlayout:1.1.1) with JetifyTransform
Transforming drawerlayout-1.1.1.aar (androidx.drawerlayout:drawerlayout:1.1.1) with AarToClassTransform
Transforming drawerlayout-1.1.1.aar (androidx.drawerlayout:drawerlayout:1.1.1) with EnumerateClassesTransform
Transforming coordinatorlayout-1.1.0.aar (androidx.coordinatorlayout:coordinatorlayout:1.1.0) with JetifyTransform
Transforming coordinatorlayout-1.1.0.aar (androidx.coordinatorlayout:coordinatorlayout:1.1.0) with AarToClassTransform
Transforming coordinatorlayout-1.1.0.aar (androidx.coordinatorlayout:coordinatorlayout:1.1.0) with EnumerateClassesTransform
Transforming dynamicanimation-1.0.0.aar (androidx.dynamicanimation:dynamicanimation:1.0.0) with JetifyTransform
Transforming dynamicanimation-1.0.0.aar (androidx.dynamicanimation:dynamicanimation:1.0.0) with AarToClassTransform
Transforming dynamicanimation-1.0.0.aar (androidx.dynamicanimation:dynamicanimation:1.0.0) with EnumerateClassesTransform
Transforming vectordrawable-animated-1.1.0.aar (androidx.vectordrawable:vectordrawable-animated:1.1.0) with JetifyTransform
Transforming vectordrawable-animated-1.1.0.aar (androidx.vectordrawable:vectordrawable-animated:1.1.0) with AarToClassTransform
Transforming vectordrawable-animated-1.1.0.aar (androidx.vectordrawable:vectordrawable-animated:1.1.0) with EnumerateClassesTransform
Transforming vectordrawable-1.1.0.aar (androidx.vectordrawable:vectordrawable:1.1.0) with JetifyTransform
Transforming vectordrawable-1.1.0.aar (androidx.vectordrawable:vectordrawable:1.1.0) with AarToClassTransform
Transforming vectordrawable-1.1.0.aar (androidx.vectordrawable:vectordrawable:1.1.0) with EnumerateClassesTransform
Transforming vectordrawable-1.1.0.aar (androidx.vectordrawable:vectordrawable:1.1.0) with JetifyTransform
Transforming vectordrawable-1.1.0.aar (androidx.vectordrawable:vectordrawable:1.1.0) with AarToClassTransform
Transforming vectordrawable-1.1.0.aar (androidx.vectordrawable:vectordrawable:1.1.0) with EnumerateClassesTransform
Transforming slidingpanelayout-1.2.0.aar (androidx.slidingpanelayout:slidingpanelayout:1.2.0) with JetifyTransform
Transforming slidingpanelayout-1.2.0.aar (androidx.slidingpanelayout:slidingpanelayout:1.2.0) with AarToClassTransform
Transforming slidingpanelayout-1.2.0.aar (androidx.slidingpanelayout:slidingpanelayout:1.2.0) with EnumerateClassesTransform
Transforming legacy-support-core-utils-1.0.0.aar (androidx.legacy:legacy-support-core-utils:1.0.0) with JetifyTransform
Transforming legacy-support-core-utils-1.0.0.aar (androidx.legacy:legacy-support-core-utils:1.0.0) with AarToClassTransform
Transforming legacy-support-core-utils-1.0.0.aar (androidx.legacy:legacy-support-core-utils:1.0.0) with EnumerateClassesTransform
Transforming loader-1.0.0.aar (androidx.loader:loader:1.0.0) with JetifyTransform
Transforming loader-1.0.0.aar (androidx.loader:loader:1.0.0) with AarToClassTransform
Transforming loader-1.0.0.aar (androidx.loader:loader:1.0.0) with EnumerateClassesTransform
Transforming loader-1.0.0.aar (androidx.loader:loader:1.0.0) with JetifyTransform
Transforming loader-1.0.0.aar (androidx.loader:loader:1.0.0) with AarToClassTransform
Transforming loader-1.0.0.aar (androidx.loader:loader:1.0.0) with EnumerateClassesTransform
Transforming savedstate-ktx-1.2.1.aar (androidx.savedstate:savedstate-ktx:1.2.1) with JetifyTransform
Transforming savedstate-ktx-1.2.1.aar (androidx.savedstate:savedstate-ktx:1.2.1) with AarToClassTransform
Transforming savedstate-ktx-1.2.1.aar (androidx.savedstate:savedstate-ktx:1.2.1) with EnumerateClassesTransform
Transforming savedstate-1.2.1.aar (androidx.savedstate:savedstate:1.2.1) with JetifyTransform
Transforming savedstate-1.2.1.aar (androidx.savedstate:savedstate:1.2.1) with AarToClassTransform
Transforming savedstate-1.2.1.aar (androidx.savedstate:savedstate:1.2.1) with EnumerateClassesTransform
Transforming lifecycle-livedata-2.6.1.aar (androidx.lifecycle:lifecycle-livedata:2.6.1) with JetifyTransform
Transforming lifecycle-livedata-2.6.1.aar (androidx.lifecycle:lifecycle-livedata:2.6.1) with AarToClassTransform
Transforming lifecycle-livedata-2.6.1.aar (androidx.lifecycle:lifecycle-livedata:2.6.1) with EnumerateClassesTransform
Transforming lifecycle-runtime-ktx-2.6.1.aar (androidx.lifecycle:lifecycle-runtime-ktx:2.6.1) with JetifyTransform
Transforming lifecycle-runtime-ktx-2.6.1.aar (androidx.lifecycle:lifecycle-runtime-ktx:2.6.1) with AarToClassTransform
Transforming lifecycle-runtime-ktx-2.6.1.aar (androidx.lifecycle:lifecycle-runtime-ktx:2.6.1) with EnumerateClassesTransform
Transforming lifecycle-viewmodel-ktx-2.6.1.aar (androidx.lifecycle:lifecycle-viewmodel-ktx:2.6.1) with JetifyTransform
Transforming lifecycle-viewmodel-ktx-2.6.1.aar (androidx.lifecycle:lifecycle-viewmodel-ktx:2.6.1) with AarToClassTransform
Transforming lifecycle-viewmodel-ktx-2.6.1.aar (androidx.lifecycle:lifecycle-viewmodel-ktx:2.6.1) with EnumerateClassesTransform
Transforming lifecycle-livedata-core-ktx-2.6.1.aar (androidx.lifecycle:lifecycle-livedata-core-ktx:2.6.1) with JetifyTransform
Transforming lifecycle-livedata-core-ktx-2.6.1.aar (androidx.lifecycle:lifecycle-livedata-core-ktx:2.6.1) with AarToClassTransform
Transforming lifecycle-livedata-core-ktx-2.6.1.aar (androidx.lifecycle:lifecycle-livedata-core-ktx:2.6.1) with EnumerateClassesTransform
Transforming lifecycle-common-2.6.1.jar (androidx.lifecycle:lifecycle-common:2.6.1) with JetifyTransform
Transforming lifecycle-common-2.6.1.jar (androidx.lifecycle:lifecycle-common:2.6.1) with IdentityTransform
Transforming lifecycle-common-2.6.1.jar (androidx.lifecycle:lifecycle-common:2.6.1) with EnumerateClassesTransform
Transforming lifecycle-process-2.6.1.aar (androidx.lifecycle:lifecycle-process:2.6.1) with JetifyTransform
Transforming lifecycle-process-2.6.1.aar (androidx.lifecycle:lifecycle-process:2.6.1) with AarToClassTransform
Transforming lifecycle-process-2.6.1.aar (androidx.lifecycle:lifecycle-process:2.6.1) with EnumerateClassesTransform
Transforming lifecycle-livedata-core-2.6.1.aar (androidx.lifecycle:lifecycle-livedata-core:2.6.1) with JetifyTransform
Transforming lifecycle-livedata-core-2.6.1.aar (androidx.lifecycle:lifecycle-livedata-core:2.6.1) with AarToClassTransform
Transforming lifecycle-livedata-core-2.6.1.aar (androidx.lifecycle:lifecycle-livedata-core:2.6.1) with EnumerateClassesTransform
Transforming lifecycle-viewmodel-2.6.1.aar (androidx.lifecycle:lifecycle-viewmodel:2.6.1) with JetifyTransform
Transforming lifecycle-viewmodel-2.6.1.aar (androidx.lifecycle:lifecycle-viewmodel:2.6.1) with AarToClassTransform
Transforming lifecycle-viewmodel-2.6.1.aar (androidx.lifecycle:lifecycle-viewmodel:2.6.1) with EnumerateClassesTransform
Transforming lifecycle-viewmodel-2.6.1.aar (androidx.lifecycle:lifecycle-viewmodel:2.6.1) with JetifyTransform
Transforming lifecycle-viewmodel-2.6.1.aar (androidx.lifecycle:lifecycle-viewmodel:2.6.1) with AarToClassTransform
Transforming lifecycle-viewmodel-2.6.1.aar (androidx.lifecycle:lifecycle-viewmodel:2.6.1) with EnumerateClassesTransform
Transforming lifecycle-runtime-2.6.1.aar (androidx.lifecycle:lifecycle-runtime:2.6.1) with JetifyTransform
Transforming lifecycle-runtime-2.6.1.aar (androidx.lifecycle:lifecycle-runtime:2.6.1) with AarToClassTransform
Transforming lifecycle-runtime-2.6.1.aar (androidx.lifecycle:lifecycle-runtime:2.6.1) with EnumerateClassesTransform
Transforming lifecycle-viewmodel-savedstate-2.6.1.aar (androidx.lifecycle:lifecycle-viewmodel-savedstate:2.6.1) with JetifyTransform
Transforming lifecycle-viewmodel-savedstate-2.6.1.aar (androidx.lifecycle:lifecycle-viewmodel-savedstate:2.6.1) with AarToClassTransform
Transforming lifecycle-viewmodel-savedstate-2.6.1.aar (androidx.lifecycle:lifecycle-viewmodel-savedstate:2.6.1) with EnumerateClassesTransform
Transforming core-ktx-1.9.0.aar (androidx.core:core-ktx:1.9.0) with JetifyTransform
Transforming core-ktx-1.9.0.aar (androidx.core:core-ktx:1.9.0) with AarToClassTransform
Transforming core-ktx-1.9.0.aar (androidx.core:core-ktx:1.9.0) with EnumerateClassesTransform
Transforming viewpager-1.0.0.aar (androidx.viewpager:viewpager:1.0.0) with JetifyTransform
Transforming viewpager-1.0.0.aar (androidx.viewpager:viewpager:1.0.0) with AarToClassTransform
Transforming viewpager-1.0.0.aar (androidx.viewpager:viewpager:1.0.0) with EnumerateClassesTransform
Transforming recyclerview-1.1.0.aar (androidx.recyclerview:recyclerview:1.1.0) with JetifyTransform
Transforming recyclerview-1.1.0.aar (androidx.recyclerview:recyclerview:1.1.0) with AarToClassTransform
Transforming recyclerview-1.1.0.aar (androidx.recyclerview:recyclerview:1.1.0) with EnumerateClassesTransform
Transforming recyclerview-1.1.0.aar (androidx.recyclerview:recyclerview:1.1.0) with JetifyTransform
Transforming recyclerview-1.1.0.aar (androidx.recyclerview:recyclerview:1.1.0) with AarToClassTransform
Transforming recyclerview-1.1.0.aar (androidx.recyclerview:recyclerview:1.1.0) with EnumerateClassesTransform
Transforming customview-1.1.0.aar (androidx.customview:customview:1.1.0) with JetifyTransform
Transforming customview-1.1.0.aar (androidx.customview:customview:1.1.0) with AarToClassTransform
Transforming customview-1.1.0.aar (androidx.customview:customview:1.1.0) with EnumerateClassesTransform
Transforming customview-1.1.0.aar (androidx.customview:customview:1.1.0) with JetifyTransform
Transforming customview-1.1.0.aar (androidx.customview:customview:1.1.0) with AarToClassTransform
Transforming customview-1.1.0.aar (androidx.customview:customview:1.1.0) with EnumerateClassesTransform
Transforming transition-1.4.1.aar (androidx.transition:transition:1.4.1) with JetifyTransform
Transforming transition-1.4.1.aar (androidx.transition:transition:1.4.1) with AarToClassTransform
Transforming transition-1.4.1.aar (androidx.transition:transition:1.4.1) with EnumerateClassesTransform
Transforming window-1.0.0.aar (androidx.window:window:1.0.0) with JetifyTransform
Transforming window-1.0.0.aar (androidx.window:window:1.0.0) with AarToClassTransform
Transforming window-1.0.0.aar (androidx.window:window:1.0.0) with EnumerateClassesTransform
Transforming core-1.9.0.aar (androidx.core:core:1.9.0) with JetifyTransform
Transforming core-1.9.0.aar (androidx.core:core:1.9.0) with AarToClassTransform
Transforming core-1.9.0.aar (androidx.core:core:1.9.0) with EnumerateClassesTransform
Transforming core-1.9.0.aar (androidx.core:core:1.9.0) with JetifyTransform
Transforming core-1.9.0.aar (androidx.core:core:1.9.0) with AarToClassTransform
Transforming core-1.9.0.aar (androidx.core:core:1.9.0) with EnumerateClassesTransform
Transforming cursoradapter-1.0.0.aar (androidx.cursoradapter:cursoradapter:1.0.0) with JetifyTransform
Transforming cursoradapter-1.0.0.aar (androidx.cursoradapter:cursoradapter:1.0.0) with AarToClassTransform
Transforming cursoradapter-1.0.0.aar (androidx.cursoradapter:cursoradapter:1.0.0) with EnumerateClassesTransform
Transforming resourceinspection-annotation-1.0.1.jar (androidx.resourceinspection:resourceinspection-annotation:1.0.1) with JetifyTransform
Transforming resourceinspection-annotation-1.0.1.jar (androidx.resourceinspection:resourceinspection-annotation:1.0.1) with IdentityTransform
Transforming resourceinspection-annotation-1.0.1.jar (androidx.resourceinspection:resourceinspection-annotation:1.0.1) with EnumerateClassesTransform
Transforming cardview-1.0.0.aar (androidx.cardview:cardview:1.0.0) with JetifyTransform
Transforming cardview-1.0.0.aar (androidx.cardview:cardview:1.0.0) with AarToClassTransform
Transforming cardview-1.0.0.aar (androidx.cardview:cardview:1.0.0) with EnumerateClassesTransform
Transforming profileinstaller-1.3.0.aar (androidx.profileinstaller:profileinstaller:1.3.0) with JetifyTransform
Transforming profileinstaller-1.3.0.aar (androidx.profileinstaller:profileinstaller:1.3.0) with AarToClassTransform
Transforming profileinstaller-1.3.0.aar (androidx.profileinstaller:profileinstaller:1.3.0) with EnumerateClassesTransform
Transforming startup-runtime-1.1.1.aar (androidx.startup:startup-runtime:1.1.1) with JetifyTransform
Transforming startup-runtime-1.1.1.aar (androidx.startup:startup-runtime:1.1.1) with AarToClassTransform
Transforming startup-runtime-1.1.1.aar (androidx.startup:startup-runtime:1.1.1) with EnumerateClassesTransform
Transforming tracing-1.0.0.aar (androidx.tracing:tracing:1.0.0) with JetifyTransform
Transforming tracing-1.0.0.aar (androidx.tracing:tracing:1.0.0) with AarToClassTransform
Transforming tracing-1.0.0.aar (androidx.tracing:tracing:1.0.0) with EnumerateClassesTransform
Transforming versionedparcelable-1.1.1.aar (androidx.versionedparcelable:versionedparcelable:1.1.1) with JetifyTransform
Transforming versionedparcelable-1.1.1.aar (androidx.versionedparcelable:versionedparcelable:1.1.1) with AarToClassTransform
Transforming versionedparcelable-1.1.1.aar (androidx.versionedparcelable:versionedparcelable:1.1.1) with EnumerateClassesTransform
Transforming collection-ktx-1.1.0.jar (androidx.collection:collection-ktx:1.1.0) with JetifyTransform
Transforming collection-ktx-1.1.0.jar (androidx.collection:collection-ktx:1.1.0) with IdentityTransform
Transforming collection-ktx-1.1.0.jar (androidx.collection:collection-ktx:1.1.0) with EnumerateClassesTransform
Transforming collection-1.1.0.jar (androidx.collection:collection:1.1.0) with JetifyTransform
Transforming collection-1.1.0.jar (androidx.collection:collection:1.1.0) with IdentityTransform
Transforming collection-1.1.0.jar (androidx.collection:collection:1.1.0) with EnumerateClassesTransform
Transforming core-runtime-2.2.0.aar (androidx.arch.core:core-runtime:2.2.0) with JetifyTransform
Transforming core-runtime-2.2.0.aar (androidx.arch.core:core-runtime:2.2.0) with AarToClassTransform
Transforming core-runtime-2.2.0.aar (androidx.arch.core:core-runtime:2.2.0) with EnumerateClassesTransform
Transforming core-common-2.2.0.jar (androidx.arch.core:core-common:2.2.0) with JetifyTransform
Transforming core-common-2.2.0.jar (androidx.arch.core:core-common:2.2.0) with IdentityTransform
Transforming core-common-2.2.0.jar (androidx.arch.core:core-common:2.2.0) with EnumerateClassesTransform
Transforming concurrent-futures-1.1.0.jar (androidx.concurrent:concurrent-futures:1.1.0) with JetifyTransform
Transforming concurrent-futures-1.1.0.jar (androidx.concurrent:concurrent-futures:1.1.0) with IdentityTransform
Transforming concurrent-futures-1.1.0.jar (androidx.concurrent:concurrent-futures:1.1.0) with EnumerateClassesTransform
Transforming interpolator-1.0.0.aar (androidx.interpolator:interpolator:1.0.0) with JetifyTransform
Transforming interpolator-1.0.0.aar (androidx.interpolator:interpolator:1.0.0) with AarToClassTransform
Transforming interpolator-1.0.0.aar (androidx.interpolator:interpolator:1.0.0) with EnumerateClassesTransform
Transforming documentfile-1.0.0.aar (androidx.documentfile:documentfile:1.0.0) with JetifyTransform
Transforming documentfile-1.0.0.aar (androidx.documentfile:documentfile:1.0.0) with AarToClassTransform
Transforming documentfile-1.0.0.aar (androidx.documentfile:documentfile:1.0.0) with EnumerateClassesTransform
Transforming localbroadcastmanager-1.0.0.aar (androidx.localbroadcastmanager:localbroadcastmanager:1.0.0) with JetifyTransform
Transforming localbroadcastmanager-1.0.0.aar (androidx.localbroadcastmanager:localbroadcastmanager:1.0.0) with AarToClassTransform
Transforming localbroadcastmanager-1.0.0.aar (androidx.localbroadcastmanager:localbroadcastmanager:1.0.0) with EnumerateClassesTransform
Transforming print-1.0.0.aar (androidx.print:print:1.0.0) with JetifyTransform
Transforming print-1.0.0.aar (androidx.print:print:1.0.0) with AarToClassTransform
Transforming print-1.0.0.aar (androidx.print:print:1.0.0) with EnumerateClassesTransform
Transforming annotation-1.3.0.jar (androidx.annotation:annotation:1.3.0) with JetifyTransform
Transforming annotation-1.3.0.jar (androidx.annotation:annotation:1.3.0) with IdentityTransform
Transforming annotation-1.3.0.jar (androidx.annotation:annotation:1.3.0) with EnumerateClassesTransform
Transforming annotation-experimental-1.3.0.aar (androidx.annotation:annotation-experimental:1.3.0) with JetifyTransform
Transforming annotation-experimental-1.3.0.aar (androidx.annotation:annotation-experimental:1.3.0) with AarToClassTransform
Transforming annotation-experimental-1.3.0.aar (androidx.annotation:annotation-experimental:1.3.0) with EnumerateClassesTransform
Transforming kotlinx-coroutines-core-jvm-1.6.4.jar (org.jetbrains.kotlinx:kotlinx-coroutines-core-jvm:1.6.4) with JetifyTransform
Transforming kotlinx-coroutines-core-jvm-1.6.4.jar (org.jetbrains.kotlinx:kotlinx-coroutines-core-jvm:1.6.4) with IdentityTransform
Transforming kotlinx-coroutines-core-jvm-1.6.4.jar (org.jetbrains.kotlinx:kotlinx-coroutines-core-jvm:1.6.4) with EnumerateClassesTransform
Transforming kotlinx-coroutines-android-1.6.4.jar (org.jetbrains.kotlinx:kotlinx-coroutines-android:1.6.4) with JetifyTransform
Transforming kotlinx-coroutines-android-1.6.4.jar (org.jetbrains.kotlinx:kotlinx-coroutines-android:1.6.4) with IdentityTransform
Transforming kotlinx-coroutines-android-1.6.4.jar (org.jetbrains.kotlinx:kotlinx-coroutines-android:1.6.4) with EnumerateClassesTransform
Transforming kotlin-stdlib-jdk8-1.8.22.jar (org.jetbrains.kotlin:kotlin-stdlib-jdk8:1.8.22) with JetifyTransform
Transforming kotlin-stdlib-jdk8-1.8.22.jar (org.jetbrains.kotlin:kotlin-stdlib-jdk8:1.8.22) with IdentityTransform
Transforming kotlin-stdlib-jdk8-1.8.22.jar (org.jetbrains.kotlin:kotlin-stdlib-jdk8:1.8.22) with EnumerateClassesTransform
Transforming kotlin-stdlib-jdk7-1.8.22.jar (org.jetbrains.kotlin:kotlin-stdlib-jdk7:1.8.22) with JetifyTransform
Transforming kotlin-stdlib-jdk7-1.8.22.jar (org.jetbrains.kotlin:kotlin-stdlib-jdk7:1.8.22) with IdentityTransform
Transforming kotlin-stdlib-jdk7-1.8.22.jar (org.jetbrains.kotlin:kotlin-stdlib-jdk7:1.8.22) with EnumerateClassesTransform
Transforming kotlin-stdlib-1.8.22.jar (org.jetbrains.kotlin:kotlin-stdlib:1.8.22) with JetifyTransform
Transforming kotlin-stdlib-1.8.22.jar (org.jetbrains.kotlin:kotlin-stdlib:1.8.22) with IdentityTransform
Transforming kotlin-stdlib-1.8.22.jar (org.jetbrains.kotlin:kotlin-stdlib:1.8.22) with EnumerateClassesTransform
Transforming error_prone_annotations-2.15.0.jar (com.google.errorprone:error_prone_annotations:2.15.0) with JetifyTransform
Transforming error_prone_annotations-2.15.0.jar (com.google.errorprone:error_prone_annotations:2.15.0) with IdentityTransform
Transforming error_prone_annotations-2.15.0.jar (com.google.errorprone:error_prone_annotations:2.15.0) with EnumerateClassesTransform
Transforming constraintlayout-core-1.0.4.jar (androidx.constraintlayout:constraintlayout-core:1.0.4) with JetifyTransform
Transforming constraintlayout-core-1.0.4.jar (androidx.constraintlayout:constraintlayout-core:1.0.4) with IdentityTransform
Transforming constraintlayout-core-1.0.4.jar (androidx.constraintlayout:constraintlayout-core:1.0.4) with EnumerateClassesTransform
Transforming kotlin-stdlib-common-1.8.22.jar (org.jetbrains.kotlin:kotlin-stdlib-common:1.8.22) with JetifyTransform
Transforming kotlin-stdlib-common-1.8.22.jar (org.jetbrains.kotlin:kotlin-stdlib-common:1.8.22) with IdentityTransform
Transforming kotlin-stdlib-common-1.8.22.jar (org.jetbrains.kotlin:kotlin-stdlib-common:1.8.22) with EnumerateClassesTransform
Transforming annotations-13.0.jar (org.jetbrains:annotations:13.0) with JetifyTransform
Transforming annotations-13.0.jar (org.jetbrains:annotations:13.0) with IdentityTransform
Transforming annotations-13.0.jar (org.jetbrains:annotations:13.0) with EnumerateClassesTransform
Transforming listenablefuture-1.0.jar (com.google.guava:listenablefuture:1.0) with JetifyTransform
Transforming listenablefuture-1.0.jar (com.google.guava:listenablefuture:1.0) with IdentityTransform
Transforming listenablefuture-1.0.jar (com.google.guava:listenablefuture:1.0) with EnumerateClassesTransform
Caching disabled for task ':app:checkDebugDuplicateClasses' because:
  Caching has been disabled for the task
Skipping task ':app:checkDebugDuplicateClasses' as it is up-to-date.
Resolve mutations for :app:desugarDebugFileDependencies (Thread[#319,Execution worker,5,main]) started.
:app:desugarDebugFileDependencies (Thread[#319,Execution worker,5,main]) started.

> Task :app:desugarDebugFileDependencies UP-TO-DATE
Build cache key for task ':app:desugarDebugFileDependencies' is 61a7a401eeef7055e66afeb89cef9873
Skipping task ':app:desugarDebugFileDependencies' as it is up-to-date.
Resolve mutations for :app:mergeExtDexDebug (Thread[#319,Execution worker,5,main]) started.
:app:mergeExtDexDebug (Thread[#319,Execution worker,5,main]) started.

> Task :app:mergeExtDexDebug UP-TO-DATE
Transforming material-1.10.0.aar (com.google.android.material:material:1.10.0) with JetifyTransform
Transforming material-1.10.0.aar (com.google.android.material:material:1.10.0) with AarToClassTransform
Transforming material-1.10.0.aar (com.google.android.material:material:1.10.0) with IdentityTransform
Transforming material-1.10.0.aar (com.google.android.material:material:1.10.0) with DexingNoClasspathTransform
Transforming constraintlayout-2.1.4.aar (androidx.constraintlayout:constraintlayout:2.1.4) with JetifyTransform
Transforming constraintlayout-2.1.4.aar (androidx.constraintlayout:constraintlayout:2.1.4) with AarToClassTransform
Transforming constraintlayout-2.1.4.aar (androidx.constraintlayout:constraintlayout:2.1.4) with IdentityTransform
Transforming constraintlayout-2.1.4.aar (androidx.constraintlayout:constraintlayout:2.1.4) with DexingNoClasspathTransform
Transforming preference-1.2.1.aar (androidx.preference:preference:1.2.1) with JetifyTransform
Transforming preference-1.2.1.aar (androidx.preference:preference:1.2.1) with AarToClassTransform
Transforming preference-1.2.1.aar (androidx.preference:preference:1.2.1) with IdentityTransform
Transforming preference-1.2.1.aar (androidx.preference:preference:1.2.1) with DexingNoClasspathTransform
Transforming appcompat-resources-1.6.1.aar (androidx.appcompat:appcompat-resources:1.6.1) with JetifyTransform
Transforming appcompat-resources-1.6.1.aar (androidx.appcompat:appcompat-resources:1.6.1) with AarToClassTransform
Transforming appcompat-resources-1.6.1.aar (androidx.appcompat:appcompat-resources:1.6.1) with IdentityTransform
Transforming appcompat-resources-1.6.1.aar (androidx.appcompat:appcompat-resources:1.6.1) with DexingNoClasspathTransform
Transforming appcompat-1.6.1.aar (androidx.appcompat:appcompat:1.6.1) with JetifyTransform
Transforming appcompat-1.6.1.aar (androidx.appcompat:appcompat:1.6.1) with AarToClassTransform
Transforming appcompat-1.6.1.aar (androidx.appcompat:appcompat:1.6.1) with IdentityTransform
Transforming appcompat-1.6.1.aar (androidx.appcompat:appcompat:1.6.1) with DexingNoClasspathTransform
Transforming viewpager2-1.0.0.aar (androidx.viewpager2:viewpager2:1.0.0) with JetifyTransform
Transforming viewpager2-1.0.0.aar (androidx.viewpager2:viewpager2:1.0.0) with AarToClassTransform
Transforming viewpager2-1.0.0.aar (androidx.viewpager2:viewpager2:1.0.0) with IdentityTransform
Transforming viewpager2-1.0.0.aar (androidx.viewpager2:viewpager2:1.0.0) with DexingNoClasspathTransform
Transforming fragment-ktx-1.3.6.aar (androidx.fragment:fragment-ktx:1.3.6) with JetifyTransform
Transforming fragment-ktx-1.3.6.aar (androidx.fragment:fragment-ktx:1.3.6) with AarToClassTransform
Transforming fragment-ktx-1.3.6.aar (androidx.fragment:fragment-ktx:1.3.6) with IdentityTransform
Transforming fragment-ktx-1.3.6.aar (androidx.fragment:fragment-ktx:1.3.6) with DexingNoClasspathTransform
Transforming fragment-1.3.6.aar (androidx.fragment:fragment:1.3.6) with JetifyTransform
Transforming fragment-1.3.6.aar (androidx.fragment:fragment:1.3.6) with AarToClassTransform
Transforming fragment-1.3.6.aar (androidx.fragment:fragment:1.3.6) with IdentityTransform
Transforming fragment-1.3.6.aar (androidx.fragment:fragment:1.3.6) with DexingNoClasspathTransform
Transforming fragment-1.3.6.aar (androidx.fragment:fragment:1.3.6) with JetifyTransform
Transforming fragment-1.3.6.aar (androidx.fragment:fragment:1.3.6) with AarToClassTransform
Transforming fragment-1.3.6.aar (androidx.fragment:fragment:1.3.6) with IdentityTransform
Transforming fragment-1.3.6.aar (androidx.fragment:fragment:1.3.6) with DexingNoClasspathTransform
Transforming activity-ktx-1.8.0.aar (androidx.activity:activity-ktx:1.8.0) with JetifyTransform
Transforming activity-ktx-1.8.0.aar (androidx.activity:activity-ktx:1.8.0) with AarToClassTransform
Transforming activity-ktx-1.8.0.aar (androidx.activity:activity-ktx:1.8.0) with IdentityTransform
Transforming activity-ktx-1.8.0.aar (androidx.activity:activity-ktx:1.8.0) with DexingNoClasspathTransform
Transforming activity-1.8.0.aar (androidx.activity:activity:1.8.0) with JetifyTransform
Transforming activity-1.8.0.aar (androidx.activity:activity:1.8.0) with AarToClassTransform
Transforming activity-1.8.0.aar (androidx.activity:activity:1.8.0) with IdentityTransform
Transforming activity-1.8.0.aar (androidx.activity:activity:1.8.0) with DexingNoClasspathTransform
Transforming emoji2-views-helper-1.2.0.aar (androidx.emoji2:emoji2-views-helper:1.2.0) with JetifyTransform
Transforming emoji2-views-helper-1.2.0.aar (androidx.emoji2:emoji2-views-helper:1.2.0) with AarToClassTransform
Transforming emoji2-views-helper-1.2.0.aar (androidx.emoji2:emoji2-views-helper:1.2.0) with IdentityTransform
Transforming emoji2-views-helper-1.2.0.aar (androidx.emoji2:emoji2-views-helper:1.2.0) with DexingNoClasspathTransform
Transforming emoji2-1.2.0.aar (androidx.emoji2:emoji2:1.2.0) with JetifyTransform
Transforming emoji2-1.2.0.aar (androidx.emoji2:emoji2:1.2.0) with AarToClassTransform
Transforming emoji2-1.2.0.aar (androidx.emoji2:emoji2:1.2.0) with IdentityTransform
Transforming emoji2-1.2.0.aar (androidx.emoji2:emoji2:1.2.0) with DexingNoClasspathTransform
Transforming drawerlayout-1.1.1.aar (androidx.drawerlayout:drawerlayout:1.1.1) with JetifyTransform
Transforming drawerlayout-1.1.1.aar (androidx.drawerlayout:drawerlayout:1.1.1) with AarToClassTransform
Transforming drawerlayout-1.1.1.aar (androidx.drawerlayout:drawerlayout:1.1.1) with IdentityTransform
Transforming drawerlayout-1.1.1.aar (androidx.drawerlayout:drawerlayout:1.1.1) with DexingNoClasspathTransform
Transforming coordinatorlayout-1.1.0.aar (androidx.coordinatorlayout:coordinatorlayout:1.1.0) with JetifyTransform
Transforming coordinatorlayout-1.1.0.aar (androidx.coordinatorlayout:coordinatorlayout:1.1.0) with AarToClassTransform
Transforming coordinatorlayout-1.1.0.aar (androidx.coordinatorlayout:coordinatorlayout:1.1.0) with IdentityTransform
Transforming coordinatorlayout-1.1.0.aar (androidx.coordinatorlayout:coordinatorlayout:1.1.0) with DexingNoClasspathTransform
Transforming dynamicanimation-1.0.0.aar (androidx.dynamicanimation:dynamicanimation:1.0.0) with JetifyTransform
Transforming dynamicanimation-1.0.0.aar (androidx.dynamicanimation:dynamicanimation:1.0.0) with AarToClassTransform
Transforming dynamicanimation-1.0.0.aar (androidx.dynamicanimation:dynamicanimation:1.0.0) with IdentityTransform
Transforming dynamicanimation-1.0.0.aar (androidx.dynamicanimation:dynamicanimation:1.0.0) with DexingNoClasspathTransform
Transforming vectordrawable-animated-1.1.0.aar (androidx.vectordrawable:vectordrawable-animated:1.1.0) with JetifyTransform
Transforming vectordrawable-animated-1.1.0.aar (androidx.vectordrawable:vectordrawable-animated:1.1.0) with AarToClassTransform
Transforming vectordrawable-animated-1.1.0.aar (androidx.vectordrawable:vectordrawable-animated:1.1.0) with IdentityTransform
Transforming vectordrawable-animated-1.1.0.aar (androidx.vectordrawable:vectordrawable-animated:1.1.0) with DexingNoClasspathTransform
Transforming vectordrawable-1.1.0.aar (androidx.vectordrawable:vectordrawable:1.1.0) with JetifyTransform
Transforming vectordrawable-1.1.0.aar (androidx.vectordrawable:vectordrawable:1.1.0) with AarToClassTransform
Transforming vectordrawable-1.1.0.aar (androidx.vectordrawable:vectordrawable:1.1.0) with IdentityTransform
Transforming vectordrawable-1.1.0.aar (androidx.vectordrawable:vectordrawable:1.1.0) with DexingNoClasspathTransform
Transforming vectordrawable-1.1.0.aar (androidx.vectordrawable:vectordrawable:1.1.0) with JetifyTransform
Transforming vectordrawable-1.1.0.aar (androidx.vectordrawable:vectordrawable:1.1.0) with AarToClassTransform
Transforming vectordrawable-1.1.0.aar (androidx.vectordrawable:vectordrawable:1.1.0) with IdentityTransform
Transforming vectordrawable-1.1.0.aar (androidx.vectordrawable:vectordrawable:1.1.0) with DexingNoClasspathTransform
Transforming slidingpanelayout-1.2.0.aar (androidx.slidingpanelayout:slidingpanelayout:1.2.0) with JetifyTransform
Transforming slidingpanelayout-1.2.0.aar (androidx.slidingpanelayout:slidingpanelayout:1.2.0) with AarToClassTransform
Transforming slidingpanelayout-1.2.0.aar (androidx.slidingpanelayout:slidingpanelayout:1.2.0) with IdentityTransform
Transforming slidingpanelayout-1.2.0.aar (androidx.slidingpanelayout:slidingpanelayout:1.2.0) with DexingNoClasspathTransform
Transforming legacy-support-core-utils-1.0.0.aar (androidx.legacy:legacy-support-core-utils:1.0.0) with JetifyTransform
Transforming legacy-support-core-utils-1.0.0.aar (androidx.legacy:legacy-support-core-utils:1.0.0) with AarToClassTransform
Transforming legacy-support-core-utils-1.0.0.aar (androidx.legacy:legacy-support-core-utils:1.0.0) with IdentityTransform
Transforming legacy-support-core-utils-1.0.0.aar (androidx.legacy:legacy-support-core-utils:1.0.0) with DexingNoClasspathTransform
Transforming loader-1.0.0.aar (androidx.loader:loader:1.0.0) with JetifyTransform
Transforming loader-1.0.0.aar (androidx.loader:loader:1.0.0) with AarToClassTransform
Transforming loader-1.0.0.aar (androidx.loader:loader:1.0.0) with IdentityTransform
Transforming loader-1.0.0.aar (androidx.loader:loader:1.0.0) with DexingNoClasspathTransform
Transforming loader-1.0.0.aar (androidx.loader:loader:1.0.0) with JetifyTransform
Transforming loader-1.0.0.aar (androidx.loader:loader:1.0.0) with AarToClassTransform
Transforming loader-1.0.0.aar (androidx.loader:loader:1.0.0) with IdentityTransform
Transforming loader-1.0.0.aar (androidx.loader:loader:1.0.0) with DexingNoClasspathTransform
Transforming savedstate-ktx-1.2.1.aar (androidx.savedstate:savedstate-ktx:1.2.1) with JetifyTransform
Transforming savedstate-ktx-1.2.1.aar (androidx.savedstate:savedstate-ktx:1.2.1) with AarToClassTransform
Transforming savedstate-ktx-1.2.1.aar (androidx.savedstate:savedstate-ktx:1.2.1) with IdentityTransform
Transforming savedstate-ktx-1.2.1.aar (androidx.savedstate:savedstate-ktx:1.2.1) with DexingNoClasspathTransform
Transforming savedstate-1.2.1.aar (androidx.savedstate:savedstate:1.2.1) with JetifyTransform
Transforming savedstate-1.2.1.aar (androidx.savedstate:savedstate:1.2.1) with AarToClassTransform
Transforming savedstate-1.2.1.aar (androidx.savedstate:savedstate:1.2.1) with IdentityTransform
Transforming savedstate-1.2.1.aar (androidx.savedstate:savedstate:1.2.1) with DexingNoClasspathTransform
Transforming lifecycle-livedata-2.6.1.aar (androidx.lifecycle:lifecycle-livedata:2.6.1) with JetifyTransform
Transforming lifecycle-livedata-2.6.1.aar (androidx.lifecycle:lifecycle-livedata:2.6.1) with AarToClassTransform
Transforming lifecycle-livedata-2.6.1.aar (androidx.lifecycle:lifecycle-livedata:2.6.1) with IdentityTransform
Transforming lifecycle-livedata-2.6.1.aar (androidx.lifecycle:lifecycle-livedata:2.6.1) with DexingNoClasspathTransform
Transforming lifecycle-runtime-ktx-2.6.1.aar (androidx.lifecycle:lifecycle-runtime-ktx:2.6.1) with JetifyTransform
Transforming lifecycle-runtime-ktx-2.6.1.aar (androidx.lifecycle:lifecycle-runtime-ktx:2.6.1) with AarToClassTransform
Transforming lifecycle-runtime-ktx-2.6.1.aar (androidx.lifecycle:lifecycle-runtime-ktx:2.6.1) with IdentityTransform
Transforming lifecycle-runtime-ktx-2.6.1.aar (androidx.lifecycle:lifecycle-runtime-ktx:2.6.1) with DexingNoClasspathTransform
Transforming lifecycle-viewmodel-ktx-2.6.1.aar (androidx.lifecycle:lifecycle-viewmodel-ktx:2.6.1) with JetifyTransform
Transforming lifecycle-viewmodel-ktx-2.6.1.aar (androidx.lifecycle:lifecycle-viewmodel-ktx:2.6.1) with AarToClassTransform
Transforming lifecycle-viewmodel-ktx-2.6.1.aar (androidx.lifecycle:lifecycle-viewmodel-ktx:2.6.1) with IdentityTransform
Transforming lifecycle-viewmodel-ktx-2.6.1.aar (androidx.lifecycle:lifecycle-viewmodel-ktx:2.6.1) with DexingNoClasspathTransform
Transforming lifecycle-livedata-core-ktx-2.6.1.aar (androidx.lifecycle:lifecycle-livedata-core-ktx:2.6.1) with JetifyTransform
Transforming lifecycle-livedata-core-ktx-2.6.1.aar (androidx.lifecycle:lifecycle-livedata-core-ktx:2.6.1) with AarToClassTransform
Transforming lifecycle-livedata-core-ktx-2.6.1.aar (androidx.lifecycle:lifecycle-livedata-core-ktx:2.6.1) with IdentityTransform
Transforming lifecycle-livedata-core-ktx-2.6.1.aar (androidx.lifecycle:lifecycle-livedata-core-ktx:2.6.1) with DexingNoClasspathTransform
Transforming lifecycle-common-2.6.1.jar (androidx.lifecycle:lifecycle-common:2.6.1) with JetifyTransform
Transforming lifecycle-common-2.6.1.jar (androidx.lifecycle:lifecycle-common:2.6.1) with IdentityTransform
Transforming lifecycle-common-2.6.1.jar (androidx.lifecycle:lifecycle-common:2.6.1) with IdentityTransform
Transforming lifecycle-common-2.6.1.jar (androidx.lifecycle:lifecycle-common:2.6.1) with DexingNoClasspathTransform
Transforming lifecycle-process-2.6.1.aar (androidx.lifecycle:lifecycle-process:2.6.1) with JetifyTransform
Transforming lifecycle-process-2.6.1.aar (androidx.lifecycle:lifecycle-process:2.6.1) with AarToClassTransform
Transforming lifecycle-process-2.6.1.aar (androidx.lifecycle:lifecycle-process:2.6.1) with IdentityTransform
Transforming lifecycle-process-2.6.1.aar (androidx.lifecycle:lifecycle-process:2.6.1) with DexingNoClasspathTransform
Transforming lifecycle-livedata-core-2.6.1.aar (androidx.lifecycle:lifecycle-livedata-core:2.6.1) with JetifyTransform
Transforming lifecycle-livedata-core-2.6.1.aar (androidx.lifecycle:lifecycle-livedata-core:2.6.1) with AarToClassTransform
Transforming lifecycle-livedata-core-2.6.1.aar (androidx.lifecycle:lifecycle-livedata-core:2.6.1) with IdentityTransform
Transforming lifecycle-livedata-core-2.6.1.aar (androidx.lifecycle:lifecycle-livedata-core:2.6.1) with DexingNoClasspathTransform
Transforming lifecycle-viewmodel-2.6.1.aar (androidx.lifecycle:lifecycle-viewmodel:2.6.1) with JetifyTransform
Transforming lifecycle-viewmodel-2.6.1.aar (androidx.lifecycle:lifecycle-viewmodel:2.6.1) with AarToClassTransform
Transforming lifecycle-viewmodel-2.6.1.aar (androidx.lifecycle:lifecycle-viewmodel:2.6.1) with IdentityTransform
Transforming lifecycle-viewmodel-2.6.1.aar (androidx.lifecycle:lifecycle-viewmodel:2.6.1) with DexingNoClasspathTransform
Transforming lifecycle-viewmodel-2.6.1.aar (androidx.lifecycle:lifecycle-viewmodel:2.6.1) with JetifyTransform
Transforming lifecycle-viewmodel-2.6.1.aar (androidx.lifecycle:lifecycle-viewmodel:2.6.1) with AarToClassTransform
Transforming lifecycle-viewmodel-2.6.1.aar (androidx.lifecycle:lifecycle-viewmodel:2.6.1) with IdentityTransform
Transforming lifecycle-viewmodel-2.6.1.aar (androidx.lifecycle:lifecycle-viewmodel:2.6.1) with DexingNoClasspathTransform
Transforming lifecycle-runtime-2.6.1.aar (androidx.lifecycle:lifecycle-runtime:2.6.1) with JetifyTransform
Transforming lifecycle-runtime-2.6.1.aar (androidx.lifecycle:lifecycle-runtime:2.6.1) with AarToClassTransform
Transforming lifecycle-runtime-2.6.1.aar (androidx.lifecycle:lifecycle-runtime:2.6.1) with IdentityTransform
Transforming lifecycle-runtime-2.6.1.aar (androidx.lifecycle:lifecycle-runtime:2.6.1) with DexingNoClasspathTransform
Transforming lifecycle-viewmodel-savedstate-2.6.1.aar (androidx.lifecycle:lifecycle-viewmodel-savedstate:2.6.1) with JetifyTransform
Transforming lifecycle-viewmodel-savedstate-2.6.1.aar (androidx.lifecycle:lifecycle-viewmodel-savedstate:2.6.1) with AarToClassTransform
Transforming lifecycle-viewmodel-savedstate-2.6.1.aar (androidx.lifecycle:lifecycle-viewmodel-savedstate:2.6.1) with IdentityTransform
Transforming lifecycle-viewmodel-savedstate-2.6.1.aar (androidx.lifecycle:lifecycle-viewmodel-savedstate:2.6.1) with DexingNoClasspathTransform
Transforming core-ktx-1.9.0.aar (androidx.core:core-ktx:1.9.0) with JetifyTransform
Transforming core-ktx-1.9.0.aar (androidx.core:core-ktx:1.9.0) with AarToClassTransform
Transforming core-ktx-1.9.0.aar (androidx.core:core-ktx:1.9.0) with IdentityTransform
Transforming core-ktx-1.9.0.aar (androidx.core:core-ktx:1.9.0) with DexingNoClasspathTransform
Transforming viewpager-1.0.0.aar (androidx.viewpager:viewpager:1.0.0) with JetifyTransform
Transforming viewpager-1.0.0.aar (androidx.viewpager:viewpager:1.0.0) with AarToClassTransform
Transforming viewpager-1.0.0.aar (androidx.viewpager:viewpager:1.0.0) with IdentityTransform
Transforming viewpager-1.0.0.aar (androidx.viewpager:viewpager:1.0.0) with DexingNoClasspathTransform
Transforming recyclerview-1.1.0.aar (androidx.recyclerview:recyclerview:1.1.0) with JetifyTransform
Transforming recyclerview-1.1.0.aar (androidx.recyclerview:recyclerview:1.1.0) with AarToClassTransform
Transforming recyclerview-1.1.0.aar (androidx.recyclerview:recyclerview:1.1.0) with IdentityTransform
Transforming recyclerview-1.1.0.aar (androidx.recyclerview:recyclerview:1.1.0) with DexingNoClasspathTransform
Transforming recyclerview-1.1.0.aar (androidx.recyclerview:recyclerview:1.1.0) with JetifyTransform
Transforming recyclerview-1.1.0.aar (androidx.recyclerview:recyclerview:1.1.0) with AarToClassTransform
Transforming recyclerview-1.1.0.aar (androidx.recyclerview:recyclerview:1.1.0) with IdentityTransform
Transforming recyclerview-1.1.0.aar (androidx.recyclerview:recyclerview:1.1.0) with DexingNoClasspathTransform
Transforming customview-1.1.0.aar (androidx.customview:customview:1.1.0) with JetifyTransform
Transforming customview-1.1.0.aar (androidx.customview:customview:1.1.0) with AarToClassTransform
Transforming customview-1.1.0.aar (androidx.customview:customview:1.1.0) with IdentityTransform
Transforming customview-1.1.0.aar (androidx.customview:customview:1.1.0) with DexingNoClasspathTransform
Transforming customview-1.1.0.aar (androidx.customview:customview:1.1.0) with JetifyTransform
Transforming customview-1.1.0.aar (androidx.customview:customview:1.1.0) with AarToClassTransform
Transforming customview-1.1.0.aar (androidx.customview:customview:1.1.0) with IdentityTransform
Transforming customview-1.1.0.aar (androidx.customview:customview:1.1.0) with DexingNoClasspathTransform
Transforming transition-1.4.1.aar (androidx.transition:transition:1.4.1) with JetifyTransform
Transforming transition-1.4.1.aar (androidx.transition:transition:1.4.1) with AarToClassTransform
Transforming transition-1.4.1.aar (androidx.transition:transition:1.4.1) with IdentityTransform
Transforming transition-1.4.1.aar (androidx.transition:transition:1.4.1) with DexingNoClasspathTransform
Transforming window-1.0.0.aar (androidx.window:window:1.0.0) with JetifyTransform
Transforming window-1.0.0.aar (androidx.window:window:1.0.0) with AarToClassTransform
Transforming window-1.0.0.aar (androidx.window:window:1.0.0) with IdentityTransform
Transforming window-1.0.0.aar (androidx.window:window:1.0.0) with DexingNoClasspathTransform
Transforming core-1.9.0.aar (androidx.core:core:1.9.0) with JetifyTransform
Transforming core-1.9.0.aar (androidx.core:core:1.9.0) with AarToClassTransform
Transforming core-1.9.0.aar (androidx.core:core:1.9.0) with IdentityTransform
Transforming core-1.9.0.aar (androidx.core:core:1.9.0) with DexingNoClasspathTransform
Transforming core-1.9.0.aar (androidx.core:core:1.9.0) with JetifyTransform
Transforming core-1.9.0.aar (androidx.core:core:1.9.0) with AarToClassTransform
Transforming core-1.9.0.aar (androidx.core:core:1.9.0) with IdentityTransform
Transforming core-1.9.0.aar (androidx.core:core:1.9.0) with DexingNoClasspathTransform
Transforming cursoradapter-1.0.0.aar (androidx.cursoradapter:cursoradapter:1.0.0) with JetifyTransform
Transforming cursoradapter-1.0.0.aar (androidx.cursoradapter:cursoradapter:1.0.0) with AarToClassTransform
Transforming cursoradapter-1.0.0.aar (androidx.cursoradapter:cursoradapter:1.0.0) with IdentityTransform
Transforming cursoradapter-1.0.0.aar (androidx.cursoradapter:cursoradapter:1.0.0) with DexingNoClasspathTransform
Transforming resourceinspection-annotation-1.0.1.jar (androidx.resourceinspection:resourceinspection-annotation:1.0.1) with JetifyTransform
Transforming resourceinspection-annotation-1.0.1.jar (androidx.resourceinspection:resourceinspection-annotation:1.0.1) with IdentityTransform
Transforming resourceinspection-annotation-1.0.1.jar (androidx.resourceinspection:resourceinspection-annotation:1.0.1) with IdentityTransform
Transforming resourceinspection-annotation-1.0.1.jar (androidx.resourceinspection:resourceinspection-annotation:1.0.1) with DexingNoClasspathTransform
Transforming cardview-1.0.0.aar (androidx.cardview:cardview:1.0.0) with JetifyTransform
Transforming cardview-1.0.0.aar (androidx.cardview:cardview:1.0.0) with AarToClassTransform
Transforming cardview-1.0.0.aar (androidx.cardview:cardview:1.0.0) with IdentityTransform
Transforming cardview-1.0.0.aar (androidx.cardview:cardview:1.0.0) with DexingNoClasspathTransform
Transforming profileinstaller-1.3.0.aar (androidx.profileinstaller:profileinstaller:1.3.0) with JetifyTransform
Transforming profileinstaller-1.3.0.aar (androidx.profileinstaller:profileinstaller:1.3.0) with AarToClassTransform
Transforming profileinstaller-1.3.0.aar (androidx.profileinstaller:profileinstaller:1.3.0) with IdentityTransform
Transforming profileinstaller-1.3.0.aar (androidx.profileinstaller:profileinstaller:1.3.0) with DexingNoClasspathTransform
Transforming startup-runtime-1.1.1.aar (androidx.startup:startup-runtime:1.1.1) with JetifyTransform
Transforming startup-runtime-1.1.1.aar (androidx.startup:startup-runtime:1.1.1) with AarToClassTransform
Transforming startup-runtime-1.1.1.aar (androidx.startup:startup-runtime:1.1.1) with IdentityTransform
Transforming startup-runtime-1.1.1.aar (androidx.startup:startup-runtime:1.1.1) with DexingNoClasspathTransform
Transforming tracing-1.0.0.aar (androidx.tracing:tracing:1.0.0) with JetifyTransform
Transforming tracing-1.0.0.aar (androidx.tracing:tracing:1.0.0) with AarToClassTransform
Transforming tracing-1.0.0.aar (androidx.tracing:tracing:1.0.0) with IdentityTransform
Transforming tracing-1.0.0.aar (androidx.tracing:tracing:1.0.0) with DexingNoClasspathTransform
Transforming versionedparcelable-1.1.1.aar (androidx.versionedparcelable:versionedparcelable:1.1.1) with JetifyTransform
Transforming versionedparcelable-1.1.1.aar (androidx.versionedparcelable:versionedparcelable:1.1.1) with AarToClassTransform
Transforming versionedparcelable-1.1.1.aar (androidx.versionedparcelable:versionedparcelable:1.1.1) with IdentityTransform
Transforming versionedparcelable-1.1.1.aar (androidx.versionedparcelable:versionedparcelable:1.1.1) with DexingNoClasspathTransform
Transforming collection-ktx-1.1.0.jar (androidx.collection:collection-ktx:1.1.0) with JetifyTransform
Transforming collection-ktx-1.1.0.jar (androidx.collection:collection-ktx:1.1.0) with IdentityTransform
Transforming collection-ktx-1.1.0.jar (androidx.collection:collection-ktx:1.1.0) with IdentityTransform
Transforming collection-ktx-1.1.0.jar (androidx.collection:collection-ktx:1.1.0) with DexingNoClasspathTransform
Transforming collection-1.1.0.jar (androidx.collection:collection:1.1.0) with JetifyTransform
Transforming collection-1.1.0.jar (androidx.collection:collection:1.1.0) with IdentityTransform
Transforming collection-1.1.0.jar (androidx.collection:collection:1.1.0) with IdentityTransform
Transforming collection-1.1.0.jar (androidx.collection:collection:1.1.0) with DexingNoClasspathTransform
Transforming core-runtime-2.2.0.aar (androidx.arch.core:core-runtime:2.2.0) with JetifyTransform
Transforming core-runtime-2.2.0.aar (androidx.arch.core:core-runtime:2.2.0) with AarToClassTransform
Transforming core-runtime-2.2.0.aar (androidx.arch.core:core-runtime:2.2.0) with IdentityTransform
Transforming core-runtime-2.2.0.aar (androidx.arch.core:core-runtime:2.2.0) with DexingNoClasspathTransform
Transforming core-common-2.2.0.jar (androidx.arch.core:core-common:2.2.0) with JetifyTransform
Transforming core-common-2.2.0.jar (androidx.arch.core:core-common:2.2.0) with IdentityTransform
Transforming core-common-2.2.0.jar (androidx.arch.core:core-common:2.2.0) with IdentityTransform
Transforming core-common-2.2.0.jar (androidx.arch.core:core-common:2.2.0) with DexingNoClasspathTransform
Transforming concurrent-futures-1.1.0.jar (androidx.concurrent:concurrent-futures:1.1.0) with JetifyTransform
Transforming concurrent-futures-1.1.0.jar (androidx.concurrent:concurrent-futures:1.1.0) with IdentityTransform
Transforming concurrent-futures-1.1.0.jar (androidx.concurrent:concurrent-futures:1.1.0) with IdentityTransform
Transforming concurrent-futures-1.1.0.jar (androidx.concurrent:concurrent-futures:1.1.0) with DexingNoClasspathTransform
Transforming interpolator-1.0.0.aar (androidx.interpolator:interpolator:1.0.0) with JetifyTransform
Transforming interpolator-1.0.0.aar (androidx.interpolator:interpolator:1.0.0) with AarToClassTransform
Transforming interpolator-1.0.0.aar (androidx.interpolator:interpolator:1.0.0) with IdentityTransform
Transforming interpolator-1.0.0.aar (androidx.interpolator:interpolator:1.0.0) with DexingNoClasspathTransform
Transforming documentfile-1.0.0.aar (androidx.documentfile:documentfile:1.0.0) with JetifyTransform
Transforming documentfile-1.0.0.aar (androidx.documentfile:documentfile:1.0.0) with AarToClassTransform
Transforming documentfile-1.0.0.aar (androidx.documentfile:documentfile:1.0.0) with IdentityTransform
Transforming documentfile-1.0.0.aar (androidx.documentfile:documentfile:1.0.0) with DexingNoClasspathTransform
Transforming localbroadcastmanager-1.0.0.aar (androidx.localbroadcastmanager:localbroadcastmanager:1.0.0) with JetifyTransform
Transforming localbroadcastmanager-1.0.0.aar (androidx.localbroadcastmanager:localbroadcastmanager:1.0.0) with AarToClassTransform
Transforming localbroadcastmanager-1.0.0.aar (androidx.localbroadcastmanager:localbroadcastmanager:1.0.0) with IdentityTransform
Transforming localbroadcastmanager-1.0.0.aar (androidx.localbroadcastmanager:localbroadcastmanager:1.0.0) with DexingNoClasspathTransform
Transforming print-1.0.0.aar (androidx.print:print:1.0.0) with JetifyTransform
Transforming print-1.0.0.aar (androidx.print:print:1.0.0) with AarToClassTransform
Transforming print-1.0.0.aar (androidx.print:print:1.0.0) with IdentityTransform
Transforming print-1.0.0.aar (androidx.print:print:1.0.0) with DexingNoClasspathTransform
Transforming annotation-1.3.0.jar (androidx.annotation:annotation:1.3.0) with JetifyTransform
Transforming annotation-1.3.0.jar (androidx.annotation:annotation:1.3.0) with IdentityTransform
Transforming annotation-1.3.0.jar (androidx.annotation:annotation:1.3.0) with IdentityTransform
Transforming annotation-1.3.0.jar (androidx.annotation:annotation:1.3.0) with DexingNoClasspathTransform
Transforming annotation-experimental-1.3.0.aar (androidx.annotation:annotation-experimental:1.3.0) with JetifyTransform
Transforming annotation-experimental-1.3.0.aar (androidx.annotation:annotation-experimental:1.3.0) with AarToClassTransform
Transforming annotation-experimental-1.3.0.aar (androidx.annotation:annotation-experimental:1.3.0) with IdentityTransform
Transforming annotation-experimental-1.3.0.aar (androidx.annotation:annotation-experimental:1.3.0) with DexingNoClasspathTransform
Transforming kotlinx-coroutines-core-jvm-1.6.4.jar (org.jetbrains.kotlinx:kotlinx-coroutines-core-jvm:1.6.4) with JetifyTransform
Transforming kotlinx-coroutines-core-jvm-1.6.4.jar (org.jetbrains.kotlinx:kotlinx-coroutines-core-jvm:1.6.4) with IdentityTransform
Transforming kotlinx-coroutines-core-jvm-1.6.4.jar (org.jetbrains.kotlinx:kotlinx-coroutines-core-jvm:1.6.4) with IdentityTransform
Transforming kotlinx-coroutines-core-jvm-1.6.4.jar (org.jetbrains.kotlinx:kotlinx-coroutines-core-jvm:1.6.4) with DexingNoClasspathTransform
Transforming kotlinx-coroutines-android-1.6.4.jar (org.jetbrains.kotlinx:kotlinx-coroutines-android:1.6.4) with JetifyTransform
Transforming kotlinx-coroutines-android-1.6.4.jar (org.jetbrains.kotlinx:kotlinx-coroutines-android:1.6.4) with IdentityTransform
Transforming kotlinx-coroutines-android-1.6.4.jar (org.jetbrains.kotlinx:kotlinx-coroutines-android:1.6.4) with IdentityTransform
Transforming kotlinx-coroutines-android-1.6.4.jar (org.jetbrains.kotlinx:kotlinx-coroutines-android:1.6.4) with DexingNoClasspathTransform
Transforming kotlin-stdlib-jdk8-1.8.22.jar (org.jetbrains.kotlin:kotlin-stdlib-jdk8:1.8.22) with JetifyTransform
Transforming kotlin-stdlib-jdk8-1.8.22.jar (org.jetbrains.kotlin:kotlin-stdlib-jdk8:1.8.22) with IdentityTransform
Transforming kotlin-stdlib-jdk8-1.8.22.jar (org.jetbrains.kotlin:kotlin-stdlib-jdk8:1.8.22) with IdentityTransform
Transforming kotlin-stdlib-jdk8-1.8.22.jar (org.jetbrains.kotlin:kotlin-stdlib-jdk8:1.8.22) with DexingNoClasspathTransform
Transforming kotlin-stdlib-jdk7-1.8.22.jar (org.jetbrains.kotlin:kotlin-stdlib-jdk7:1.8.22) with JetifyTransform
Transforming kotlin-stdlib-jdk7-1.8.22.jar (org.jetbrains.kotlin:kotlin-stdlib-jdk7:1.8.22) with IdentityTransform
Transforming kotlin-stdlib-jdk7-1.8.22.jar (org.jetbrains.kotlin:kotlin-stdlib-jdk7:1.8.22) with IdentityTransform
Transforming kotlin-stdlib-jdk7-1.8.22.jar (org.jetbrains.kotlin:kotlin-stdlib-jdk7:1.8.22) with DexingNoClasspathTransform
Transforming kotlin-stdlib-1.8.22.jar (org.jetbrains.kotlin:kotlin-stdlib:1.8.22) with JetifyTransform
Transforming kotlin-stdlib-1.8.22.jar (org.jetbrains.kotlin:kotlin-stdlib:1.8.22) with IdentityTransform
Transforming kotlin-stdlib-1.8.22.jar (org.jetbrains.kotlin:kotlin-stdlib:1.8.22) with IdentityTransform
Transforming kotlin-stdlib-1.8.22.jar (org.jetbrains.kotlin:kotlin-stdlib:1.8.22) with DexingNoClasspathTransform
Transforming error_prone_annotations-2.15.0.jar (com.google.errorprone:error_prone_annotations:2.15.0) with JetifyTransform
Transforming error_prone_annotations-2.15.0.jar (com.google.errorprone:error_prone_annotations:2.15.0) with IdentityTransform
Transforming error_prone_annotations-2.15.0.jar (com.google.errorprone:error_prone_annotations:2.15.0) with IdentityTransform
Transforming error_prone_annotations-2.15.0.jar (com.google.errorprone:error_prone_annotations:2.15.0) with DexingNoClasspathTransform
Transforming constraintlayout-core-1.0.4.jar (androidx.constraintlayout:constraintlayout-core:1.0.4) with JetifyTransform
Transforming constraintlayout-core-1.0.4.jar (androidx.constraintlayout:constraintlayout-core:1.0.4) with IdentityTransform
Transforming constraintlayout-core-1.0.4.jar (androidx.constraintlayout:constraintlayout-core:1.0.4) with IdentityTransform
Transforming constraintlayout-core-1.0.4.jar (androidx.constraintlayout:constraintlayout-core:1.0.4) with DexingNoClasspathTransform
Transforming kotlin-stdlib-common-1.8.22.jar (org.jetbrains.kotlin:kotlin-stdlib-common:1.8.22) with JetifyTransform
Transforming kotlin-stdlib-common-1.8.22.jar (org.jetbrains.kotlin:kotlin-stdlib-common:1.8.22) with IdentityTransform
Transforming kotlin-stdlib-common-1.8.22.jar (org.jetbrains.kotlin:kotlin-stdlib-common:1.8.22) with IdentityTransform
Transforming kotlin-stdlib-common-1.8.22.jar (org.jetbrains.kotlin:kotlin-stdlib-common:1.8.22) with DexingNoClasspathTransform
Transforming annotations-13.0.jar (org.jetbrains:annotations:13.0) with JetifyTransform
Transforming annotations-13.0.jar (org.jetbrains:annotations:13.0) with IdentityTransform
Transforming annotations-13.0.jar (org.jetbrains:annotations:13.0) with IdentityTransform
Transforming annotations-13.0.jar (org.jetbrains:annotations:13.0) with DexingNoClasspathTransform
Transforming listenablefuture-1.0.jar (com.google.guava:listenablefuture:1.0) with JetifyTransform
Transforming listenablefuture-1.0.jar (com.google.guava:listenablefuture:1.0) with IdentityTransform
Transforming listenablefuture-1.0.jar (com.google.guava:listenablefuture:1.0) with IdentityTransform
Transforming listenablefuture-1.0.jar (com.google.guava:listenablefuture:1.0) with DexingNoClasspathTransform
Build cache key for task ':app:mergeExtDexDebug' is 09d9746db65efad4eb48b251399a853d
Skipping task ':app:mergeExtDexDebug' as it is up-to-date.
Resolve mutations for :app:mergeLibDexDebug (Thread[#319,Execution worker,5,main]) started.
:app:mergeLibDexDebug (Thread[#319,Execution worker,5,main]) started.

> Task :app:mergeLibDexDebug UP-TO-DATE
Build cache key for task ':app:mergeLibDexDebug' is 711278de823225cd4176eef511c8b390
Skipping task ':app:mergeLibDexDebug' as it is up-to-date.
Resolve mutations for :app:dexBuilderDebug (Thread[#319,Execution worker,5,main]) started.
:app:dexBuilderDebug (Thread[#319,Execution worker,5,main]) started.

> Task :app:dexBuilderDebug UP-TO-DATE
Build cache key for task ':app:dexBuilderDebug' is 0b6eb1201d62451affd9e5c369f77064
Skipping task ':app:dexBuilderDebug' as it is up-to-date.
Resolve mutations for :app:mergeProjectDexDebug (Thread[#319,Execution worker,5,main]) started.
:app:mergeProjectDexDebug (Thread[#319,Execution worker,5,main]) started.

> Task :app:mergeProjectDexDebug UP-TO-DATE
Build cache key for task ':app:mergeProjectDexDebug' is d78e1e503af45c5bcfb31e747a3358f8
Skipping task ':app:mergeProjectDexDebug' as it is up-to-date.
Resolve mutations for :app:configureCMakeDebug[arm64-v8a] (Thread[#319,Execution worker,5,main]) started.
:app:configureCMakeDebug[arm64-v8a] (Thread[#319,Execution worker,5,main]) started.

> Task :app:configureCMakeDebug[arm64-v8a] FAILED
Caching disabled for task ':app:configureCMakeDebug[arm64-v8a]' because:
  Caching has been disabled for the task
Task ':app:configureCMakeDebug[arm64-v8a]' is not up-to-date because:
  Task.upToDateWhen is false.
C/C++: /data/data/com.termux/files/home/HyperPS3/HyperPS3/app/src/main/cpp/CMakeLists.txt debug|arm64-v8a : Start JSON generation. Platform version: 28 min SDK version: arm64-v8a
C/C++: /data/data/com.termux/files/home/HyperPS3/HyperPS3/app/src/main/cpp/CMakeLists.txt debug|arm64-v8a : rebuilding JSON /data/data/com.termux/files/home/HyperPS3/HyperPS3/app/.cxx/Debug/u3g4u6s2/arm64-v8a/android_gradle_build.json due to:
C/C++: /data/data/com.termux/files/home/HyperPS3/HyperPS3/app/src/main/cpp/CMakeLists.txt debug|arm64-v8a : - no fingerprint file, will remove stale configuration folder
C/C++: /data/data/com.termux/files/home/HyperPS3/HyperPS3/app/src/main/cpp/CMakeLists.txt debug|arm64-v8a : removing stale contents from '/data/data/com.termux/files/home/HyperPS3/HyperPS3/app/.cxx/Debug/u3g4u6s2/arm64-v8a'
C/C++: /data/data/com.termux/files/home/HyperPS3/HyperPS3/app/src/main/cpp/CMakeLists.txt debug|arm64-v8a : created folder '/data/data/com.termux/files/home/HyperPS3/HyperPS3/app/.cxx/Debug/u3g4u6s2/arm64-v8a'
C/C++: /data/data/com.termux/files/home/HyperPS3/HyperPS3/app/src/main/cpp/CMakeLists.txt debug|arm64-v8a : executing cmake /data/data/com.termux/files/home/android-sdk/cmake/3.31.6/bin/cmake \
  -H/data/data/com.termux/files/home/HyperPS3/HyperPS3/app/src/main/cpp \
  -DCMAKE_SYSTEM_NAME=Android \
  -DCMAKE_EXPORT_COMPILE_COMMANDS=ON \
  -DCMAKE_SYSTEM_VERSION=28 \
  -DANDROID_PLATFORM=android-28 \
  -DANDROID_ABI=arm64-v8a \
  -DCMAKE_ANDROID_ARCH_ABI=arm64-v8a \
  -DANDROID_NDK=/data/data/com.termux/files/home/android-sdk/ndk/27.0.12077973 \
  -DCMAKE_ANDROID_NDK=/data/data/com.termux/files/home/android-sdk/ndk/27.0.12077973 \
  -DCMAKE_TOOLCHAIN_FILE=/data/data/com.termux/files/home/android-sdk/ndk/27.0.12077973/build/cmake/android.toolchain.cmake \
  -DCMAKE_MAKE_PROGRAM=/data/data/com.termux/files/home/android-sdk/cmake/3.31.6/bin/ninja \
  -DCMAKE_LIBRARY_OUTPUT_DIRECTORY=/data/data/com.termux/files/home/HyperPS3/HyperPS3/app/build/intermediates/cxx/Debug/u3g4u6s2/obj/arm64-v8a \
  -DCMAKE_RUNTIME_OUTPUT_DIRECTORY=/data/data/com.termux/files/home/HyperPS3/HyperPS3/app/build/intermediates/cxx/Debug/u3g4u6s2/obj/arm64-v8a \
  -DCMAKE_BUILD_TYPE=Debug \
  -B/data/data/com.termux/files/home/HyperPS3/HyperPS3/app/.cxx/Debug/u3g4u6s2/arm64-v8a \
  -GNinja

C/C++: /data/data/com.termux/files/home/HyperPS3/HyperPS3/app/src/main/cpp/CMakeLists.txt debug|arm64-v8a : /data/data/com.termux/files/home/android-sdk/cmake/3.31.6/bin/cmake \
  -H/data/data/com.termux/files/home/HyperPS3/HyperPS3/app/src/main/cpp \
  -DCMAKE_SYSTEM_NAME=Android \
  -DCMAKE_EXPORT_COMPILE_COMMANDS=ON \
  -DCMAKE_SYSTEM_VERSION=28 \
  -DANDROID_PLATFORM=android-28 \
  -DANDROID_ABI=arm64-v8a \
  -DCMAKE_ANDROID_ARCH_ABI=arm64-v8a \
  -DANDROID_NDK=/data/data/com.termux/files/home/android-sdk/ndk/27.0.12077973 \
  -DCMAKE_ANDROID_NDK=/data/data/com.termux/files/home/android-sdk/ndk/27.0.12077973 \
  -DCMAKE_TOOLCHAIN_FILE=/data/data/com.termux/files/home/android-sdk/ndk/27.0.12077973/build/cmake/android.toolchain.cmake \
  -DCMAKE_MAKE_PROGRAM=/data/data/com.termux/files/home/android-sdk/cmake/3.31.6/bin/ninja \
  -DCMAKE_LIBRARY_OUTPUT_DIRECTORY=/data/data/com.termux/files/home/HyperPS3/HyperPS3/app/build/intermediates/cxx/Debug/u3g4u6s2/obj/arm64-v8a \
  -DCMAKE_RUNTIME_OUTPUT_DIRECTORY=/data/data/com.termux/files/home/HyperPS3/HyperPS3/app/build/intermediates/cxx/Debug/u3g4u6s2/obj/arm64-v8a \
  -DCMAKE_BUILD_TYPE=Debug \
  -B/data/data/com.termux/files/home/HyperPS3/HyperPS3/app/.cxx/Debug/u3g4u6s2/arm64-v8a \
  -GNinja

Starting process 'command '/data/data/com.termux/files/home/android-sdk/cmake/3.31.6/bin/cmake''. Working directory: /data/data/com.termux/files/home/HyperPS3/HyperPS3/app Command: /data/data/com.termux/files/home/android-sdk/cmake/3.31.6/bin/cmake -H/data/data/com.termux/files/home/HyperPS3/HyperPS3/app/src/main/cpp -DCMAKE_SYSTEM_NAME=Android -DCMAKE_EXPORT_COMPILE_COMMANDS=ON -DCMAKE_SYSTEM_VERSION=28 -DANDROID_PLATFORM=android-28 -DANDROID_ABI=arm64-v8a -DCMAKE_ANDROID_ARCH_ABI=arm64-v8a -DANDROID_NDK=/data/data/com.termux/files/home/android-sdk/ndk/27.0.12077973 -DCMAKE_ANDROID_NDK=/data/data/com.termux/files/home/android-sdk/ndk/27.0.12077973 -DCMAKE_TOOLCHAIN_FILE=/data/data/com.termux/files/home/android-sdk/ndk/27.0.12077973/build/cmake/android.toolchain.cmake -DCMAKE_MAKE_PROGRAM=/data/data/com.termux/files/home/android-sdk/cmake/3.31.6/bin/ninja -DCMAKE_LIBRARY_OUTPUT_DIRECTORY=/data/data/com.termux/files/home/HyperPS3/HyperPS3/app/build/intermediates/cxx/Debug/u3g4u6s2/obj/arm64-v8a -DCMAKE_RUNTIME_OUTPUT_DIRECTORY=/data/data/com.termux/files/home/HyperPS3/HyperPS3/app/build/intermediates/cxx/Debug/u3g4u6s2/obj/arm64-v8a -DCMAKE_BUILD_TYPE=Debug -B/data/data/com.termux/files/home/HyperPS3/HyperPS3/app/.cxx/Debug/u3g4u6s2/arm64-v8a -GNinja
Successfully started process 'command '/data/data/com.termux/files/home/android-sdk/cmake/3.31.6/bin/cmake''
C/C++: CMake Warning (deprecated) at /data/data/com.termux/files/home/android-sdk/ndk/27.0.12077973/build/cmake/android.toolchain.cmake:35 (cmake_minimum_required):
C/C++:   Compatibility with CMake < 3.10 will be removed from a future version of
C/C++:   CMake.
C/C++:   Update the VERSION argument <min> value.  Or, use the <min>...<max> syntax
C/C++:   to tell CMake that the project requires at least <min> but has been updated
C/C++:   to work with policies introduced by <max> or earlier.
C/C++: Call Stack (most recent call first):
C/C++:   /data/data/com.termux/files/usr/share/cmake-4.4/Modules/CMakeDetermineSystem.cmake:152 (include)
C/C++:   CMakeLists.txt:6 (project)
C/C++: This warning is for project developers.  Use -Wno-author or -Wno-deprecated
C/C++: to suppress it.
C/C++: CMake Warning (deprecated) at /data/data/com.termux/files/home/android-sdk/ndk/27.0.12077973/build/cmake/android-legacy.toolchain.cmake:35 (cmake_minimum_required):
C/C++:   Compatibility with CMake < 3.10 will be removed from a future version of
C/C++:   CMake.
C/C++:   Update the VERSION argument <min> value.  Or, use the <min>...<max> syntax
C/C++:   to tell CMake that the project requires at least <min> but has been updated
C/C++:   to work with policies introduced by <max> or earlier.
C/C++: Call Stack (most recent call first):
C/C++:   /data/data/com.termux/files/home/android-sdk/ndk/27.0.12077973/build/cmake/android.toolchain.cmake:55 (include)
C/C++:   /data/data/com.termux/files/usr/share/cmake-4.4/Modules/CMakeDetermineSystem.cmake:152 (include)
C/C++:   CMakeLists.txt:6 (project)
C/C++: This warning is for project developers.  Use -Wno-author or -Wno-deprecated
C/C++: to suppress it.
C/C++: CMake Warning (deprecated) at /data/data/com.termux/files/home/android-sdk/ndk/27.0.12077973/build/cmake/android.toolchain.cmake:35 (cmake_minimum_required):
C/C++:   Compatibility with CMake < 3.10 will be removed from a future version of
C/C++:   CMake.
C/C++:   Update the VERSION argument <min> value.  Or, use the <min>...<max> syntax
C/C++:   to tell CMake that the project requires at least <min> but has been updated
C/C++:   to work with policies introduced by <max> or earlier.
C/C++: Call Stack (most recent call first):
C/C++:   /data/data/com.termux/files/home/HyperPS3/HyperPS3/app/.cxx/Debug/u3g4u6s2/arm64-v8a/CMakeFiles/4.4.0/CMakeSystem.cmake:6 (include)
C/C++:   CMakeLists.txt:6 (project)
C/C++: This warning is for project developers.  Use -Wno-author or -Wno-deprecated
C/C++: to suppress it.
C/C++: CMake Error at CMakeLists.txt:6 (project):
C/C++:   The CMAKE_C_COMPILER:
C/C++:     /data/data/com.termux/files/home/android-sdk/ndk/27.0.12077973/toolchains/llvm/prebuilt/bin/clang
C/C++:   is not a full path to an existing compiler tool.
C/C++:   Tell CMake where to find the compiler by setting either the environment
C/C++:   variable "CC" or the CMake cache entry CMAKE_C_COMPILER to the full path to
C/C++:   the compiler, or to the compiler name if it is in the PATH.
C/C++: CMake Error at CMakeLists.txt:6 (project):
C/C++:   The CMAKE_CXX_COMPILER:
C/C++:     /data/data/com.termux/files/home/android-sdk/ndk/27.0.12077973/toolchains/llvm/prebuilt/bin/clang++
C/C++:   is not a full path to an existing compiler tool.
C/C++:   Tell CMake where to find the compiler by setting either the environment
C/C++:   variable "CXX" or the CMake cache entry CMAKE_CXX_COMPILER to the full path
C/C++:   to the compiler, or to the compiler name if it is in the PATH.
C/C++: /data/data/com.termux/files/home/HyperPS3/HyperPS3/app/src/main/cpp/CMakeLists.txt debug|arm64-v8a : Received process result: 1
C/C++: /data/data/com.termux/files/home/HyperPS3/HyperPS3/app/src/main/cpp/CMakeLists.txt debug|arm64-v8a : JSON generation completed with problem. Exception: com.android.ide.common.process.ProcessException: -- The C compiler identification is unknown
-- The CXX compiler identification is unknown
-- Configuring incomplete, errors occurred!

C++ build system [configure] failed while executing:
    /data/data/com.termux/files/home/android-sdk/cmake/3.31.6/bin/cmake \
      -H/data/data/com.termux/files/home/HyperPS3/HyperPS3/app/src/main/cpp \
      -DCMAKE_SYSTEM_NAME=Android \
      -DCMAKE_EXPORT_COMPILE_COMMANDS=ON \
      -DCMAKE_SYSTEM_VERSION=28 \
      -DANDROID_PLATFORM=android-28 \
      -DANDROID_ABI=arm64-v8a \
      -DCMAKE_ANDROID_ARCH_ABI=arm64-v8a \
      -DANDROID_NDK=/data/data/com.termux/files/home/android-sdk/ndk/27.0.12077973 \
      -DCMAKE_ANDROID_NDK=/data/data/com.termux/files/home/android-sdk/ndk/27.0.12077973 \
      -DCMAKE_TOOLCHAIN_FILE=/data/data/com.termux/files/home/android-sdk/ndk/27.0.12077973/build/cmake/android.toolchain.cmake \
      -DCMAKE_MAKE_PROGRAM=/data/data/com.termux/files/home/android-sdk/cmake/3.31.6/bin/ninja \
      -DCMAKE_LIBRARY_OUTPUT_DIRECTORY=/data/data/com.termux/files/home/HyperPS3/HyperPS3/app/build/intermediates/cxx/Debug/u3g4u6s2/obj/arm64-v8a \
      -DCMAKE_RUNTIME_OUTPUT_DIRECTORY=/data/data/com.termux/files/home/HyperPS3/HyperPS3/app/build/intermediates/cxx/Debug/u3g4u6s2/obj/arm64-v8a \
      -DCMAKE_BUILD_TYPE=Debug \
      -B/data/data/com.termux/files/home/HyperPS3/HyperPS3/app/.cxx/Debug/u3g4u6s2/arm64-v8a \
      -GNinja
  from /data/data/com.termux/files/home/HyperPS3/HyperPS3/app
CMake Warning (deprecated) at /data/data/com.termux/files/home/android-sdk/ndk/27.0.12077973/build/cmake/android.toolchain.cmake:35 (cmake_minimum_required):
  Compatibility with CMake < 3.10 will be removed from a future version of
  CMake.

  Update the VERSION argument <min> value.  Or, use the <min>...<max> syntax
  to tell CMake that the project requires at least <min> but has been updated
  to work with policies introduced by <max> or earlier.
Call Stack (most recent call first):
  /data/data/com.termux/files/usr/share/cmake-4.4/Modules/CMakeDetermineSystem.cmake:152 (include)
  CMakeLists.txt:6 (project)
This warning is for project developers.  Use -Wno-author or -Wno-deprecated
to suppress it.

CMake Warning (deprecated) at /data/data/com.termux/files/home/android-sdk/ndk/27.0.12077973/build/cmake/android-legacy.toolchain.cmake:35 (cmake_minimum_required):
  Compatibility with CMake < 3.10 will be removed from a future version of
  CMake.

  Update the VERSION argument <min> value.  Or, use the <min>...<max> syntax
  to tell CMake that the project requires at least <min> but has been updated
  to work with policies introduced by <max> or earlier.
Call Stack (most recent call first):
  /data/data/com.termux/files/home/android-sdk/ndk/27.0.12077973/build/cmake/android.toolchain.cmake:55 (include)
  /data/data/com.termux/files/usr/share/cmake-4.4/Modules/CMakeDetermineSystem.cmake:152 (include)
  CMakeLists.txt:6 (project)
This warning is for project developers.  Use -Wno-author or -Wno-deprecated
to suppress it.

CMake Warning (deprecated) at /data/data/com.termux/files/home/android-sdk/ndk/27.0.12077973/build/cmake/android.toolchain.cmake:35 (cmake_minimum_required):
  Compatibility with CMake < 3.10 will be removed from a future version of
  CMake.

  Update the VERSION argument <min> value.  Or, use the <min>...<max> syntax
  to tell CMake that the project requires at least <min> but has been updated
  to work with policies introduced by <max> or earlier.
Call Stack (most recent call first):
  /data/data/com.termux/files/home/HyperPS3/HyperPS3/app/.cxx/Debug/u3g4u6s2/arm64-v8a/CMakeFiles/4.4.0/CMakeSystem.cmake:6 (include)
  CMakeLists.txt:6 (project)
This warning is for project developers.  Use -Wno-author or -Wno-deprecated
to suppress it.

CMake Error at CMakeLists.txt:6 (project):
  The CMAKE_C_COMPILER:

    /data/data/com.termux/files/home/android-sdk/ndk/27.0.12077973/toolchains/llvm/prebuilt/bin/clang

  is not a full path to an existing compiler tool.

  Tell CMake where to find the compiler by setting either the environment
  variable "CC" or the CMake cache entry CMAKE_C_COMPILER to the full path to
  the compiler, or to the compiler name if it is in the PATH.


CMake Error at CMakeLists.txt:6 (project):
  The CMAKE_CXX_COMPILER:

    /data/data/com.termux/files/home/android-sdk/ndk/27.0.12077973/toolchains/llvm/prebuilt/bin/clang++

  is not a full path to an existing compiler tool.

  Tell CMake where to find the compiler by setting either the environment
  variable "CXX" or the CMake cache entry CMAKE_CXX_COMPILER to the full path
  to the compiler, or to the compiler name if it is in the PATH.
C/C++: /data/data/com.termux/files/home/HyperPS3/HyperPS3/app/src/main/cpp/CMakeLists.txt debug|arm64-v8a : Writing build model to /data/data/com.termux/files/home/HyperPS3/HyperPS3/app/build/intermediates/cxx/Debug/u3g4u6s2/logs/arm64-v8a/build_model.json

FAILURE: Build failed with an exception.

* What went wrong:
Execution failed for task ':app:configureCMakeDebug[arm64-v8a]'.
> [CXX1429] error when building with cmake using /data/data/com.termux/files/home/HyperPS3/HyperPS3/app/src/main/cpp/CMakeLists.txt: -- The C compiler identification is unknown
  -- The CXX compiler identification is unknown
  -- Configuring incomplete, errors occurred!
  
  C++ build system [configure] failed while executing:
      /data/data/com.termux/files/home/android-sdk/cmake/3.31.6/bin/cmake \
        -H/data/data/com.termux/files/home/HyperPS3/HyperPS3/app/src/main/cpp \
        -DCMAKE_SYSTEM_NAME=Android \
        -DCMAKE_EXPORT_COMPILE_COMMANDS=ON \
        -DCMAKE_SYSTEM_VERSION=28 \
        -DANDROID_PLATFORM=android-28 \
        -DANDROID_ABI=arm64-v8a \
        -DCMAKE_ANDROID_ARCH_ABI=arm64-v8a \
        -DANDROID_NDK=/data/data/com.termux/files/home/android-sdk/ndk/27.0.12077973 \
        -DCMAKE_ANDROID_NDK=/data/data/com.termux/files/home/android-sdk/ndk/27.0.12077973 \
        -DCMAKE_TOOLCHAIN_FILE=/data/data/com.termux/files/home/android-sdk/ndk/27.0.12077973/build/cmake/android.toolchain.cmake \
        -DCMAKE_MAKE_PROGRAM=/data/data/com.termux/files/home/android-sdk/cmake/3.31.6/bin/ninja \
        -DCMAKE_LIBRARY_OUTPUT_DIRECTORY=/data/data/com.termux/files/home/HyperPS3/HyperPS3/app/build/intermediates/cxx/Debug/u3g4u6s2/obj/arm64-v8a \
        -DCMAKE_RUNTIME_OUTPUT_DIRECTORY=/data/data/com.termux/files/home/HyperPS3/HyperPS3/app/build/intermediates/cxx/Debug/u3g4u6s2/obj/arm64-v8a \
        -DCMAKE_BUILD_TYPE=Debug \
        -B/data/data/com.termux/files/home/HyperPS3/HyperPS3/app/.cxx/Debug/u3g4u6s2/arm64-v8a \
        -GNinja
    from /data/data/com.termux/files/home/HyperPS3/HyperPS3/app
  CMake Warning (deprecated) at /data/data/com.termux/files/home/android-sdk/ndk/27.0.12077973/build/cmake/android.toolchain.cmake:35 (cmake_minimum_required):
    Compatibility with CMake < 3.10 will be removed from a future version of
    CMake.
  
    Update the VERSION argument <min> value.  Or, use the <min>...<max> syntax
    to tell CMake that the project requires at least <min> but has been updated
    to work with policies introduced by <max> or earlier.
  Call Stack (most recent call first):
    /data/data/com.termux/files/usr/share/cmake-4.4/Modules/CMakeDetermineSystem.cmake:152 (include)
    CMakeLists.txt:6 (project)
  This warning is for project developers.  Use -Wno-author or -Wno-deprecated
  to suppress it.
  
  CMake Warning (deprecated) at /data/data/com.termux/files/home/android-sdk/ndk/27.0.12077973/build/cmake/android-legacy.toolchain.cmake:35 (cmake_minimum_required):
    Compatibility with CMake < 3.10 will be removed from a future version of
    CMake.
  
    Update the VERSION argument <min> value.  Or, use the <min>...<max> syntax
    to tell CMake that the project requires at least <min> but has been updated
    to work with policies introduced by <max> or earlier.
  Call Stack (most recent call first):
    /data/data/com.termux/files/home/android-sdk/ndk/27.0.12077973/build/cmake/android.toolchain.cmake:55 (include)
    /data/data/com.termux/files/usr/share/cmake-4.4/Modules/CMakeDetermineSystem.cmake:152 (include)
    CMakeLists.txt:6 (project)
  This warning is for project developers.  Use -Wno-author or -Wno-deprecated
  to suppress it.
  
  CMake Warning (deprecated) at /data/data/com.termux/files/home/android-sdk/ndk/27.0.12077973/build/cmake/android.toolchain.cmake:35 (cmake_minimum_required):
    Compatibility with CMake < 3.10 will be removed from a future version of
    CMake.
  
    Update the VERSION argument <min> value.  Or, use the <min>...<max> syntax
    to tell CMake that the project requires at least <min> but has been updated
    to work with policies introduced by <max> or earlier.
  Call Stack (most recent call first):
    /data/data/com.termux/files/home/HyperPS3/HyperPS3/app/.cxx/Debug/u3g4u6s2/arm64-v8a/CMakeFiles/4.4.0/CMakeSystem.cmake:6 (include)
    CMakeLists.txt:6 (project)
  This warning is for project developers.  Use -Wno-author or -Wno-deprecated
  to suppress it.
  
  CMake Error at CMakeLists.txt:6 (project):
    The CMAKE_C_COMPILER:
  
      /data/data/com.termux/files/home/android-sdk/ndk/27.0.12077973/toolchains/llvm/prebuilt/bin/clang
  
    is not a full path to an existing compiler tool.
  
    Tell CMake where to find the compiler by setting either the environment
    variable "CC" or the CMake cache entry CMAKE_C_COMPILER to the full path to
    the compiler, or to the compiler name if it is in the PATH.
  
  
  CMake Error at CMakeLists.txt:6 (project):
    The CMAKE_CXX_COMPILER:
  
      /data/data/com.termux/files/home/android-sdk/ndk/27.0.12077973/toolchains/llvm/prebuilt/bin/clang++
  
    is not a full path to an existing compiler tool.
  
    Tell CMake where to find the compiler by setting either the environment
    variable "CXX" or the CMake cache entry CMAKE_CXX_COMPILER to the full path
    to the compiler, or to the compiler name if it is in the PATH. : com.android.ide.common.process.ProcessException: -- The C compiler identification is unknown
  -- The CXX compiler identification is unknown
  -- Configuring incomplete, errors occurred!
  
  C++ build system [configure] failed while executing:
      /data/data/com.termux/files/home/android-sdk/cmake/3.31.6/bin/cmake \
        -H/data/data/com.termux/files/home/HyperPS3/HyperPS3/app/src/main/cpp \
        -DCMAKE_SYSTEM_NAME=Android \
        -DCMAKE_EXPORT_COMPILE_COMMANDS=ON \
        -DCMAKE_SYSTEM_VERSION=28 \
        -DANDROID_PLATFORM=android-28 \
        -DANDROID_ABI=arm64-v8a \
        -DCMAKE_ANDROID_ARCH_ABI=arm64-v8a \
        -DANDROID_NDK=/data/data/com.termux/files/home/android-sdk/ndk/27.0.12077973 \
        -DCMAKE_ANDROID_NDK=/data/data/com.termux/files/home/android-sdk/ndk/27.0.12077973 \
        -DCMAKE_TOOLCHAIN_FILE=/data/data/com.termux/files/home/android-sdk/ndk/27.0.12077973/build/cmake/android.toolchain.cmake \
        -DCMAKE_MAKE_PROGRAM=/data/data/com.termux/files/home/android-sdk/cmake/3.31.6/bin/ninja \
        -DCMAKE_LIBRARY_OUTPUT_DIRECTORY=/data/data/com.termux/files/home/HyperPS3/HyperPS3/app/build/intermediates/cxx/Debug/u3g4u6s2/obj/arm64-v8a \
        -DCMAKE_RUNTIME_OUTPUT_DIRECTORY=/data/data/com.termux/files/home/HyperPS3/HyperPS3/app/build/intermediates/cxx/Debug/u3g4u6s2/obj/arm64-v8a \
        -DCMAKE_BUILD_TYPE=Debug \
        -B/data/data/com.termux/files/home/HyperPS3/HyperPS3/app/.cxx/Debug/u3g4u6s2/arm64-v8a \
        -GNinja
    from /data/data/com.termux/files/home/HyperPS3/HyperPS3/app
  CMake Warning (deprecated) at /data/data/com.termux/files/home/android-sdk/ndk/27.0.12077973/build/cmake/android.toolchain.cmake:35 (cmake_minimum_required):
    Compatibility with CMake < 3.10 will be removed from a future version of
    CMake.
  
    Update the VERSION argument <min> value.  Or, use the <min>...<max> syntax
    to tell CMake that the project requires at least <min> but has been updated
    to work with policies introduced by <max> or earlier.
  Call Stack (most recent call first):
    /data/data/com.termux/files/usr/share/cmake-4.4/Modules/CMakeDetermineSystem.cmake:152 (include)
    CMakeLists.txt:6 (project)
  This warning is for project developers.  Use -Wno-author or -Wno-deprecated
  to suppress it.
  
  CMake Warning (deprecated) at /data/data/com.termux/files/home/android-sdk/ndk/27.0.12077973/build/cmake/android-legacy.toolchain.cmake:35 (cmake_minimum_required):
    Compatibility with CMake < 3.10 will be removed from a future version of
    CMake.
  
    Update the VERSION argument <min> value.  Or, use the <min>...<max> syntax
    to tell CMake that the project requires at least <min> but has been updated
    to work with policies introduced by <max> or earlier.
  Call Stack (most recent call first):
    /data/data/com.termux/files/home/android-sdk/ndk/27.0.12077973/build/cmake/android.toolchain.cmake:55 (include)
    /data/data/com.termux/files/usr/share/cmake-4.4/Modules/CMakeDetermineSystem.cmake:152 (include)
    CMakeLists.txt:6 (project)
  This warning is for project developers.  Use -Wno-author or -Wno-deprecated
  to suppress it.
  
  CMake Warning (deprecated) at /data/data/com.termux/files/home/android-sdk/ndk/27.0.12077973/build/cmake/android.toolchain.cmake:35 (cmake_minimum_required):
    Compatibility with CMake < 3.10 will be removed from a future version of
    CMake.
  
    Update the VERSION argument <min> value.  Or, use the <min>...<max> syntax
    to tell CMake that the project requires at least <min> but has been updated
    to work with policies introduced by <max> or earlier.
  Call Stack (most recent call first):
    /data/data/com.termux/files/home/HyperPS3/HyperPS3/app/.cxx/Debug/u3g4u6s2/arm64-v8a/CMakeFiles/4.4.0/CMakeSystem.cmake:6 (include)
    CMakeLists.txt:6 (project)
  This warning is for project developers.  Use -Wno-author or -Wno-deprecated
  to suppress it.
  
  CMake Error at CMakeLists.txt:6 (project):
    The CMAKE_C_COMPILER:
  
      /data/data/com.termux/files/home/android-sdk/ndk/27.0.12077973/toolchains/llvm/prebuilt/bin/clang
  
    is not a full path to an existing compiler tool.
  
    Tell CMake where to find the compiler by setting either the environment
    variable "CC" or the CMake cache entry CMAKE_C_COMPILER to the full path to
    the compiler, or to the compiler name if it is in the PATH.
  
  
  CMake Error at CMakeLists.txt:6 (project):
    The CMAKE_CXX_COMPILER:
  
      /data/data/com.termux/files/home/android-sdk/ndk/27.0.12077973/toolchains/llvm/prebuilt/bin/clang++
  
    is not a full path to an existing compiler tool.
  
    Tell CMake where to find the compiler by setting either the environment
    variable "CXX" or the CMake cache entry CMAKE_CXX_COMPILER to the full path
    to the compiler, or to the compiler name if it is in the PATH.
  	at com.android.build.gradle.internal.cxx.process.ExecuteProcessKt.execute(ExecuteProcess.kt:288)
  	at com.android.build.gradle.internal.cxx.process.ExecuteProcessKt$executeProcess$1.invoke(ExecuteProcess.kt:108)
  	at com.android.build.gradle.internal.cxx.process.ExecuteProcessKt$executeProcess$1.invoke(ExecuteProcess.kt:106)
  	at com.android.build.gradle.internal.cxx.timing.TimingEnvironmentKt.time(TimingEnvironment.kt:32)
  	at com.android.build.gradle.internal.cxx.process.ExecuteProcessKt.executeProcess(ExecuteProcess.kt:106)
  	at com.android.build.gradle.internal.cxx.process.ExecuteProcessKt.executeProcess$default(ExecuteProcess.kt:85)
  	at com.android.build.gradle.tasks.CmakeQueryMetadataGenerator.executeProcess(CmakeFileApiMetadataGenerator.kt:59)
  	at com.android.build.gradle.tasks.ExternalNativeJsonGenerator$configureOneAbi$1$1$3.invoke(ExternalNativeJsonGenerator.kt:247)
  	at com.android.build.gradle.tasks.ExternalNativeJsonGenerator$configureOneAbi$1$1$3.invoke(ExternalNativeJsonGenerator.kt:247)
  	at com.android.build.gradle.internal.cxx.timing.TimingEnvironmentKt.time(TimingEnvironment.kt:32)
  	at com.android.build.gradle.tasks.ExternalNativeJsonGenerator.configureOneAbi(ExternalNativeJsonGenerator.kt:247)
  	at com.android.build.gradle.tasks.ExternalNativeJsonGenerator.configure(ExternalNativeJsonGenerator.kt:113)
  	at com.android.build.gradle.tasks.ExternalNativeBuildJsonTask.doTaskAction(ExternalNativeBuildJsonTask.kt:89)
  	at com.android.build.gradle.internal.tasks.UnsafeOutputsTask$taskAction$$inlined$recordTaskAction$1.invoke(BaseTask.kt:59)
  	at com.android.build.gradle.internal.tasks.Blocks.recordSpan(Blocks.java:51)
  	at com.android.build.gradle.internal.tasks.UnsafeOutputsTask.taskAction(UnsafeOutputsTask.kt:81)
  	at java.base/jdk.internal.reflect.DirectMethodHandleAccessor.invoke(DirectMethodHandleAccessor.java:103)
  	at java.base/java.lang.reflect.Method.invoke(Method.java:580)
  	at org.gradle.internal.reflect.JavaMethod.invoke(JavaMethod.java:125)
  	at org.gradle.api.internal.project.taskfactory.StandardTaskAction.doExecute(StandardTaskAction.java:58)
  	at org.gradle.api.internal.project.taskfactory.StandardTaskAction.execute(StandardTaskAction.java:51)
  	at org.gradle.api.internal.project.taskfactory.StandardTaskAction.execute(StandardTaskAction.java:29)
  	at org.gradle.api.internal.tasks.execution.TaskExecution$3.run(TaskExecution.java:244)
  	at org.gradle.internal.operations.DefaultBuildOperationRunner$1.execute(DefaultBuildOperationRunner.java:29)
  	at org.gradle.internal.operations.DefaultBuildOperationRunner$1.execute(DefaultBuildOperationRunner.java:26)
  	at org.gradle.internal.operations.DefaultBuildOperationRunner$2.execute(DefaultBuildOperationRunner.java:66)
  	at org.gradle.internal.operations.DefaultBuildOperationRunner$2.execute(DefaultBuildOperationRunner.java:59)
  	at org.gradle.internal.operations.DefaultBuildOperationRunner.execute(DefaultBuildOperationRunner.java:166)
  	at org.gradle.internal.operations.DefaultBuildOperationRunner.execute(DefaultBuildOperationRunner.java:59)
  	at org.gradle.internal.operations.DefaultBuildOperationRunner.run(DefaultBuildOperationRunner.java:47)
  	at org.gradle.api.internal.tasks.execution.TaskExecution.executeAction(TaskExecution.java:229)
  	at org.gradle.api.internal.tasks.execution.TaskExecution.executeActions(TaskExecution.java:212)
  	at org.gradle.api.internal.tasks.execution.TaskExecution.executeWithPreviousOutputFiles(TaskExecution.java:195)
  	at org.gradle.api.internal.tasks.execution.TaskExecution.execute(TaskExecution.java:162)
  	at org.gradle.internal.execution.steps.ExecuteStep.executeInternal(ExecuteStep.java:105)
  	at org.gradle.internal.execution.steps.ExecuteStep.access$000(ExecuteStep.java:44)
  	at org.gradle.internal.execution.steps.ExecuteStep$1.call(ExecuteStep.java:59)
  	at org.gradle.internal.execution.steps.ExecuteStep$1.call(ExecuteStep.java:56)
  	at org.gradle.internal.operations.DefaultBuildOperationRunner$CallableBuildOperationWorker.execute(DefaultBuildOperationRunner.java:209)
  	at org.gradle.internal.operations.DefaultBuildOperationRunner$CallableBuildOperationWorker.execute(DefaultBuildOperationRunner.java:204)
  	at org.gradle.internal.operations.DefaultBuildOperationRunner$2.execute(DefaultBuildOperationRunner.java:66)
  	at org.gradle.internal.operations.DefaultBuildOperationRunner$2.execute(DefaultBuildOperationRunner.java:59)
  	at org.gradle.internal.operations.DefaultBuildOperationRunner.execute(DefaultBuildOperationRunner.java:166)
  	at org.gradle.internal.operations.DefaultBuildOperationRunner.execute(DefaultBuildOperationRunner.java:59)
  	at org.gradle.internal.operations.DefaultBuildOperationRunner.call(DefaultBuildOperationRunner.java:53)
  	at org.gradle.internal.execution.steps.ExecuteStep.execute(ExecuteStep.java:56)
  	at org.gradle.internal.execution.steps.ExecuteStep.execute(ExecuteStep.java:44)
  	at org.gradle.internal.execution.steps.CancelExecutionStep.execute(CancelExecutionStep.java:42)
  	at org.gradle.internal.execution.steps.TimeoutStep.executeWithoutTimeout(TimeoutStep.java:75)
  	at org.gradle.internal.execution.steps.TimeoutStep.execute(TimeoutStep.java:55)
  	at org.gradle.internal.execution.steps.PreCreateOutputParentsStep.execute(PreCreateOutputParentsStep.java:50)
  	at org.gradle.internal.execution.steps.PreCreateOutputParentsStep.execute(PreCreateOutputParentsStep.java:28)
  	at org.gradle.internal.execution.steps.RemovePreviousOutputsStep.execute(RemovePreviousOutputsStep.java:67)
  	at org.gradle.internal.execution.steps.RemovePreviousOutputsStep.execute(RemovePreviousOutputsStep.java:37)
  	at org.gradle.internal.execution.steps.BroadcastChangingOutputsStep.execute(BroadcastChangingOutputsStep.java:61)
  	at org.gradle.internal.execution.steps.BroadcastChangingOutputsStep.execute(BroadcastChangingOutputsStep.java:26)
  	at org.gradle.internal.execution.steps.CaptureOutputsAfterExecutionStep.execute(CaptureOutputsAfterExecutionStep.java:69)
  	at org.gradle.internal.execution.steps.CaptureOutputsAfterExecutionStep.execute(CaptureOutputsAfterExecutionStep.java:46)
  	at org.gradle.internal.execution.steps.ResolveInputChangesStep.execute(ResolveInputChangesStep.java:40)
  	at org.gradle.internal.execution.steps.ResolveInputChangesStep.execute(ResolveInputChangesStep.java:29)
  	at org.gradle.internal.execution.steps.BuildCacheStep.executeWithoutCache(BuildCacheStep.java:189)
  	at org.gradle.internal.execution.steps.BuildCacheStep.lambda$execute$1(BuildCacheStep.java:75)
  	at org.gradle.internal.Either$Right.fold(Either.java:175)
  	at org.gradle.internal.execution.caching.CachingState.fold(CachingState.java:62)
  	at org.gradle.internal.execution.steps.BuildCacheStep.execute(BuildCacheStep.java:73)
  	at org.gradle.internal.execution.steps.BuildCacheStep.execute(BuildCacheStep.java:48)
  	at org.gradle.internal.execution.steps.StoreExecutionStateStep.execute(StoreExecutionStateStep.java:46)
  	at org.gradle.internal.execution.steps.StoreExecutionStateStep.execute(StoreExecutionStateStep.java:35)
  	at org.gradle.internal.execution.steps.SkipUpToDateStep.executeBecause(SkipUpToDateStep.java:75)
  	at org.gradle.internal.execution.steps.SkipUpToDateStep.lambda$execute$2(SkipUpToDateStep.java:53)
  	at java.base/java.util.Optional.orElseGet(Optional.java:364)
  	at org.gradle.internal.execution.steps.SkipUpToDateStep.execute(SkipUpToDateStep.java:53)
  	at org.gradle.internal.execution.steps.SkipUpToDateStep.execute(SkipUpToDateStep.java:35)
  	at org.gradle.internal.execution.steps.legacy.MarkSnapshottingInputsFinishedStep.execute(MarkSnapshottingInputsFinishedStep.java:37)
  	at org.gradle.internal.execution.steps.legacy.MarkSnapshottingInputsFinishedStep.execute(MarkSnapshottingInputsFinishedStep.java:27)
  	at org.gradle.internal.execution.steps.ResolveIncrementalCachingStateStep.executeDelegate(ResolveIncrementalCachingStateStep.java:49)
  	at org.gradle.internal.execution.steps.ResolveIncrementalCachingStateStep.executeDelegate(ResolveIncrementalCachingStateStep.java:27)
  	at org.gradle.internal.execution.steps.AbstractResolveCachingStateStep.execute(AbstractResolveCachingStateStep.java:71)
  	at org.gradle.internal.execution.steps.AbstractResolveCachingStateStep.execute(AbstractResolveCachingStateStep.java:39)
  	at org.gradle.internal.execution.steps.ResolveChangesStep.execute(ResolveChangesStep.java:65)
  	at org.gradle.internal.execution.steps.ResolveChangesStep.execute(ResolveChangesStep.java:36)
  	at org.gradle.internal.execution.steps.ValidateStep.execute(ValidateStep.java:107)
  	at org.gradle.internal.execution.steps.ValidateStep.execute(ValidateStep.java:56)
  	at org.gradle.internal.execution.steps.AbstractCaptureStateBeforeExecutionStep.execute(AbstractCaptureStateBeforeExecutionStep.java:64)
  	at org.gradle.internal.execution.steps.AbstractCaptureStateBeforeExecutionStep.execute(AbstractCaptureStateBeforeExecutionStep.java:43)
  	at org.gradle.internal.execution.steps.AbstractSkipEmptyWorkStep.executeWithNonEmptySources(AbstractSkipEmptyWorkStep.java:125)
  	at org.gradle.internal.execution.steps.AbstractSkipEmptyWorkStep.execute(AbstractSkipEmptyWorkStep.java:56)
  	at org.gradle.internal.execution.steps.AbstractSkipEmptyWorkStep.execute(AbstractSkipEmptyWorkStep.java:36)
  	at org.gradle.internal.execution.steps.legacy.MarkSnapshottingInputsStartedStep.execute(MarkSnapshottingInputsStartedStep.java:38)
  	at org.gradle.internal.execution.steps.LoadPreviousExecutionStateStep.execute(LoadPreviousExecutionStateStep.java:36)
  	at org.gradle.internal.execution.steps.LoadPreviousExecutionStateStep.execute(LoadPreviousExecutionStateStep.java:23)
  	at org.gradle.internal.execution.steps.HandleStaleOutputsStep.execute(HandleStaleOutputsStep.java:75)
  	at org.gradle.internal.execution.steps.HandleStaleOutputsStep.execute(HandleStaleOutputsStep.java:41)
  	at org.gradle.internal.execution.steps.AssignMutableWorkspaceStep.lambda$execute$0(AssignMutableWorkspaceStep.java:35)
  	at org.gradle.api.internal.tasks.execution.TaskExecution$4.withWorkspace(TaskExecution.java:289)
  	at org.gradle.internal.execution.steps.AssignMutableWorkspaceStep.execute(AssignMutableWorkspaceStep.java:31)
  	at org.gradle.internal.execution.steps.AssignMutableWorkspaceStep.execute(AssignMutableWorkspaceStep.java:22)
  	at org.gradle.internal.execution.steps.ChoosePipelineStep.execute(ChoosePipelineStep.java:40)
  	at org.gradle.internal.execution.steps.ChoosePipelineStep.execute(ChoosePipelineStep.java:23)
  	at org.gradle.internal.execution.steps.ExecuteWorkBuildOperationFiringStep.lambda$execute$2(ExecuteWorkBuildOperationFiringStep.java:67)
  	at java.base/java.util.Optional.orElseGet(Optional.java:364)
  	at org.gradle.internal.execution.steps.ExecuteWorkBuildOperationFiringStep.execute(ExecuteWorkBuildOperationFiringStep.java:67)
  	at org.gradle.internal.execution.steps.ExecuteWorkBuildOperationFiringStep.execute(ExecuteWorkBuildOperationFiringStep.java:39)
  	at org.gradle.internal.execution.steps.IdentityCacheStep.execute(IdentityCacheStep.java:46)
  	at org.gradle.internal.execution.steps.IdentityCacheStep.execute(IdentityCacheStep.java:34)
  	at org.gradle.internal.execution.steps.IdentifyStep.execute(IdentifyStep.java:48)
  	at org.gradle.internal.execution.steps.IdentifyStep.execute(IdentifyStep.java:35)
  	at org.gradle.internal.execution.impl.DefaultExecutionEngine$1.execute(DefaultExecutionEngine.java:61)
  	at org.gradle.api.internal.tasks.execution.ExecuteActionsTaskExecuter.executeIfValid(ExecuteActionsTaskExecuter.java:127)
  	at org.gradle.api.internal.tasks.execution.ExecuteActionsTaskExecuter.execute(ExecuteActionsTaskExecuter.java:116)
  	at org.gradle.api.internal.tasks.execution.FinalizePropertiesTaskExecuter.execute(FinalizePropertiesTaskExecuter.java:46)
  	at org.gradle.api.internal.tasks.execution.ResolveTaskExecutionModeExecuter.execute(ResolveTaskExecutionModeExecuter.java:51)
  	at org.gradle.api.internal.tasks.execution.SkipTaskWithNoActionsExecuter.execute(SkipTaskWithNoActionsExecuter.java:57)
  	at org.gradle.api.internal.tasks.execution.SkipOnlyIfTaskExecuter.execute(SkipOnlyIfTaskExecuter.java:74)
  	at org.gradle.api.internal.tasks.execution.CatchExceptionTaskExecuter.execute(CatchExceptionTaskExecuter.java:36)
  	at org.gradle.api.internal.tasks.execution.EventFiringTaskExecuter$1.executeTask(EventFiringTaskExecuter.java:77)
  	at org.gradle.api.internal.tasks.execution.EventFiringTaskExecuter$1.call(EventFiringTaskExecuter.java:55)
  	at org.gradle.api.internal.tasks.execution.EventFiringTaskExecuter$1.call(EventFiringTaskExecuter.java:52)
  	at org.gradle.internal.operations.DefaultBuildOperationRunner$CallableBuildOperationWorker.execute(DefaultBuildOperationRunner.java:209)
  	at org.gradle.internal.operations.DefaultBuildOperationRunner$CallableBuildOperationWorker.execute(DefaultBuildOperationRunner.java:204)
  	at org.gradle.internal.operations.DefaultBuildOperationRunner$2.execute(DefaultBuildOperationRunner.java:66)
  	at org.gradle.internal.operations.DefaultBuildOperationRunner$2.execute(DefaultBuildOperationRunner.java:59)
  	at org.gradle.internal.operations.DefaultBuildOperationRunner.execute(DefaultBuildOperationRunner.java:166)
  	at org.gradle.internal.operations.DefaultBuildOperationRunner.execute(DefaultBuildOperationRunner.java:59)
  	at org.gradle.internal.operations.DefaultBuildOperationRunner.call(DefaultBuildOperationRunner.java:53)
  	at org.gradle.api.internal.tasks.execution.EventFiringTaskExecuter.execute(EventFiringTaskExecuter.java:52)
  	at org.gradle.execution.plan.LocalTaskNodeExecutor.execute(LocalTaskNodeExecutor.java:42)
  	at org.gradle.execution.taskgraph.DefaultTaskExecutionGraph$InvokeNodeExecutorsAction.execute(DefaultTaskExecutionGraph.java:331)
  	at org.gradle.execution.taskgraph.DefaultTaskExecutionGraph$InvokeNodeExecutorsAction.execute(DefaultTaskExecutionGraph.java:318)
  	at org.gradle.execution.taskgraph.DefaultTaskExecutionGraph$BuildOperationAwareExecutionAction.lambda$execute$0(DefaultTaskExecutionGraph.java:314)
  	at org.gradle.internal.operations.CurrentBuildOperationRef.with(CurrentBuildOperationRef.java:85)
  	at org.gradle.execution.taskgraph.DefaultTaskExecutionGraph$BuildOperationAwareExecutionAction.execute(DefaultTaskExecutionGraph.java:314)
  	at org.gradle.execution.taskgraph.DefaultTaskExecutionGraph$BuildOperationAwareExecutionAction.execute(DefaultTaskExecutionGraph.java:303)
  	at org.gradle.execution.plan.DefaultPlanExecutor$ExecutorWorker.execute(DefaultPlanExecutor.java:459)
  	at org.gradle.execution.plan.DefaultPlanExecutor$ExecutorWorker.run(DefaultPlanExecutor.java:376)
  	at org.gradle.internal.concurrent.ExecutorPolicy$CatchAndRecordFailures.onExecute(ExecutorPolicy.java:64)
  	at org.gradle.internal.concurrent.AbstractManagedExecutor$1.run(AbstractManagedExecutor.java:48)
  	at java.base/java.util.concurrent.ThreadPoolExecutor.runWorker(ThreadPoolExecutor.java:1144)
  	at java.base/java.util.concurrent.ThreadPoolExecutor$Worker.run(ThreadPoolExecutor.java:642)
  	at java.base/java.lang.Thread.run(Thread.java:1583)
  Caused by: com.android.ide.common.process.ProcessException: Error while executing process /data/data/com.termux/files/home/android-sdk/cmake/3.31.6/bin/cmake with arguments {-H/data/data/com.termux/files/home/HyperPS3/HyperPS3/app/src/main/cpp -DCMAKE_SYSTEM_NAME=Android -DCMAKE_EXPORT_COMPILE_COMMANDS=ON -DCMAKE_SYSTEM_VERSION=28 -DANDROID_PLATFORM=android-28 -DANDROID_ABI=arm64-v8a -DCMAKE_ANDROID_ARCH_ABI=arm64-v8a -DANDROID_NDK=/data/data/com.termux/files/home/android-sdk/ndk/27.0.12077973 -DCMAKE_ANDROID_NDK=/data/data/com.termux/files/home/android-sdk/ndk/27.0.12077973 -DCMAKE_TOOLCHAIN_FILE=/data/data/com.termux/files/home/android-sdk/ndk/27.0.12077973/build/cmake/android.toolchain.cmake -DCMAKE_MAKE_PROGRAM=/data/data/com.termux/files/home/android-sdk/cmake/3.31.6/bin/ninja -DCMAKE_LIBRARY_OUTPUT_DIRECTORY=/data/data/com.termux/files/home/HyperPS3/HyperPS3/app/build/intermediates/cxx/Debug/u3g4u6s2/obj/arm64-v8a -DCMAKE_RUNTIME_OUTPUT_DIRECTORY=/data/data/com.termux/files/home/HyperPS3/HyperPS3/app/build/intermediates/cxx/Debug/u3g4u6s2/obj/arm64-v8a -DCMAKE_BUILD_TYPE=Debug -B/data/data/com.termux/files/home/HyperPS3/HyperPS3/app/.cxx/Debug/u3g4u6s2/arm64-v8a -GNinja}
  	at com.android.build.gradle.internal.process.GradleProcessResult.buildProcessException(GradleProcessResult.java:73)
  	at com.android.build.gradle.internal.process.GradleProcessResult.assertNormalExitValue(GradleProcessResult.java:48)
  	at com.android.build.gradle.internal.cxx.process.ExecuteProcessKt.execute(ExecuteProcess.kt:277)
  	... 139 more
  Caused by: org.gradle.process.internal.ExecException: Process 'command '/data/data/com.termux/files/home/android-sdk/cmake/3.31.6/bin/cmake'' finished with non-zero exit value 1
  	at org.gradle.process.internal.DefaultExecHandle$ExecResultImpl.assertNormalExitValue(DefaultExecHandle.java:442)
  	at com.android.build.gradle.internal.process.GradleProcessResult.assertNormalExitValue(GradleProcessResult.java:46)
  	... 140 more


* Try:
> Run with --debug option to get more log output.
> Run with --scan to get full insights.
> Get more help at https://help.gradle.org.

* Exception is:
org.gradle.api.tasks.TaskExecutionException: Execution failed for task ':app:configureCMakeDebug[arm64-v8a]'.
	at org.gradle.api.internal.tasks.execution.ExecuteActionsTaskExecuter.lambda$executeIfValid$1(ExecuteActionsTaskExecuter.java:130)
	at org.gradle.internal.Try$Failure.ifSuccessfulOrElse(Try.java:293)
	at org.gradle.api.internal.tasks.execution.ExecuteActionsTaskExecuter.executeIfValid(ExecuteActionsTaskExecuter.java:128)
	at org.gradle.api.internal.tasks.execution.ExecuteActionsTaskExecuter.execute(ExecuteActionsTaskExecuter.java:116)
	at org.gradle.api.internal.tasks.execution.FinalizePropertiesTaskExecuter.execute(FinalizePropertiesTaskExecuter.java:46)
	at org.gradle.api.internal.tasks.execution.ResolveTaskExecutionModeExecuter.execute(ResolveTaskExecutionModeExecuter.java:51)
	at org.gradle.api.internal.tasks.execution.SkipTaskWithNoActionsExecuter.execute(SkipTaskWithNoActionsExecuter.java:57)
	at org.gradle.api.internal.tasks.execution.SkipOnlyIfTaskExecuter.execute(SkipOnlyIfTaskExecuter.java:74)
	at org.gradle.api.internal.tasks.execution.CatchExceptionTaskExecuter.execute(CatchExceptionTaskExecuter.java:36)
	at org.gradle.api.internal.tasks.execution.EventFiringTaskExecuter$1.executeTask(EventFiringTaskExecuter.java:77)
	at org.gradle.api.internal.tasks.execution.EventFiringTaskExecuter$1.call(EventFiringTaskExecuter.java:55)
	at org.gradle.api.internal.tasks.execution.EventFiringTaskExecuter$1.call(EventFiringTaskExecuter.java:52)
	at org.gradle.internal.operations.DefaultBuildOperationRunner$CallableBuildOperationWorker.execute(DefaultBuildOperationRunner.java:209)
	at org.gradle.internal.operations.DefaultBuildOperationRunner$CallableBuildOperationWorker.execute(DefaultBuildOperationRunner.java:204)
	at org.gradle.internal.operations.DefaultBuildOperationRunner$2.execute(DefaultBuildOperationRunner.java:66)
	at org.gradle.internal.operations.DefaultBuildOperationRunner$2.execute(DefaultBuildOperationRunner.java:59)
	at org.gradle.internal.operations.DefaultBuildOperationRunner.execute(DefaultBuildOperationRunner.java:166)
	at org.gradle.internal.operations.DefaultBuildOperationRunner.execute(DefaultBuildOperationRunner.java:59)
	at org.gradle.internal.operations.DefaultBuildOperationRunner.call(DefaultBuildOperationRunner.java:53)
	at org.gradle.api.internal.tasks.execution.EventFiringTaskExecuter.execute(EventFiringTaskExecuter.java:52)
	at org.gradle.execution.plan.LocalTaskNodeExecutor.execute(LocalTaskNodeExecutor.java:42)
	at org.gradle.execution.taskgraph.DefaultTaskExecutionGraph$InvokeNodeExecutorsAction.execute(DefaultTaskExecutionGraph.java:331)
	at org.gradle.execution.taskgraph.DefaultTaskExecutionGraph$InvokeNodeExecutorsAction.execute(DefaultTaskExecutionGraph.java:318)
	at org.gradle.execution.taskgraph.DefaultTaskExecutionGraph$BuildOperationAwareExecutionAction.lambda$execute$0(DefaultTaskExecutionGraph.java:314)
	at org.gradle.internal.operations.CurrentBuildOperationRef.with(CurrentBuildOperationRef.java:85)
	at org.gradle.execution.taskgraph.DefaultTaskExecutionGraph$BuildOperationAwareExecutionAction.execute(DefaultTaskExecutionGraph.java:314)
	at org.gradle.execution.taskgraph.DefaultTaskExecutionGraph$BuildOperationAwareExecutionAction.execute(DefaultTaskExecutionGraph.java:303)
	at org.gradle.execution.plan.DefaultPlanExecutor$ExecutorWorker.execute(DefaultPlanExecutor.java:459)
	at org.gradle.execution.plan.DefaultPlanExecutor$ExecutorWorker.run(DefaultPlanExecutor.java:376)
	at org.gradle.internal.concurrent.ExecutorPolicy$CatchAndRecordFailures.onExecute(ExecutorPolicy.java:64)
	at org.gradle.internal.concurrent.AbstractManagedExecutor$1.run(AbstractManagedExecutor.java:48)
Caused by: com.android.builder.errors.EvalIssueException: [CXX1429] error when building with cmake using /data/data/com.termux/files/home/HyperPS3/HyperPS3/app/src/main/cpp/CMakeLists.txt: -- The C compiler identification is unknown
-- The CXX compiler identification is unknown
-- Configuring incomplete, errors occurred!

C++ build system [configure] failed while executing:
    /data/data/com.termux/files/home/android-sdk/cmake/3.31.6/bin/cmake \
      -H/data/data/com.termux/files/home/HyperPS3/HyperPS3/app/src/main/cpp \
      -DCMAKE_SYSTEM_NAME=Android \
      -DCMAKE_EXPORT_COMPILE_COMMANDS=ON \
      -DCMAKE_SYSTEM_VERSION=28 \
      -DANDROID_PLATFORM=android-28 \
      -DANDROID_ABI=arm64-v8a \
      -DCMAKE_ANDROID_ARCH_ABI=arm64-v8a \
      -DANDROID_NDK=/data/data/com.termux/files/home/android-sdk/ndk/27.0.12077973 \
      -DCMAKE_ANDROID_NDK=/data/data/com.termux/files/home/android-sdk/ndk/27.0.12077973 \
      -DCMAKE_TOOLCHAIN_FILE=/data/data/com.termux/files/home/android-sdk/ndk/27.0.12077973/build/cmake/android.toolchain.cmake \
      -DCMAKE_MAKE_PROGRAM=/data/data/com.termux/files/home/android-sdk/cmake/3.31.6/bin/ninja \
      -DCMAKE_LIBRARY_OUTPUT_DIRECTORY=/data/data/com.termux/files/home/HyperPS3/HyperPS3/app/build/intermediates/cxx/Debug/u3g4u6s2/obj/arm64-v8a \
      -DCMAKE_RUNTIME_OUTPUT_DIRECTORY=/data/data/com.termux/files/home/HyperPS3/HyperPS3/app/build/intermediates/cxx/Debug/u3g4u6s2/obj/arm64-v8a \
      -DCMAKE_BUILD_TYPE=Debug \
      -B/data/data/com.termux/files/home/HyperPS3/HyperPS3/app/.cxx/Debug/u3g4u6s2/arm64-v8a \
      -GNinja
  from /data/data/com.termux/files/home/HyperPS3/HyperPS3/app
CMake Warning (deprecated) at /data/data/com.termux/files/home/android-sdk/ndk/27.0.12077973/build/cmake/android.toolchain.cmake:35 (cmake_minimum_required):
  Compatibility with CMake < 3.10 will be removed from a future version of
  CMake.

  Update the VERSION argument <min> value.  Or, use the <min>...<max> syntax
  to tell CMake that the project requires at least <min> but has been updated
  to work with policies introduced by <max> or earlier.
Call Stack (most recent call first):
  /data/data/com.termux/files/usr/share/cmake-4.4/Modules/CMakeDetermineSystem.cmake:152 (include)
  CMakeLists.txt:6 (project)
This warning is for project developers.  Use -Wno-author or -Wno-deprecated
to suppress it.

CMake Warning (deprecated) at /data/data/com.termux/files/home/android-sdk/ndk/27.0.12077973/build/cmake/android-legacy.toolchain.cmake:35 (cmake_minimum_required):
  Compatibility with CMake < 3.10 will be removed from a future version of
  CMake.

  Update the VERSION argument <min> value.  Or, use the <min>...<max> syntax
  to tell CMake that the project requires at least <min> but has been updated
  to work with policies introduced by <max> or earlier.
Call Stack (most recent call first):
  /data/data/com.termux/files/home/android-sdk/ndk/27.0.12077973/build/cmake/android.toolchain.cmake:55 (include)
  /data/data/com.termux/files/usr/share/cmake-4.4/Modules/CMakeDetermineSystem.cmake:152 (include)
  CMakeLists.txt:6 (project)
This warning is for project developers.  Use -Wno-author or -Wno-deprecated
to suppress it.

CMake Warning (deprecated) at /data/data/com.termux/files/home/android-sdk/ndk/27.0.12077973/build/cmake/android.toolchain.cmake:35 (cmake_minimum_required):
  Compatibility with CMake < 3.10 will be removed from a future version of
  CMake.

  Update the VERSION argument <min> value.  Or, use the <min>...<max> syntax
  to tell CMake that the project requires at least <min> but has been updated
  to work with policies introduced by <max> or earlier.
Call Stack (most recent call first):
  /data/data/com.termux/files/home/HyperPS3/HyperPS3/app/.cxx/Debug/u3g4u6s2/arm64-v8a/CMakeFiles/4.4.0/CMakeSystem.cmake:6 (include)
  CMakeLists.txt:6 (project)
This warning is for project developers.  Use -Wno-author or -Wno-deprecated
to suppress it.

CMake Error at CMakeLists.txt:6 (project):
  The CMAKE_C_COMPILER:

    /data/data/com.termux/files/home/android-sdk/ndk/27.0.12077973/toolchains/llvm/prebuilt/bin/clang

  is not a full path to an existing compiler tool.

  Tell CMake where to find the compiler by setting either the environment
  variable "CC" or the CMake cache entry CMAKE_C_COMPILER to the full path to
  the compiler, or to the compiler name if it is in the PATH.


CMake Error at CMakeLists.txt:6 (project):
  The CMAKE_CXX_COMPILER:

    /data/data/com.termux/files/home/android-sdk/ndk/27.0.12077973/toolchains/llvm/prebuilt/bin/clang++

  is not a full path to an existing compiler tool.

  Tell CMake where to find the compiler by setting either the environment
  variable "CXX" or the CMake cache entry CMAKE_CXX_COMPILER to the full path
  to the compiler, or to the compiler name if it is in the PATH. : com.android.ide.common.process.ProcessException: -- The C compiler identification is unknown
-- The CXX compiler identification is unknown
-- Configuring incomplete, errors occurred!

C++ build system [configure] failed while executing:
    /data/data/com.termux/files/home/android-sdk/cmake/3.31.6/bin/cmake \
      -H/data/data/com.termux/files/home/HyperPS3/HyperPS3/app/src/main/cpp \
      -DCMAKE_SYSTEM_NAME=Android \
      -DCMAKE_EXPORT_COMPILE_COMMANDS=ON \
      -DCMAKE_SYSTEM_VERSION=28 \
      -DANDROID_PLATFORM=android-28 \
      -DANDROID_ABI=arm64-v8a \
      -DCMAKE_ANDROID_ARCH_ABI=arm64-v8a \
      -DANDROID_NDK=/data/data/com.termux/files/home/android-sdk/ndk/27.0.12077973 \
      -DCMAKE_ANDROID_NDK=/data/data/com.termux/files/home/android-sdk/ndk/27.0.12077973 \
      -DCMAKE_TOOLCHAIN_FILE=/data/data/com.termux/files/home/android-sdk/ndk/27.0.12077973/build/cmake/android.toolchain.cmake \
      -DCMAKE_MAKE_PROGRAM=/data/data/com.termux/files/home/android-sdk/cmake/3.31.6/bin/ninja \
      -DCMAKE_LIBRARY_OUTPUT_DIRECTORY=/data/data/com.termux/files/home/HyperPS3/HyperPS3/app/build/intermediates/cxx/Debug/u3g4u6s2/obj/arm64-v8a \
      -DCMAKE_RUNTIME_OUTPUT_DIRECTORY=/data/data/com.termux/files/home/HyperPS3/HyperPS3/app/build/intermediates/cxx/Debug/u3g4u6s2/obj/arm64-v8a \
      -DCMAKE_BUILD_TYPE=Debug \
      -B/data/data/com.termux/files/home/HyperPS3/HyperPS3/app/.cxx/Debug/u3g4u6s2/arm64-v8a \
      -GNinja
  from /data/data/com.termux/files/home/HyperPS3/HyperPS3/app
CMake Warning (deprecated) at /data/data/com.termux/files/home/android-sdk/ndk/27.0.12077973/build/cmake/android.toolchain.cmake:35 (cmake_minimum_required):
  Compatibility with CMake < 3.10 will be removed from a future version of
  CMake.

  Update the VERSION argument <min> value.  Or, use the <min>...<max> syntax
  to tell CMake that the project requires at least <min> but has been updated
  to work with policies introduced by <max> or earlier.
Call Stack (most recent call first):
  /data/data/com.termux/files/usr/share/cmake-4.4/Modules/CMakeDetermineSystem.cmake:152 (include)
  CMakeLists.txt:6 (project)
This warning is for project developers.  Use -Wno-author or -Wno-deprecated
to suppress it.

CMake Warning (deprecated) at /data/data/com.termux/files/home/android-sdk/ndk/27.0.12077973/build/cmake/android-legacy.toolchain.cmake:35 (cmake_minimum_required):
  Compatibility with CMake < 3.10 will be removed from a future version of
  CMake.

  Update the VERSION argument <min> value.  Or, use the <min>...<max> syntax
  to tell CMake that the project requires at least <min> but has been updated
  to work with policies introduced by <max> or earlier.
Call Stack (most recent call first):
  /data/data/com.termux/files/home/android-sdk/ndk/27.0.12077973/build/cmake/android.toolchain.cmake:55 (include)
  /data/data/com.termux/files/usr/share/cmake-4.4/Modules/CMakeDetermineSystem.cmake:152 (include)
  CMakeLists.txt:6 (project)
This warning is for project developers.  Use -Wno-author or -Wno-deprecated
to suppress it.

CMake Warning (deprecated) at /data/data/com.termux/files/home/android-sdk/ndk/27.0.12077973/build/cmake/android.toolchain.cmake:35 (cmake_minimum_required):
  Compatibility with CMake < 3.10 will be removed from a future version of
  CMake.

  Update the VERSION argument <min> value.  Or, use the <min>...<max> syntax
  to tell CMake that the project requires at least <min> but has been updated
  to work with policies introduced by <max> or earlier.
Call Stack (most recent call first):
  /data/data/com.termux/files/home/HyperPS3/HyperPS3/app/.cxx/Debug/u3g4u6s2/arm64-v8a/CMakeFiles/4.4.0/CMakeSystem.cmake:6 (include)
  CMakeLists.txt:6 (project)
This warning is for project developers.  Use -Wno-author or -Wno-deprecated
to suppress it.

CMake Error at CMakeLists.txt:6 (project):
  The CMAKE_C_COMPILER:

    /data/data/com.termux/files/home/android-sdk/ndk/27.0.12077973/toolchains/llvm/prebuilt/bin/clang

  is not a full path to an existing compiler tool.

  Tell CMake where to find the compiler by setting either the environment
  variable "CC" or the CMake cache entry CMAKE_C_COMPILER to the full path to
  the compiler, or to the compiler name if it is in the PATH.


CMake Error at CMakeLists.txt:6 (project):
  The CMAKE_CXX_COMPILER:

    /data/data/com.termux/files/home/android-sdk/ndk/27.0.12077973/toolchains/llvm/prebuilt/bin/clang++

  is not a full path to an existing compiler tool.

  Tell CMake where to find the compiler by setting either the environment
  variable "CXX" or the CMake cache entry CMAKE_CXX_COMPILER to the full path
  to the compiler, or to the compiler name if it is in the PATH.
	at com.android.build.gradle.internal.cxx.process.ExecuteProcessKt.execute(ExecuteProcess.kt:288)
	at com.android.build.gradle.internal.cxx.process.ExecuteProcessKt$executeProcess$1.invoke(ExecuteProcess.kt:108)
	at com.android.build.gradle.internal.cxx.process.ExecuteProcessKt$executeProcess$1.invoke(ExecuteProcess.kt:106)
	at com.android.build.gradle.internal.cxx.timing.TimingEnvironmentKt.time(TimingEnvironment.kt:32)
	at com.android.build.gradle.internal.cxx.process.ExecuteProcessKt.executeProcess(ExecuteProcess.kt:106)
	at com.android.build.gradle.internal.cxx.process.ExecuteProcessKt.executeProcess$default(ExecuteProcess.kt:85)
	at com.android.build.gradle.tasks.CmakeQueryMetadataGenerator.executeProcess(CmakeFileApiMetadataGenerator.kt:59)
	at com.android.build.gradle.tasks.ExternalNativeJsonGenerator$configureOneAbi$1$1$3.invoke(ExternalNativeJsonGenerator.kt:247)
	at com.android.build.gradle.tasks.ExternalNativeJsonGenerator$configureOneAbi$1$1$3.invoke(ExternalNativeJsonGenerator.kt:247)
	at com.android.build.gradle.internal.cxx.timing.TimingEnvironmentKt.time(TimingEnvironment.kt:32)
	at com.android.build.gradle.tasks.ExternalNativeJsonGenerator.configureOneAbi(ExternalNativeJsonGenerator.kt:247)
	at com.android.build.gradle.tasks.ExternalNativeJsonGenerator.configure(ExternalNativeJsonGenerator.kt:113)
	at com.android.build.gradle.tasks.ExternalNativeBuildJsonTask.doTaskAction(ExternalNativeBuildJsonTask.kt:89)
	at com.android.build.gradle.internal.tasks.UnsafeOutputsTask$taskAction$$inlined$recordTaskAction$1.invoke(BaseTask.kt:59)
	at com.android.build.gradle.internal.tasks.Blocks.recordSpan(Blocks.java:51)
	at com.android.build.gradle.internal.tasks.UnsafeOutputsTask.taskAction(UnsafeOutputsTask.kt:81)
	at java.base/jdk.internal.reflect.DirectMethodHandleAccessor.invoke(DirectMethodHandleAccessor.java:103)
	at java.base/java.lang.reflect.Method.invoke(Method.java:580)
	at org.gradle.internal.reflect.JavaMethod.invoke(JavaMethod.java:125)
	at org.gradle.api.internal.project.taskfactory.StandardTaskAction.doExecute(StandardTaskAction.java:58)
	at org.gradle.api.internal.project.taskfactory.StandardTaskAction.execute(StandardTaskAction.java:51)
	at org.gradle.api.internal.project.taskfactory.StandardTaskAction.execute(StandardTaskAction.java:29)
	at org.gradle.api.internal.tasks.execution.TaskExecution$3.run(TaskExecution.java:244)
	at org.gradle.internal.operations.DefaultBuildOperationRunner$1.execute(DefaultBuildOperationRunner.java:29)
	at org.gradle.internal.operations.DefaultBuildOperationRunner$1.execute(DefaultBuildOperationRunner.java:26)
	at org.gradle.internal.operations.DefaultBuildOperationRunner$2.execute(DefaultBuildOperationRunner.java:66)
	at org.gradle.internal.operations.DefaultBuildOperationRunner$2.execute(DefaultBuildOperationRunner.java:59)
	at org.gradle.internal.operations.DefaultBuildOperationRunner.execute(DefaultBuildOperationRunner.java:166)
	at org.gradle.internal.operations.DefaultBuildOperationRunner.execute(DefaultBuildOperationRunner.java:59)
	at org.gradle.internal.operations.DefaultBuildOperationRunner.run(DefaultBuildOperationRunner.java:47)
	at org.gradle.api.internal.tasks.execution.TaskExecution.executeAction(TaskExecution.java:229)
	at org.gradle.api.internal.tasks.execution.TaskExecution.executeActions(TaskExecution.java:212)
	at org.gradle.api.internal.tasks.execution.TaskExecution.executeWithPreviousOutputFiles(TaskExecution.java:195)
	at org.gradle.api.internal.tasks.execution.TaskExecution.execute(TaskExecution.java:162)
	at org.gradle.internal.execution.steps.ExecuteStep.executeInternal(ExecuteStep.java:105)
	at org.gradle.internal.execution.steps.ExecuteStep.access$000(ExecuteStep.java:44)
	at org.gradle.internal.execution.steps.ExecuteStep$1.call(ExecuteStep.java:59)
	at org.gradle.internal.execution.steps.ExecuteStep$1.call(ExecuteStep.java:56)
	at org.gradle.internal.operations.DefaultBuildOperationRunner$CallableBuildOperationWorker.execute(DefaultBuildOperationRunner.java:209)
	at org.gradle.internal.operations.DefaultBuildOperationRunner$CallableBuildOperationWorker.execute(DefaultBuildOperationRunner.java:204)
	at org.gradle.internal.operations.DefaultBuildOperationRunner$2.execute(DefaultBuildOperationRunner.java:66)
	at org.gradle.internal.operations.DefaultBuildOperationRunner$2.execute(DefaultBuildOperationRunner.java:59)
	at org.gradle.internal.operations.DefaultBuildOperationRunner.execute(DefaultBuildOperationRunner.java:166)
	at org.gradle.internal.operations.DefaultBuildOperationRunner.execute(DefaultBuildOperationRunner.java:59)
	at org.gradle.internal.operations.DefaultBuildOperationRunner.call(DefaultBuildOperationRunner.java:53)
	at org.gradle.internal.execution.steps.ExecuteStep.execute(ExecuteStep.java:56)
	at org.gradle.internal.execution.steps.ExecuteStep.execute(ExecuteStep.java:44)
	at org.gradle.internal.execution.steps.CancelExecutionStep.execute(CancelExecutionStep.java:42)
	at org.gradle.internal.execution.steps.TimeoutStep.executeWithoutTimeout(TimeoutStep.java:75)
	at org.gradle.internal.execution.steps.TimeoutStep.execute(TimeoutStep.java:55)
	at org.gradle.internal.execution.steps.PreCreateOutputParentsStep.execute(PreCreateOutputParentsStep.java:50)
	at org.gradle.internal.execution.steps.PreCreateOutputParentsStep.execute(PreCreateOutputParentsStep.java:28)
	at org.gradle.internal.execution.steps.RemovePreviousOutputsStep.execute(RemovePreviousOutputsStep.java:67)
	at org.gradle.internal.execution.steps.RemovePreviousOutputsStep.execute(RemovePreviousOutputsStep.java:37)
	at org.gradle.internal.execution.steps.BroadcastChangingOutputsStep.execute(BroadcastChangingOutputsStep.java:61)
	at org.gradle.internal.execution.steps.BroadcastChangingOutputsStep.execute(BroadcastChangingOutputsStep.java:26)
	at org.gradle.internal.execution.steps.CaptureOutputsAfterExecutionStep.execute(CaptureOutputsAfterExecutionStep.java:69)
	at org.gradle.internal.execution.steps.CaptureOutputsAfterExecutionStep.execute(CaptureOutputsAfterExecutionStep.java:46)
	at org.gradle.internal.execution.steps.ResolveInputChangesStep.execute(ResolveInputChangesStep.java:40)
	at org.gradle.internal.execution.steps.ResolveInputChangesStep.execute(ResolveInputChangesStep.java:29)
	at org.gradle.internal.execution.steps.BuildCacheStep.executeWithoutCache(BuildCacheStep.java:189)
	at org.gradle.internal.execution.steps.BuildCacheStep.lambda$execute$1(BuildCacheStep.java:75)
	at org.gradle.internal.Either$Right.fold(Either.java:175)
	at org.gradle.internal.execution.caching.CachingState.fold(CachingState.java:62)
	at org.gradle.internal.execution.steps.BuildCacheStep.execute(BuildCacheStep.java:73)
	at org.gradle.internal.execution.steps.BuildCacheStep.execute(BuildCacheStep.java:48)
	at org.gradle.internal.execution.steps.StoreExecutionStateStep.execute(StoreExecutionStateStep.java:46)
	at org.gradle.internal.execution.steps.StoreExecutionStateStep.execute(StoreExecutionStateStep.java:35)
	at org.gradle.internal.execution.steps.SkipUpToDateStep.executeBecause(SkipUpToDateStep.java:75)
	at org.gradle.internal.execution.steps.SkipUpToDateStep.lambda$execute$2(SkipUpToDateStep.java:53)
	at java.base/java.util.Optional.orElseGet(Optional.java:364)
	at org.gradle.internal.execution.steps.SkipUpToDateStep.execute(SkipUpToDateStep.java:53)
	at org.gradle.internal.execution.steps.SkipUpToDateStep.execute(SkipUpToDateStep.java:35)
	at org.gradle.internal.execution.steps.legacy.MarkSnapshottingInputsFinishedStep.execute(MarkSnapshottingInputsFinishedStep.java:37)
	at org.gradle.internal.execution.steps.legacy.MarkSnapshottingInputsFinishedStep.execute(MarkSnapshottingInputsFinishedStep.java:27)
	at org.gradle.internal.execution.steps.ResolveIncrementalCachingStateStep.executeDelegate(ResolveIncrementalCachingStateStep.java:49)
	at org.gradle.internal.execution.steps.ResolveIncrementalCachingStateStep.executeDelegate(ResolveIncrementalCachingStateStep.java:27)
	at org.gradle.internal.execution.steps.AbstractResolveCachingStateStep.execute(AbstractResolveCachingStateStep.java:71)
	at org.gradle.internal.execution.steps.AbstractResolveCachingStateStep.execute(AbstractResolveCachingStateStep.java:39)
	at org.gradle.internal.execution.steps.ResolveChangesStep.execute(ResolveChangesStep.java:65)
	at org.gradle.internal.execution.steps.ResolveChangesStep.execute(ResolveChangesStep.java:36)
	at org.gradle.internal.execution.steps.ValidateStep.execute(ValidateStep.java:107)
	at org.gradle.internal.execution.steps.ValidateStep.execute(ValidateStep.java:56)
	at org.gradle.internal.execution.steps.AbstractCaptureStateBeforeExecutionStep.execute(AbstractCaptureStateBeforeExecutionStep.java:64)
	at org.gradle.internal.execution.steps.AbstractCaptureStateBeforeExecutionStep.execute(AbstractCaptureStateBeforeExecutionStep.java:43)
	at org.gradle.internal.execution.steps.AbstractSkipEmptyWorkStep.executeWithNonEmptySources(AbstractSkipEmptyWorkStep.java:125)
	at org.gradle.internal.execution.steps.AbstractSkipEmptyWorkStep.execute(AbstractSkipEmptyWorkStep.java:56)
	at org.gradle.internal.execution.steps.AbstractSkipEmptyWorkStep.execute(AbstractSkipEmptyWorkStep.java:36)
	at org.gradle.internal.execution.steps.legacy.MarkSnapshottingInputsStartedStep.execute(MarkSnapshottingInputsStartedStep.java:38)
	at org.gradle.internal.execution.steps.LoadPreviousExecutionStateStep.execute(LoadPreviousExecutionStateStep.java:36)
	at org.gradle.internal.execution.steps.LoadPreviousExecutionStateStep.execute(LoadPreviousExecutionStateStep.java:23)
	at org.gradle.internal.execution.steps.HandleStaleOutputsStep.execute(HandleStaleOutputsStep.java:75)
	at org.gradle.internal.execution.steps.HandleStaleOutputsStep.execute(HandleStaleOutputsStep.java:41)
	at org.gradle.internal.execution.steps.AssignMutableWorkspaceStep.lambda$execute$0(AssignMutableWorkspaceStep.java:35)
	at org.gradle.api.internal.tasks.execution.TaskExecution$4.withWorkspace(TaskExecution.java:289)
	at org.gradle.internal.execution.steps.AssignMutableWorkspaceStep.execute(AssignMutableWorkspaceStep.java:31)
	at org.gradle.internal.execution.steps.AssignMutableWorkspaceStep.execute(AssignMutableWorkspaceStep.java:22)
	at org.gradle.internal.execution.steps.ChoosePipelineStep.execute(ChoosePipelineStep.java:40)
	at org.gradle.internal.execution.steps.ChoosePipelineStep.execute(ChoosePipelineStep.java:23)
	at org.gradle.internal.execution.steps.ExecuteWorkBuildOperationFiringStep.lambda$execute$2(ExecuteWorkBuildOperationFiringStep.java:67)
	at java.base/java.util.Optional.orElseGet(Optional.java:364)
	at org.gradle.internal.execution.steps.ExecuteWorkBuildOperationFiringStep.execute(ExecuteWorkBuildOperationFiringStep.java:67)
	at org.gradle.internal.execution.steps.ExecuteWorkBuildOperationFiringStep.execute(ExecuteWorkBuildOperationFiringStep.java:39)
	at org.gradle.internal.execution.steps.IdentityCacheStep.execute(IdentityCacheStep.java:46)
	at org.gradle.internal.execution.steps.IdentityCacheStep.execute(IdentityCacheStep.java:34)
	at org.gradle.internal.execution.steps.IdentifyStep.execute(IdentifyStep.java:48)
	at org.gradle.internal.execution.steps.IdentifyStep.execute(IdentifyStep.java:35)
	at org.gradle.internal.execution.impl.DefaultExecutionEngine$1.execute(DefaultExecutionEngine.java:61)
	at org.gradle.api.internal.tasks.execution.ExecuteActionsTaskExecuter.executeIfValid(ExecuteActionsTaskExecuter.java:127)
	at org.gradle.api.internal.tasks.execution.ExecuteActionsTaskExecuter.execute(ExecuteActionsTaskExecuter.java:116)
	at org.gradle.api.internal.tasks.execution.FinalizePropertiesTaskExecuter.execute(FinalizePropertiesTaskExecuter.java:46)
	at org.gradle.api.internal.tasks.execution.ResolveTaskExecutionModeExecuter.execute(ResolveTaskExecutionModeExecuter.java:51)
	at org.gradle.api.internal.tasks.execution.SkipTaskWithNoActionsExecuter.execute(SkipTaskWithNoActionsExecuter.java:57)
	at org.gradle.api.internal.tasks.execution.SkipOnlyIfTaskExecuter.execute(SkipOnlyIfTaskExecuter.java:74)
	at org.gradle.api.internal.tasks.execution.CatchExceptionTaskExecuter.execute(CatchExceptionTaskExecuter.java:36)
	at org.gradle.api.internal.tasks.execution.EventFiringTaskExecuter$1.executeTask(EventFiringTaskExecuter.java:77)
	at org.gradle.api.internal.tasks.execution.EventFiringTaskExecuter$1.call(EventFiringTaskExecuter.java:55)
	at org.gradle.api.internal.tasks.execution.EventFiringTaskExecuter$1.call(EventFiringTaskExecuter.java:52)
	at org.gradle.internal.operations.DefaultBuildOperationRunner$CallableBuildOperationWorker.execute(DefaultBuildOperationRunner.java:209)
	at org.gradle.internal.operations.DefaultBuildOperationRunner$CallableBuildOperationWorker.execute(DefaultBuildOperationRunner.java:204)
	at org.gradle.internal.operations.DefaultBuildOperationRunner$2.execute(DefaultBuildOperationRunner.java:66)
	at org.gradle.internal.operations.DefaultBuildOperationRunner$2.execute(DefaultBuildOperationRunner.java:59)
	at org.gradle.internal.operations.DefaultBuildOperationRunner.execute(DefaultBuildOperationRunner.java:166)
	at org.gradle.internal.operations.DefaultBuildOperationRunner.execute(DefaultBuildOperationRunner.java:59)
	at org.gradle.internal.operations.DefaultBuildOperationRunner.call(DefaultBuildOperationRunner.java:53)
	at org.gradle.api.internal.tasks.execution.EventFiringTaskExecuter.execute(EventFiringTaskExecuter.java:52)
	at org.gradle.execution.plan.LocalTaskNodeExecutor.execute(LocalTaskNodeExecutor.java:42)
	at org.gradle.execution.taskgraph.DefaultTaskExecutionGraph$InvokeNodeExecutorsAction.execute(DefaultTaskExecutionGraph.java:331)
	at org.gradle.execution.taskgraph.DefaultTaskExecutionGraph$InvokeNodeExecutorsAction.execute(DefaultTaskExecutionGraph.java:318)
	at org.gradle.execution.taskgraph.DefaultTaskExecutionGraph$BuildOperationAwareExecutionAction.lambda$execute$0(DefaultTaskExecutionGraph.java:314)
	at org.gradle.internal.operations.CurrentBuildOperationRef.with(CurrentBuildOperationRef.java:85)
	at org.gradle.execution.taskgraph.DefaultTaskExecutionGraph$BuildOperationAwareExecutionAction.execute(DefaultTaskExecutionGraph.java:314)
	at org.gradle.execution.taskgraph.DefaultTaskExecutionGraph$BuildOperationAwareExecutionAction.execute(DefaultTaskExecutionGraph.java:303)
	at org.gradle.execution.plan.DefaultPlanExecutor$ExecutorWorker.execute(DefaultPlanExecutor.java:459)
	at org.gradle.execution.plan.DefaultPlanExecutor$ExecutorWorker.run(DefaultPlanExecutor.java:376)
	at org.gradle.internal.concurrent.ExecutorPolicy$CatchAndRecordFailures.onExecute(ExecutorPolicy.java:64)
	at org.gradle.internal.concurrent.AbstractManagedExecutor$1.run(AbstractManagedExecutor.java:48)
	at java.base/java.util.concurrent.ThreadPoolExecutor.runWorker(ThreadPoolExecutor.java:1144)
	at java.base/java.util.concurrent.ThreadPoolExecutor$Worker.run(ThreadPoolExecutor.java:642)
	at java.base/java.lang.Thread.run(Thread.java:1583)
Caused by: com.android.ide.common.process.ProcessException: Error while executing process /data/data/com.termux/files/home/android-sdk/cmake/3.31.6/bin/cmake with arguments {-H/data/data/com.termux/files/home/HyperPS3/HyperPS3/app/src/main/cpp -DCMAKE_SYSTEM_NAME=Android -DCMAKE_EXPORT_COMPILE_COMMANDS=ON -DCMAKE_SYSTEM_VERSION=28 -DANDROID_PLATFORM=android-28 -DANDROID_ABI=arm64-v8a -DCMAKE_ANDROID_ARCH_ABI=arm64-v8a -DANDROID_NDK=/data/data/com.termux/files/home/android-sdk/ndk/27.0.12077973 -DCMAKE_ANDROID_NDK=/data/data/com.termux/files/home/android-sdk/ndk/27.0.12077973 -DCMAKE_TOOLCHAIN_FILE=/data/data/com.termux/files/home/android-sdk/ndk/27.0.12077973/build/cmake/android.toolchain.cmake -DCMAKE_MAKE_PROGRAM=/data/data/com.termux/files/home/android-sdk/cmake/3.31.6/bin/ninja -DCMAKE_LIBRARY_OUTPUT_DIRECTORY=/data/data/com.termux/files/home/HyperPS3/HyperPS3/app/build/intermediates/cxx/Debug/u3g4u6s2/obj/arm64-v8a -DCMAKE_RUNTIME_OUTPUT_DIRECTORY=/data/data/com.termux/files/home/HyperPS3/HyperPS3/app/build/intermediates/cxx/Debug/u3g4u6s2/obj/arm64-v8a -DCMAKE_BUILD_TYPE=Debug -B/data/data/com.termux/files/home/HyperPS3/HyperPS3/app/.cxx/Debug/u3g4u6s2/arm64-v8a -GNinja}
	at com.android.build.gradle.internal.process.GradleProcessResult.buildProcessException(GradleProcessResult.java:73)
	at com.android.build.gradle.internal.process.GradleProcessResult.assertNormalExitValue(GradleProcessResult.java:48)
	at com.android.build.gradle.internal.cxx.process.ExecuteProcessKt.execute(ExecuteProcess.kt:277)
	... 139 more
Caused by: org.gradle.process.internal.ExecException: Process 'command '/data/data/com.termux/files/home/android-sdk/cmake/3.31.6/bin/cmake'' finished with non-zero exit value 1
	at org.gradle.process.internal.DefaultExecHandle$ExecResultImpl.assertNormalExitValue(DefaultExecHandle.java:442)
	at com.android.build.gradle.internal.process.GradleProcessResult.assertNormalExitValue(GradleProcessResult.java:46)
	... 140 more

	at com.android.builder.errors.IssueReporter.reportError(IssueReporter.kt:118)
	at com.android.builder.errors.IssueReporter.reportError$default(IssueReporter.kt:114)
	at com.android.build.gradle.internal.cxx.logging.IssueReporterLoggingEnvironment.log(IssueReporterLoggingEnvironment.kt:113)
	at com.android.build.gradle.internal.cxx.logging.ThreadLoggingEnvironment$Companion.reportFormattedErrorToCurrentLogger(LoggingEnvironment.kt:230)
	at com.android.build.gradle.internal.cxx.logging.LoggingEnvironmentKt.errorln(LoggingEnvironment.kt:62)
	at com.android.build.gradle.tasks.ExternalNativeJsonGenerator.configure(ExternalNativeJsonGenerator.kt:121)
	at com.android.build.gradle.tasks.ExternalNativeBuildJsonTask.doTaskAction(ExternalNativeBuildJsonTask.kt:89)
	at com.android.build.gradle.internal.tasks.UnsafeOutputsTask$taskAction$$inlined$recordTaskAction$1.invoke(BaseTask.kt:59)
	at com.android.build.gradle.internal.tasks.Blocks.recordSpan(Blocks.java:51)
	at com.android.build.gradle.internal.tasks.UnsafeOutputsTask.taskAction(UnsafeOutputsTask.kt:81)
	at java.base/jdk.internal.reflect.DirectMethodHandleAccessor.invoke(DirectMethodHandleAccessor.java:103)
	at org.gradle.internal.reflect.JavaMethod.invoke(JavaMethod.java:125)
	at org.gradle.api.internal.project.taskfactory.StandardTaskAction.doExecute(StandardTaskAction.java:58)
	at org.gradle.api.internal.project.taskfactory.StandardTaskAction.execute(StandardTaskAction.java:51)
	at org.gradle.api.internal.project.taskfactory.StandardTaskAction.execute(StandardTaskAction.java:29)
	at org.gradle.api.internal.tasks.execution.TaskExecution$3.run(TaskExecution.java:244)
	at org.gradle.internal.operations.DefaultBuildOperationRunner$1.execute(DefaultBuildOperationRunner.java:29)
	at org.gradle.internal.operations.DefaultBuildOperationRunner$1.execute(DefaultBuildOperationRunner.java:26)
	at org.gradle.internal.operations.DefaultBuildOperationRunner$2.execute(DefaultBuildOperationRunner.java:66)
	at org.gradle.internal.operations.DefaultBuildOperationRunner$2.execute(DefaultBuildOperationRunner.java:59)
	at org.gradle.internal.operations.DefaultBuildOperationRunner.execute(DefaultBuildOperationRunner.java:166)
	at org.gradle.internal.operations.DefaultBuildOperationRunner.execute(DefaultBuildOperationRunner.java:59)
	at org.gradle.internal.operations.DefaultBuildOperationRunner.run(DefaultBuildOperationRunner.java:47)
	at org.gradle.api.internal.tasks.execution.TaskExecution.executeAction(TaskExecution.java:229)
	at org.gradle.api.internal.tasks.execution.TaskExecution.executeActions(TaskExecution.java:212)
	at org.gradle.api.internal.tasks.execution.TaskExecution.executeWithPreviousOutputFiles(TaskExecution.java:195)
	at org.gradle.api.internal.tasks.execution.TaskExecution.execute(TaskExecution.java:162)
	at org.gradle.internal.execution.steps.ExecuteStep.executeInternal(ExecuteStep.java:105)
	at org.gradle.internal.execution.steps.ExecuteStep.access$000(ExecuteStep.java:44)
	at org.gradle.internal.execution.steps.ExecuteStep$1.call(ExecuteStep.java:59)
	at org.gradle.internal.execution.steps.ExecuteStep$1.call(ExecuteStep.java:56)
	at org.gradle.internal.operations.DefaultBuildOperationRunner$CallableBuildOperationWorker.execute(DefaultBuildOperationRunner.java:209)
	at org.gradle.internal.operations.DefaultBuildOperationRunner$CallableBuildOperationWorker.execute(DefaultBuildOperationRunner.java:204)
	at org.gradle.internal.operations.DefaultBuildOperationRunner$2.execute(DefaultBuildOperationRunner.java:66)
	at org.gradle.internal.operations.DefaultBuildOperationRunner$2.execute(DefaultBuildOperationRunner.java:59)
	at org.gradle.internal.operations.DefaultBuildOperationRunner.execute(DefaultBuildOperationRunner.java:166)
	at org.gradle.internal.operations.DefaultBuildOperationRunner.execute(DefaultBuildOperationRunner.java:59)
	at org.gradle.internal.operations.DefaultBuildOperationRunner.call(DefaultBuildOperationRunner.java:53)
	at org.gradle.internal.execution.steps.ExecuteStep.execute(ExecuteStep.java:56)
	at org.gradle.internal.execution.steps.ExecuteStep.execute(ExecuteStep.java:44)
	at org.gradle.internal.execution.steps.CancelExecutionStep.execute(CancelExecutionStep.java:42)
	at org.gradle.internal.execution.steps.TimeoutStep.executeWithoutTimeout(TimeoutStep.java:75)
	at org.gradle.internal.execution.steps.TimeoutStep.execute(TimeoutStep.java:55)
	at org.gradle.internal.execution.steps.PreCreateOutputParentsStep.execute(PreCreateOutputParentsStep.java:50)
	at org.gradle.internal.execution.steps.PreCreateOutputParentsStep.execute(PreCreateOutputParentsStep.java:28)
	at org.gradle.internal.execution.steps.RemovePreviousOutputsStep.execute(RemovePreviousOutputsStep.java:67)
	at org.gradle.internal.execution.steps.RemovePreviousOutputsStep.execute(RemovePreviousOutputsStep.java:37)
	at org.gradle.internal.execution.steps.BroadcastChangingOutputsStep.execute(BroadcastChangingOutputsStep.java:61)
	at org.gradle.internal.execution.steps.BroadcastChangingOutputsStep.execute(BroadcastChangingOutputsStep.java:26)
	at org.gradle.internal.execution.steps.CaptureOutputsAfterExecutionStep.execute(CaptureOutputsAfterExecutionStep.java:69)
	at org.gradle.internal.execution.steps.CaptureOutputsAfterExecutionStep.execute(CaptureOutputsAfterExecutionStep.java:46)
	at org.gradle.internal.execution.steps.ResolveInputChangesStep.execute(ResolveInputChangesStep.java:40)
	at org.gradle.internal.execution.steps.ResolveInputChangesStep.execute(ResolveInputChangesStep.java:29)
	at org.gradle.internal.execution.steps.BuildCacheStep.executeWithoutCache(BuildCacheStep.java:189)
	at org.gradle.internal.execution.steps.BuildCacheStep.lambda$execute$1(BuildCacheStep.java:75)
	at org.gradle.internal.Either$Right.fold(Either.java:175)
	at org.gradle.internal.execution.caching.CachingState.fold(CachingState.java:62)
	at org.gradle.internal.execution.steps.BuildCacheStep.execute(BuildCacheStep.java:73)
	at org.gradle.internal.execution.steps.BuildCacheStep.execute(BuildCacheStep.java:48)
	at org.gradle.internal.execution.steps.StoreExecutionStateStep.execute(StoreExecutionStateStep.java:46)
	at org.gradle.internal.execution.steps.StoreExecutionStateStep.execute(StoreExecutionStateStep.java:35)
	at org.gradle.internal.execution.steps.SkipUpToDateStep.executeBecause(SkipUpToDateStep.java:75)
	at org.gradle.internal.execution.steps.SkipUpToDateStep.lambda$execute$2(SkipUpToDateStep.java:53)
	at org.gradle.internal.execution.steps.SkipUpToDateStep.execute(SkipUpToDateStep.java:53)
	at org.gradle.internal.execution.steps.SkipUpToDateStep.execute(SkipUpToDateStep.java:35)
	at org.gradle.internal.execution.steps.legacy.MarkSnapshottingInputsFinishedStep.execute(MarkSnapshottingInputsFinishedStep.java:37)
	at org.gradle.internal.execution.steps.legacy.MarkSnapshottingInputsFinishedStep.execute(MarkSnapshottingInputsFinishedStep.java:27)
	at org.gradle.internal.execution.steps.ResolveIncrementalCachingStateStep.executeDelegate(ResolveIncrementalCachingStateStep.java:49)
	at org.gradle.internal.execution.steps.ResolveIncrementalCachingStateStep.executeDelegate(ResolveIncrementalCachingStateStep.java:27)
	at org.gradle.internal.execution.steps.AbstractResolveCachingStateStep.execute(AbstractResolveCachingStateStep.java:71)
	at org.gradle.internal.execution.steps.AbstractResolveCachingStateStep.execute(AbstractResolveCachingStateStep.java:39)
	at org.gradle.internal.execution.steps.ResolveChangesStep.execute(ResolveChangesStep.java:65)
	at org.gradle.internal.execution.steps.ResolveChangesStep.execute(ResolveChangesStep.java:36)
	at org.gradle.internal.execution.steps.ValidateStep.execute(ValidateStep.java:107)
	at org.gradle.internal.execution.steps.ValidateStep.execute(ValidateStep.java:56)
	at org.gradle.internal.execution.steps.AbstractCaptureStateBeforeExecutionStep.execute(AbstractCaptureStateBeforeExecutionStep.java:64)
	at org.gradle.internal.execution.steps.AbstractCaptureStateBeforeExecutionStep.execute(AbstractCaptureStateBeforeExecutionStep.java:43)
	at org.gradle.internal.execution.steps.AbstractSkipEmptyWorkStep.executeWithNonEmptySources(AbstractSkipEmptyWorkStep.java:125)
	at org.gradle.internal.execution.steps.AbstractSkipEmptyWorkStep.execute(AbstractSkipEmptyWorkStep.java:56)
	at org.gradle.internal.execution.steps.AbstractSkipEmptyWorkStep.execute(AbstractSkipEmptyWorkStep.java:36)
	at org.gradle.internal.execution.steps.legacy.MarkSnapshottingInputsStartedStep.execute(MarkSnapshottingInputsStartedStep.java:38)
	at org.gradle.internal.execution.steps.LoadPreviousExecutionStateStep.execute(LoadPreviousExecutionStateStep.java:36)
	at org.gradle.internal.execution.steps.LoadPreviousExecutionStateStep.execute(LoadPreviousExecutionStateStep.java:23)
	at org.gradle.internal.execution.steps.HandleStaleOutputsStep.execute(HandleStaleOutputsStep.java:75)
	at org.gradle.internal.execution.steps.HandleStaleOutputsStep.execute(HandleStaleOutputsStep.java:41)
	at org.gradle.internal.execution.steps.AssignMutableWorkspaceStep.lambda$execute$0(AssignMutableWorkspaceStep.java:35)
	at org.gradle.api.internal.tasks.execution.TaskExecution$4.withWorkspace(TaskExecution.java:289)
	at org.gradle.internal.execution.steps.AssignMutableWorkspaceStep.execute(AssignMutableWorkspaceStep.java:31)
	at org.gradle.internal.execution.steps.AssignMutableWorkspaceStep.execute(AssignMutableWorkspaceStep.java:22)
	at org.gradle.internal.execution.steps.ChoosePipelineStep.execute(ChoosePipelineStep.java:40)
	at org.gradle.internal.execution.steps.ChoosePipelineStep.execute(ChoosePipelineStep.java:23)
	at org.gradle.internal.execution.steps.ExecuteWorkBuildOperationFiringStep.lambda$execute$2(ExecuteWorkBuildOperationFiringStep.java:67)
	at org.gradle.internal.execution.steps.ExecuteWorkBuildOperationFiringStep.execute(ExecuteWorkBuildOperationFiringStep.java:67)
	at org.gradle.internal.execution.steps.ExecuteWorkBuildOperationFiringStep.execute(ExecuteWorkBuildOperationFiringStep.java:39)
	at org.gradle.internal.execution.steps.IdentityCacheStep.execute(IdentityCacheStep.java:46)
	at org.gradle.internal.execution.steps.IdentityCacheStep.execute(IdentityCacheStep.java:34)
	at org.gradle.internal.execution.steps.IdentifyStep.execute(IdentifyStep.java:48)
	at org.gradle.internal.execution.steps.IdentifyStep.execute(IdentifyStep.java:35)
	at org.gradle.internal.execution.impl.DefaultExecutionEngine$1.execute(DefaultExecutionEngine.java:61)
	at org.gradle.api.internal.tasks.execution.ExecuteActionsTaskExecuter.executeIfValid(ExecuteActionsTaskExecuter.java:127)
	at org.gradle.api.internal.tasks.execution.ExecuteActionsTaskExecuter.execute(ExecuteActionsTaskExecuter.java:116)
	at org.gradle.api.internal.tasks.execution.FinalizePropertiesTaskExecuter.execute(FinalizePropertiesTaskExecuter.java:46)
	at org.gradle.api.internal.tasks.execution.ResolveTaskExecutionModeExecuter.execute(ResolveTaskExecutionModeExecuter.java:51)
	at org.gradle.api.internal.tasks.execution.SkipTaskWithNoActionsExecuter.execute(SkipTaskWithNoActionsExecuter.java:57)
	at org.gradle.api.internal.tasks.execution.SkipOnlyIfTaskExecuter.execute(SkipOnlyIfTaskExecuter.java:74)
	at org.gradle.api.internal.tasks.execution.CatchExceptionTaskExecuter.execute(CatchExceptionTaskExecuter.java:36)
	at org.gradle.api.internal.tasks.execution.EventFiringTaskExecuter$1.executeTask(EventFiringTaskExecuter.java:77)
	at org.gradle.api.internal.tasks.execution.EventFiringTaskExecuter$1.call(EventFiringTaskExecuter.java:55)
	at org.gradle.api.internal.tasks.execution.EventFiringTaskExecuter$1.call(EventFiringTaskExecuter.java:52)
	at org.gradle.internal.operations.DefaultBuildOperationRunner$CallableBuildOperationWorker.execute(DefaultBuildOperationRunner.java:209)
	at org.gradle.internal.operations.DefaultBuildOperationRunner$CallableBuildOperationWorker.execute(DefaultBuildOperationRunner.java:204)
	at org.gradle.internal.operations.DefaultBuildOperationRunner$2.execute(DefaultBuildOperationRunner.java:66)
	at org.gradle.internal.operations.DefaultBuildOperationRunner$2.execute(DefaultBuildOperationRunner.java:59)
	at org.gradle.internal.operations.DefaultBuildOperationRunner.execute(DefaultBuildOperationRunner.java:166)
	at org.gradle.internal.operations.DefaultBuildOperationRunner.execute(DefaultBuildOperationRunner.java:59)
	at org.gradle.internal.operations.DefaultBuildOperationRunner.call(DefaultBuildOperationRunner.java:53)
	at org.gradle.api.internal.tasks.execution.EventFiringTaskExecuter.execute(EventFiringTaskExecuter.java:52)
	at org.gradle.execution.plan.LocalTaskNodeExecutor.execute(LocalTaskNodeExecutor.java:42)
	at org.gradle.execution.taskgraph.DefaultTaskExecutionGraph$InvokeNodeExecutorsAction.execute(DefaultTaskExecutionGraph.java:331)
	at org.gradle.execution.taskgraph.DefaultTaskExecutionGraph$InvokeNodeExecutorsAction.execute(DefaultTaskExecutionGraph.java:318)
	at org.gradle.execution.taskgraph.DefaultTaskExecutionGraph$BuildOperationAwareExecutionAction.lambda$execute$0(DefaultTaskExecutionGraph.java:314)
	at org.gradle.internal.operations.CurrentBuildOperationRef.with(CurrentBuildOperationRef.java:85)
	at org.gradle.execution.taskgraph.DefaultTaskExecutionGraph$BuildOperationAwareExecutionAction.execute(DefaultTaskExecutionGraph.java:314)
	at org.gradle.execution.taskgraph.DefaultTaskExecutionGraph$BuildOperationAwareExecutionAction.execute(DefaultTaskExecutionGraph.java:303)
	at org.gradle.execution.plan.DefaultPlanExecutor$ExecutorWorker.execute(DefaultPlanExecutor.java:459)
	at org.gradle.execution.plan.DefaultPlanExecutor$ExecutorWorker.run(DefaultPlanExecutor.java:376)
	at org.gradle.internal.concurrent.ExecutorPolicy$CatchAndRecordFailures.onExecute(ExecutorPolicy.java:64)
	at org.gradle.internal.concurrent.AbstractManagedExecutor$1.run(AbstractManagedExecutor.java:48)


BUILD FAILED in 2s
26 actionable tasks: 1 executed, 25 up-to-date
