Initialized native services in: /data/data/com.termux/files/home/.gradle/native
Received JVM installation metadata from '/data/data/com.termux/files/usr/lib/jvm/java-21-openjdk': {JAVA_HOME=/data/data/com.termux/files/usr/lib/jvm/java-21-openjdk, JAVA_VERSION=21.0.12, JAVA_VENDOR=Termux, RUNTIME_NAME=OpenJDK Runtime Environment, RUNTIME_VERSION=21.0.12, VM_NAME=OpenJDK 64-Bit Server VM, VM_VERSION=21.0.12, VM_VENDOR=Termux, OS_ARCH=aarch64}
The client will now receive all logging from the daemon (pid: 14259). The daemon log file: /data/data/com.termux/files/home/.gradle/daemon/8.10.2/daemon-14259.out.log
Starting 2nd build in daemon [uptime: 6 mins 16.067 secs, performance: 99%, GC rate: 0.00/s, heap usage: 0% of 2 GiB]
Using 8 worker leases.
Watching the file system is configured to be enabled if available
File system watching is inactive
Starting Build
Settings evaluated using settings file '/data/data/com.termux/files/home/HyperPS3/HyperPS3/settings.gradle'.
Using local directory build cache for the root build (location = /data/data/com.termux/files/home/.gradle/caches/build-cache-1, removeUnusedEntriesAfter = 7 days).
Projects loaded. Root project using build file '/data/data/com.termux/files/home/HyperPS3/HyperPS3/build.gradle'.
Included projects: [root project 'aps3e', project ':app']

> Configure project :
Evaluating root project 'aps3e' using build file '/data/data/com.termux/files/home/HyperPS3/HyperPS3/build.gradle'.
Transforming gradle-8.8.0.jar (com.android.tools.build:gradle:8.8.0) with InstrumentationAnalysisTransform
Transforming gradle-settings-api-8.8.0.jar (com.android.tools.build:gradle-settings-api:8.8.0) with InstrumentationAnalysisTransform
Transforming lint-model-31.8.0.jar (com.android.tools.lint:lint-model:31.8.0) with InstrumentationAnalysisTransform
Transforming builder-8.8.0.jar (com.android.tools.build:builder:8.8.0) with InstrumentationAnalysisTransform
Transforming manifest-merger-31.8.0.jar (com.android.tools.build:manifest-merger:31.8.0) with InstrumentationAnalysisTransform
Transforming sdk-common-31.8.0.jar (com.android.tools:sdk-common:31.8.0) with InstrumentationAnalysisTransform
Transforming sdklib-31.8.0.jar (com.android.tools:sdklib:31.8.0) with InstrumentationAnalysisTransform
Transforming repository-31.8.0.jar (com.android.tools:repository:31.8.0) with InstrumentationAnalysisTransform
Transforming gradle-api-8.8.0.jar (com.android.tools.build:gradle-api:8.8.0) with InstrumentationAnalysisTransform
Transforming builder-test-api-8.8.0.jar (com.android.tools.build:builder-test-api:8.8.0) with InstrumentationAnalysisTransform
Transforming ddmlib-31.8.0.jar (com.android.tools.ddms:ddmlib:31.8.0) with InstrumentationAnalysisTransform
Transforming aaptcompiler-8.8.0.jar (com.android.tools.build:aaptcompiler:8.8.0) with InstrumentationAnalysisTransform
Transforming bundletool-1.17.2.jar (com.android.tools.build:bundletool:1.17.2) with InstrumentationAnalysisTransform
Transforming aapt2-proto-8.8.0-12006047.jar (com.android.tools.build:aapt2-proto:8.8.0-12006047) with InstrumentationAnalysisTransform
Transforming crash-31.8.0.jar (com.android.tools.analytics-library:crash:31.8.0) with InstrumentationAnalysisTransform
Transforming tracker-31.8.0.jar (com.android.tools.analytics-library:tracker:31.8.0) with InstrumentationAnalysisTransform
Transforming shared-31.8.0.jar (com.android.tools.analytics-library:shared:31.8.0) with InstrumentationAnalysisTransform
Transforming lint-typedef-remover-31.8.0.jar (com.android.tools.lint:lint-typedef-remover:31.8.0) with InstrumentationAnalysisTransform
Transforming databinding-compiler-common-8.8.0.jar (androidx.databinding:databinding-compiler-common:8.8.0) with InstrumentationAnalysisTransform
Transforming databinding-common-8.8.0.jar (androidx.databinding:databinding-common:8.8.0) with InstrumentationAnalysisTransform
Transforming baseLibrary-8.8.0.jar (com.android.databinding:baseLibrary:8.8.0) with InstrumentationAnalysisTransform
Transforming layoutlib-api-31.8.0.jar (com.android.tools.layoutlib:layoutlib-api:31.8.0) with InstrumentationAnalysisTransform
Transforming android-device-provider-ddmlib-proto-31.8.0.jar (com.android.tools.utp:android-device-provider-ddmlib-proto:31.8.0) with InstrumentationAnalysisTransform
Transforming android-device-provider-gradle-proto-31.8.0.jar (com.android.tools.utp:android-device-provider-gradle-proto:31.8.0) with InstrumentationAnalysisTransform
Transforming android-device-provider-profile-proto-31.8.0.jar (com.android.tools.utp:android-device-provider-profile-proto:31.8.0) with InstrumentationAnalysisTransform
Transforming android-test-plugin-host-additional-test-output-proto-31.8.0.jar (com.android.tools.utp:android-test-plugin-host-additional-test-output-proto:31.8.0) with InstrumentationAnalysisTransform
Transforming android-test-plugin-host-coverage-proto-31.8.0.jar (com.android.tools.utp:android-test-plugin-host-coverage-proto:31.8.0) with InstrumentationAnalysisTransform
Transforming android-test-plugin-host-emulator-control-proto-31.8.0.jar (com.android.tools.utp:android-test-plugin-host-emulator-control-proto:31.8.0) with InstrumentationAnalysisTransform
Transforming android-test-plugin-host-logcat-proto-31.8.0.jar (com.android.tools.utp:android-test-plugin-host-logcat-proto:31.8.0) with InstrumentationAnalysisTransform
Transforming android-test-plugin-host-apk-installer-proto-31.8.0.jar (com.android.tools.utp:android-test-plugin-host-apk-installer-proto:31.8.0) with InstrumentationAnalysisTransform
Transforming android-test-plugin-host-retention-proto-31.8.0.jar (com.android.tools.utp:android-test-plugin-host-retention-proto:31.8.0) with InstrumentationAnalysisTransform
Transforming android-test-plugin-result-listener-gradle-proto-31.8.0.jar (com.android.tools.utp:android-test-plugin-result-listener-gradle-proto:31.8.0) with InstrumentationAnalysisTransform
Transforming builder-model-8.8.0.jar (com.android.tools.build:builder-model:8.8.0) with InstrumentationAnalysisTransform
Transforming dvlib-31.8.0.jar (com.android.tools:dvlib:31.8.0) with InstrumentationAnalysisTransform
Transforming common-31.8.0.jar (com.android.tools:common:31.8.0) with InstrumentationAnalysisTransform
Transforming jetifier-processor-1.0.0-beta10.jar (com.android.tools.build.jetifier:jetifier-processor:1.0.0-beta10) with InstrumentationAnalysisTransform
Transforming jetifier-core-1.0.0-beta10.jar (com.android.tools.build.jetifier:jetifier-core:1.0.0-beta10) with InstrumentationAnalysisTransform
Transforming kotlin-reflect-2.0.21.jar (org.jetbrains.kotlin:kotlin-reflect:2.0.21) with InstrumentationAnalysisTransform
Transforming kotlin-stdlib-jdk7-2.0.21.jar (org.jetbrains.kotlin:kotlin-stdlib-jdk7:2.0.21) with InstrumentationAnalysisTransform
Transforming kotlin-stdlib-2.0.21.jar (org.jetbrains.kotlin:kotlin-stdlib:2.0.21) with InstrumentationAnalysisTransform
Transforming kotlin-stdlib-jdk8-2.0.21.jar (org.jetbrains.kotlin:kotlin-stdlib-jdk8:2.0.21) with InstrumentationAnalysisTransform
Transforming transform-api-2.0.0-deprecated-use-gradle-api.jar (com.android.tools.build:transform-api:2.0.0-deprecated-use-gradle-api) with InstrumentationAnalysisTransform
Transforming httpmime-4.5.6.jar (org.apache.httpcomponents:httpmime:4.5.6) with InstrumentationAnalysisTransform
Transforming commons-io-2.13.0.jar (commons-io:commons-io:2.13.0) with InstrumentationAnalysisTransform
Transforming asm-commons-9.7.jar (org.ow2.asm:asm-commons:9.7) with InstrumentationAnalysisTransform
Transforming asm-util-9.7.jar (org.ow2.asm:asm-util:9.7) with InstrumentationAnalysisTransform
Transforming asm-analysis-9.7.jar (org.ow2.asm:asm-analysis:9.7) with InstrumentationAnalysisTransform
Transforming asm-tree-9.7.jar (org.ow2.asm:asm-tree:9.7) with InstrumentationAnalysisTransform
Transforming asm-9.7.jar (org.ow2.asm:asm:9.7) with InstrumentationAnalysisTransform
Transforming apkzlib-8.8.0.jar (com.android.tools.build:apkzlib:8.8.0) with InstrumentationAnalysisTransform
Transforming bcpkix-jdk18on-1.77.jar (org.bouncycastle:bcpkix-jdk18on:1.77) with InstrumentationAnalysisTransform
Transforming jaxb-runtime-2.3.2.jar (org.glassfish.jaxb:jaxb-runtime:2.3.2) with InstrumentationAnalysisTransform
Transforming jopt-simple-4.9.jar (net.sf.jopt-simple:jopt-simple:4.9) with InstrumentationAnalysisTransform
Transforming javapoet-1.10.0.jar (com.squareup:javapoet:1.10.0) with InstrumentationAnalysisTransform
Transforming protobuf-java-util-3.22.3.jar (com.google.protobuf:protobuf-java-util:3.22.3) with InstrumentationAnalysisTransform
Transforming grpc-protobuf-1.57.0.jar (io.grpc:grpc-protobuf:1.57.0) with InstrumentationAnalysisTransform
Transforming tink-1.7.0.jar (com.google.crypto.tink:tink:1.7.0) with InstrumentationAnalysisTransform
Transforming protos-31.8.0.jar (com.android.tools.analytics-library:protos:31.8.0) with InstrumentationAnalysisTransform
Transforming proto-google-common-protos-2.17.0.jar (com.google.api.grpc:proto-google-common-protos:2.17.0) with InstrumentationAnalysisTransform
Transforming protobuf-java-3.22.3.jar (com.google.protobuf:protobuf-java:3.22.3) with InstrumentationAnalysisTransform
Transforming grpc-netty-1.57.0.jar (io.grpc:grpc-netty:1.57.0) with InstrumentationAnalysisTransform
Transforming grpc-core-1.57.0.jar (io.grpc:grpc-core:1.57.0) with InstrumentationAnalysisTransform
Transforming gson-2.10.1.jar (com.google.code.gson:gson:2.10.1) with InstrumentationAnalysisTransform
Transforming grpc-stub-1.57.0.jar (io.grpc:grpc-stub:1.57.0) with InstrumentationAnalysisTransform
Transforming core-proto-0.0.9-alpha02.jar (com.google.testing.platform:core-proto:0.0.9-alpha02) with InstrumentationAnalysisTransform
Transforming tensorflow-lite-metadata-0.1.0-rc2.jar (org.tensorflow:tensorflow-lite-metadata:0.1.0-rc2) with InstrumentationAnalysisTransform
Transforming flatbuffers-java-1.12.0.jar (com.google.flatbuffers:flatbuffers-java:1.12.0) with InstrumentationAnalysisTransform
Transforming jimfs-1.1.jar (com.google.jimfs:jimfs:1.1) with InstrumentationAnalysisTransform
Transforming grpc-context-1.57.0.jar (io.grpc:grpc-context:1.57.0) with InstrumentationAnalysisTransform
Transforming grpc-protobuf-lite-1.57.0.jar (io.grpc:grpc-protobuf-lite:1.57.0) with InstrumentationAnalysisTransform
Transforming grpc-api-1.57.0.jar (io.grpc:grpc-api:1.57.0) with InstrumentationAnalysisTransform
Transforming guava-32.0.1-jre.jar (com.google.guava:guava:32.0.1-jre) with InstrumentationAnalysisTransform
Transforming dagger-2.28.3.jar (com.google.dagger:dagger:2.28.3) with InstrumentationAnalysisTransform
Transforming javax.inject-1.jar (javax.inject:javax.inject:1) with InstrumentationAnalysisTransform
Transforming kxml2-2.3.0.jar (net.sf.kxml:kxml2:2.3.0) with InstrumentationAnalysisTransform
Transforming bcutil-jdk18on-1.77.jar (org.bouncycastle:bcutil-jdk18on:1.77) with InstrumentationAnalysisTransform
Transforming bcprov-jdk18on-1.77.jar (org.bouncycastle:bcprov-jdk18on:1.77) with InstrumentationAnalysisTransform
Transforming commons-compress-1.21.jar (org.apache.commons:commons-compress:1.21) with InstrumentationAnalysisTransform
Transforming httpclient-4.5.14.jar (org.apache.httpcomponents:httpclient:4.5.14) with InstrumentationAnalysisTransform
Transforming httpcore-4.4.16.jar (org.apache.httpcomponents:httpcore:4.4.16) with InstrumentationAnalysisTransform
Transforming javax.activation-1.2.0.jar (com.sun.activation:javax.activation:1.2.0) with InstrumentationAnalysisTransform
Transforming annotations-23.0.0.jar (org.jetbrains:annotations:23.0.0) with InstrumentationAnalysisTransform
Transforming signflinger-8.8.0.jar (com.android:signflinger:8.8.0) with InstrumentationAnalysisTransform
Transforming zipflinger-8.8.0.jar (com.android:zipflinger:8.8.0) with InstrumentationAnalysisTransform
Transforming annotations-31.8.0.jar (com.android.tools:annotations:31.8.0) with InstrumentationAnalysisTransform
Transforming jna-platform-5.6.0.jar (net.java.dev.jna:jna-platform:5.6.0) with InstrumentationAnalysisTransform
Transforming juniversalchardet-1.0.3.jar (com.googlecode.juniversalchardet:juniversalchardet:1.0.3) with InstrumentationAnalysisTransform
Transforming javax.annotation-api-1.3.2.jar (javax.annotation:javax.annotation-api:1.3.2) with InstrumentationAnalysisTransform
Transforming stax-ex-1.8.1.jar (org.jvnet.staxex:stax-ex:1.8.1) with InstrumentationAnalysisTransform
Transforming jakarta.xml.bind-api-2.3.2.jar (jakarta.xml.bind:jakarta.xml.bind-api:2.3.2) with InstrumentationAnalysisTransform
Transforming txw2-2.3.2.jar (org.glassfish.jaxb:txw2:2.3.2) with InstrumentationAnalysisTransform
Transforming istack-commons-runtime-3.0.8.jar (com.sun.istack:istack-commons-runtime:3.0.8) with InstrumentationAnalysisTransform
Transforming FastInfoset-1.2.16.jar (com.sun.xml.fastinfoset:FastInfoset:1.2.16) with InstrumentationAnalysisTransform
Transforming jakarta.activation-api-1.2.1.jar (jakarta.activation:jakarta.activation-api:1.2.1) with InstrumentationAnalysisTransform
Transforming auto-value-annotations-1.6.2.jar (com.google.auto.value:auto-value-annotations:1.6.2) with InstrumentationAnalysisTransform
Transforming error_prone_annotations-2.18.0.jar (com.google.errorprone:error_prone_annotations:2.18.0) with InstrumentationAnalysisTransform
Transforming jose4j-0.9.5.jar (org.bitbucket.b_c:jose4j:0.9.5) with InstrumentationAnalysisTransform
Transforming slf4j-api-1.7.30.jar (org.slf4j:slf4j-api:1.7.30) with InstrumentationAnalysisTransform
Transforming jdom2-2.0.6.jar (org.jdom:jdom2:2.0.6) with InstrumentationAnalysisTransform
Transforming jsr305-3.0.2.jar (com.google.code.findbugs:jsr305:3.0.2) with InstrumentationAnalysisTransform
Transforming j2objc-annotations-2.8.jar (com.google.j2objc:j2objc-annotations:2.8) with InstrumentationAnalysisTransform
Transforming annotations-4.1.1.4.jar (com.google.android:annotations:4.1.1.4) with InstrumentationAnalysisTransform
Transforming animal-sniffer-annotations-1.23.jar (org.codehaus.mojo:animal-sniffer-annotations:1.23) with InstrumentationAnalysisTransform
Transforming perfmark-api-0.26.0.jar (io.perfmark:perfmark-api:0.26.0) with InstrumentationAnalysisTransform
Transforming netty-codec-http2-4.1.93.Final.jar (io.netty:netty-codec-http2:4.1.93.Final) with InstrumentationAnalysisTransform
Transforming netty-handler-proxy-4.1.93.Final.jar (io.netty:netty-handler-proxy:4.1.93.Final) with InstrumentationAnalysisTransform
Transforming netty-codec-http-4.1.93.Final.jar (io.netty:netty-codec-http:4.1.93.Final) with InstrumentationAnalysisTransform
Transforming netty-handler-4.1.93.Final.jar (io.netty:netty-handler:4.1.93.Final) with InstrumentationAnalysisTransform
Transforming netty-transport-native-unix-common-4.1.93.Final.jar (io.netty:netty-transport-native-unix-common:4.1.93.Final) with InstrumentationAnalysisTransform
Transforming checker-qual-3.33.0.jar (org.checkerframework:checker-qual:3.33.0) with InstrumentationAnalysisTransform
Transforming commons-codec-1.11.jar (commons-codec:commons-codec:1.11) with InstrumentationAnalysisTransform
Transforming apksig-8.8.0.jar (com.android.tools.build:apksig:8.8.0) with InstrumentationAnalysisTransform
Transforming javawriter-2.5.0.jar (com.squareup:javawriter:2.5.0) with InstrumentationAnalysisTransform
Transforming failureaccess-1.0.1.jar (com.google.guava:failureaccess:1.0.1) with InstrumentationAnalysisTransform
Transforming listenablefuture-9999.0-empty-to-avoid-conflict-with-guava.jar (com.google.guava:listenablefuture:9999.0-empty-to-avoid-conflict-with-guava) with InstrumentationAnalysisTransform
Transforming commons-logging-1.2.jar (commons-logging:commons-logging:1.2) with InstrumentationAnalysisTransform
Transforming jna-5.6.0.jar (net.java.dev.jna:jna:5.6.0) with InstrumentationAnalysisTransform
Transforming netty-codec-socks-4.1.93.Final.jar (io.netty:netty-codec-socks:4.1.93.Final) with InstrumentationAnalysisTransform
Transforming netty-codec-4.1.93.Final.jar (io.netty:netty-codec:4.1.93.Final) with InstrumentationAnalysisTransform
Transforming netty-transport-4.1.93.Final.jar (io.netty:netty-transport:4.1.93.Final) with InstrumentationAnalysisTransform
Transforming netty-buffer-4.1.93.Final.jar (io.netty:netty-buffer:4.1.93.Final) with InstrumentationAnalysisTransform
Transforming netty-resolver-4.1.93.Final.jar (io.netty:netty-resolver:4.1.93.Final) with InstrumentationAnalysisTransform
Transforming netty-common-4.1.93.Final.jar (io.netty:netty-common:4.1.93.Final) with InstrumentationAnalysisTransform
Transforming gradle-8.8.0.jar (com.android.tools.build:gradle:8.8.0) with InstrumentationAnalysisTransform
Transforming gradle-8.8.0.jar (com.android.tools.build:gradle:8.8.0) with MergeInstrumentationAnalysisTransform
Transforming gradle-settings-api-8.8.0.jar (com.android.tools.build:gradle-settings-api:8.8.0) with InstrumentationAnalysisTransform
Transforming gradle-settings-api-8.8.0.jar (com.android.tools.build:gradle-settings-api:8.8.0) with MergeInstrumentationAnalysisTransform
Transforming lint-model-31.8.0.jar (com.android.tools.lint:lint-model:31.8.0) with InstrumentationAnalysisTransform
Transforming lint-model-31.8.0.jar (com.android.tools.lint:lint-model:31.8.0) with MergeInstrumentationAnalysisTransform
Transforming builder-8.8.0.jar (com.android.tools.build:builder:8.8.0) with InstrumentationAnalysisTransform
Transforming builder-8.8.0.jar (com.android.tools.build:builder:8.8.0) with MergeInstrumentationAnalysisTransform
Transforming manifest-merger-31.8.0.jar (com.android.tools.build:manifest-merger:31.8.0) with InstrumentationAnalysisTransform
Transforming manifest-merger-31.8.0.jar (com.android.tools.build:manifest-merger:31.8.0) with MergeInstrumentationAnalysisTransform
Transforming gradle-settings-api-8.8.0.jar (com.android.tools.build:gradle-settings-api:8.8.0) with ExternalDependencyInstrumentingArtifactTransform
Transforming gradle-8.8.0.jar (com.android.tools.build:gradle:8.8.0) with ExternalDependencyInstrumentingArtifactTransform
Transforming sdk-common-31.8.0.jar (com.android.tools:sdk-common:31.8.0) with InstrumentationAnalysisTransform
Transforming sdk-common-31.8.0.jar (com.android.tools:sdk-common:31.8.0) with MergeInstrumentationAnalysisTransform
Transforming lint-model-31.8.0.jar (com.android.tools.lint:lint-model:31.8.0) with ExternalDependencyInstrumentingArtifactTransform
Transforming sdklib-31.8.0.jar (com.android.tools:sdklib:31.8.0) with InstrumentationAnalysisTransform
Transforming sdklib-31.8.0.jar (com.android.tools:sdklib:31.8.0) with MergeInstrumentationAnalysisTransform
Transforming repository-31.8.0.jar (com.android.tools:repository:31.8.0) with InstrumentationAnalysisTransform
Transforming repository-31.8.0.jar (com.android.tools:repository:31.8.0) with MergeInstrumentationAnalysisTransform
Transforming gradle-api-8.8.0.jar (com.android.tools.build:gradle-api:8.8.0) with InstrumentationAnalysisTransform
Transforming builder-8.8.0.jar (com.android.tools.build:builder:8.8.0) with ExternalDependencyInstrumentingArtifactTransform
Transforming gradle-api-8.8.0.jar (com.android.tools.build:gradle-api:8.8.0) with MergeInstrumentationAnalysisTransform
Transforming builder-test-api-8.8.0.jar (com.android.tools.build:builder-test-api:8.8.0) with InstrumentationAnalysisTransform
Transforming builder-test-api-8.8.0.jar (com.android.tools.build:builder-test-api:8.8.0) with MergeInstrumentationAnalysisTransform
Transforming manifest-merger-31.8.0.jar (com.android.tools.build:manifest-merger:31.8.0) with ExternalDependencyInstrumentingArtifactTransform
Transforming ddmlib-31.8.0.jar (com.android.tools.ddms:ddmlib:31.8.0) with InstrumentationAnalysisTransform
Transforming ddmlib-31.8.0.jar (com.android.tools.ddms:ddmlib:31.8.0) with MergeInstrumentationAnalysisTransform
Transforming aaptcompiler-8.8.0.jar (com.android.tools.build:aaptcompiler:8.8.0) with InstrumentationAnalysisTransform
Transforming aaptcompiler-8.8.0.jar (com.android.tools.build:aaptcompiler:8.8.0) with MergeInstrumentationAnalysisTransform
Transforming sdklib-31.8.0.jar (com.android.tools:sdklib:31.8.0) with ExternalDependencyInstrumentingArtifactTransform
Transforming bundletool-1.17.2.jar (com.android.tools.build:bundletool:1.17.2) with InstrumentationAnalysisTransform
Transforming bundletool-1.17.2.jar (com.android.tools.build:bundletool:1.17.2) with MergeInstrumentationAnalysisTransform
Transforming builder-test-api-8.8.0.jar (com.android.tools.build:builder-test-api:8.8.0) with ExternalDependencyInstrumentingArtifactTransform
Transforming aapt2-proto-8.8.0-12006047.jar (com.android.tools.build:aapt2-proto:8.8.0-12006047) with InstrumentationAnalysisTransform
Transforming repository-31.8.0.jar (com.android.tools:repository:31.8.0) with ExternalDependencyInstrumentingArtifactTransform
Transforming aapt2-proto-8.8.0-12006047.jar (com.android.tools.build:aapt2-proto:8.8.0-12006047) with MergeInstrumentationAnalysisTransform
Transforming crash-31.8.0.jar (com.android.tools.analytics-library:crash:31.8.0) with InstrumentationAnalysisTransform
Transforming gradle-api-8.8.0.jar (com.android.tools.build:gradle-api:8.8.0) with ExternalDependencyInstrumentingArtifactTransform
Transforming crash-31.8.0.jar (com.android.tools.analytics-library:crash:31.8.0) with MergeInstrumentationAnalysisTransform
Transforming tracker-31.8.0.jar (com.android.tools.analytics-library:tracker:31.8.0) with InstrumentationAnalysisTransform
Transforming sdk-common-31.8.0.jar (com.android.tools:sdk-common:31.8.0) with ExternalDependencyInstrumentingArtifactTransform
Transforming aaptcompiler-8.8.0.jar (com.android.tools.build:aaptcompiler:8.8.0) with ExternalDependencyInstrumentingArtifactTransform
Transforming tracker-31.8.0.jar (com.android.tools.analytics-library:tracker:31.8.0) with MergeInstrumentationAnalysisTransform
Transforming shared-31.8.0.jar (com.android.tools.analytics-library:shared:31.8.0) with InstrumentationAnalysisTransform
Transforming shared-31.8.0.jar (com.android.tools.analytics-library:shared:31.8.0) with MergeInstrumentationAnalysisTransform
Transforming lint-typedef-remover-31.8.0.jar (com.android.tools.lint:lint-typedef-remover:31.8.0) with InstrumentationAnalysisTransform
Transforming lint-typedef-remover-31.8.0.jar (com.android.tools.lint:lint-typedef-remover:31.8.0) with MergeInstrumentationAnalysisTransform
Transforming databinding-compiler-common-8.8.0.jar (androidx.databinding:databinding-compiler-common:8.8.0) with InstrumentationAnalysisTransform
Transforming databinding-compiler-common-8.8.0.jar (androidx.databinding:databinding-compiler-common:8.8.0) with MergeInstrumentationAnalysisTransform
Transforming databinding-common-8.8.0.jar (androidx.databinding:databinding-common:8.8.0) with InstrumentationAnalysisTransform
Transforming databinding-common-8.8.0.jar (androidx.databinding:databinding-common:8.8.0) with MergeInstrumentationAnalysisTransform
Transforming baseLibrary-8.8.0.jar (com.android.databinding:baseLibrary:8.8.0) with InstrumentationAnalysisTransform
Transforming baseLibrary-8.8.0.jar (com.android.databinding:baseLibrary:8.8.0) with MergeInstrumentationAnalysisTransform
Transforming layoutlib-api-31.8.0.jar (com.android.tools.layoutlib:layoutlib-api:31.8.0) with InstrumentationAnalysisTransform
Transforming layoutlib-api-31.8.0.jar (com.android.tools.layoutlib:layoutlib-api:31.8.0) with MergeInstrumentationAnalysisTransform
Transforming android-device-provider-ddmlib-proto-31.8.0.jar (com.android.tools.utp:android-device-provider-ddmlib-proto:31.8.0) with InstrumentationAnalysisTransform
Transforming android-device-provider-ddmlib-proto-31.8.0.jar (com.android.tools.utp:android-device-provider-ddmlib-proto:31.8.0) with MergeInstrumentationAnalysisTransform
Transforming android-device-provider-gradle-proto-31.8.0.jar (com.android.tools.utp:android-device-provider-gradle-proto:31.8.0) with InstrumentationAnalysisTransform
Transforming android-device-provider-gradle-proto-31.8.0.jar (com.android.tools.utp:android-device-provider-gradle-proto:31.8.0) with MergeInstrumentationAnalysisTransform
Transforming android-device-provider-profile-proto-31.8.0.jar (com.android.tools.utp:android-device-provider-profile-proto:31.8.0) with InstrumentationAnalysisTransform
Transforming android-device-provider-profile-proto-31.8.0.jar (com.android.tools.utp:android-device-provider-profile-proto:31.8.0) with MergeInstrumentationAnalysisTransform
Transforming android-test-plugin-host-additional-test-output-proto-31.8.0.jar (com.android.tools.utp:android-test-plugin-host-additional-test-output-proto:31.8.0) with InstrumentationAnalysisTransform
Transforming android-test-plugin-host-additional-test-output-proto-31.8.0.jar (com.android.tools.utp:android-test-plugin-host-additional-test-output-proto:31.8.0) with MergeInstrumentationAnalysisTransform
Transforming android-test-plugin-host-coverage-proto-31.8.0.jar (com.android.tools.utp:android-test-plugin-host-coverage-proto:31.8.0) with InstrumentationAnalysisTransform
Transforming bundletool-1.17.2.jar (com.android.tools.build:bundletool:1.17.2) with ExternalDependencyInstrumentingArtifactTransform
Transforming android-test-plugin-host-coverage-proto-31.8.0.jar (com.android.tools.utp:android-test-plugin-host-coverage-proto:31.8.0) with MergeInstrumentationAnalysisTransform
Transforming android-test-plugin-host-emulator-control-proto-31.8.0.jar (com.android.tools.utp:android-test-plugin-host-emulator-control-proto:31.8.0) with InstrumentationAnalysisTransform
Transforming android-test-plugin-host-emulator-control-proto-31.8.0.jar (com.android.tools.utp:android-test-plugin-host-emulator-control-proto:31.8.0) with MergeInstrumentationAnalysisTransform
Transforming aapt2-proto-8.8.0-12006047.jar (com.android.tools.build:aapt2-proto:8.8.0-12006047) with ExternalDependencyInstrumentingArtifactTransform
Transforming shared-31.8.0.jar (com.android.tools.analytics-library:shared:31.8.0) with ExternalDependencyInstrumentingArtifactTransform
Transforming android-test-plugin-host-logcat-proto-31.8.0.jar (com.android.tools.utp:android-test-plugin-host-logcat-proto:31.8.0) with InstrumentationAnalysisTransform
Transforming lint-typedef-remover-31.8.0.jar (com.android.tools.lint:lint-typedef-remover:31.8.0) with ExternalDependencyInstrumentingArtifactTransform
Transforming android-test-plugin-host-logcat-proto-31.8.0.jar (com.android.tools.utp:android-test-plugin-host-logcat-proto:31.8.0) with MergeInstrumentationAnalysisTransform
Transforming android-test-plugin-host-apk-installer-proto-31.8.0.jar (com.android.tools.utp:android-test-plugin-host-apk-installer-proto:31.8.0) with InstrumentationAnalysisTransform
Transforming tracker-31.8.0.jar (com.android.tools.analytics-library:tracker:31.8.0) with ExternalDependencyInstrumentingArtifactTransform
Transforming android-test-plugin-host-apk-installer-proto-31.8.0.jar (com.android.tools.utp:android-test-plugin-host-apk-installer-proto:31.8.0) with MergeInstrumentationAnalysisTransform
Transforming android-test-plugin-host-retention-proto-31.8.0.jar (com.android.tools.utp:android-test-plugin-host-retention-proto:31.8.0) with InstrumentationAnalysisTransform
Transforming android-test-plugin-host-retention-proto-31.8.0.jar (com.android.tools.utp:android-test-plugin-host-retention-proto:31.8.0) with MergeInstrumentationAnalysisTransform
Transforming android-test-plugin-result-listener-gradle-proto-31.8.0.jar (com.android.tools.utp:android-test-plugin-result-listener-gradle-proto:31.8.0) with InstrumentationAnalysisTransform
Transforming android-test-plugin-result-listener-gradle-proto-31.8.0.jar (com.android.tools.utp:android-test-plugin-result-listener-gradle-proto:31.8.0) with MergeInstrumentationAnalysisTransform
Transforming builder-model-8.8.0.jar (com.android.tools.build:builder-model:8.8.0) with InstrumentationAnalysisTransform
Transforming builder-model-8.8.0.jar (com.android.tools.build:builder-model:8.8.0) with MergeInstrumentationAnalysisTransform
Transforming dvlib-31.8.0.jar (com.android.tools:dvlib:31.8.0) with InstrumentationAnalysisTransform
Transforming dvlib-31.8.0.jar (com.android.tools:dvlib:31.8.0) with MergeInstrumentationAnalysisTransform
Transforming common-31.8.0.jar (com.android.tools:common:31.8.0) with InstrumentationAnalysisTransform
Transforming common-31.8.0.jar (com.android.tools:common:31.8.0) with MergeInstrumentationAnalysisTransform
Transforming jetifier-processor-1.0.0-beta10.jar (com.android.tools.build.jetifier:jetifier-processor:1.0.0-beta10) with InstrumentationAnalysisTransform
Transforming databinding-common-8.8.0.jar (androidx.databinding:databinding-common:8.8.0) with ExternalDependencyInstrumentingArtifactTransform
Transforming jetifier-processor-1.0.0-beta10.jar (com.android.tools.build.jetifier:jetifier-processor:1.0.0-beta10) with MergeInstrumentationAnalysisTransform
Transforming jetifier-core-1.0.0-beta10.jar (com.android.tools.build.jetifier:jetifier-core:1.0.0-beta10) with InstrumentationAnalysisTransform
Transforming jetifier-core-1.0.0-beta10.jar (com.android.tools.build.jetifier:jetifier-core:1.0.0-beta10) with MergeInstrumentationAnalysisTransform
Transforming kotlin-reflect-2.0.21.jar (org.jetbrains.kotlin:kotlin-reflect:2.0.21) with InstrumentationAnalysisTransform
Transforming kotlin-reflect-2.0.21.jar (org.jetbrains.kotlin:kotlin-reflect:2.0.21) with MergeInstrumentationAnalysisTransform
Transforming kotlin-stdlib-jdk7-2.0.21.jar (org.jetbrains.kotlin:kotlin-stdlib-jdk7:2.0.21) with InstrumentationAnalysisTransform
Transforming kotlin-stdlib-jdk7-2.0.21.jar (org.jetbrains.kotlin:kotlin-stdlib-jdk7:2.0.21) with MergeInstrumentationAnalysisTransform
Transforming kotlin-stdlib-2.0.21.jar (org.jetbrains.kotlin:kotlin-stdlib:2.0.21) with InstrumentationAnalysisTransform
Transforming kotlin-stdlib-2.0.21.jar (org.jetbrains.kotlin:kotlin-stdlib:2.0.21) with MergeInstrumentationAnalysisTransform
Transforming kotlin-stdlib-jdk8-2.0.21.jar (org.jetbrains.kotlin:kotlin-stdlib-jdk8:2.0.21) with InstrumentationAnalysisTransform
Transforming kotlin-stdlib-jdk8-2.0.21.jar (org.jetbrains.kotlin:kotlin-stdlib-jdk8:2.0.21) with MergeInstrumentationAnalysisTransform
Transforming transform-api-2.0.0-deprecated-use-gradle-api.jar (com.android.tools.build:transform-api:2.0.0-deprecated-use-gradle-api) with InstrumentationAnalysisTransform
Transforming transform-api-2.0.0-deprecated-use-gradle-api.jar (com.android.tools.build:transform-api:2.0.0-deprecated-use-gradle-api) with MergeInstrumentationAnalysisTransform
Transforming httpmime-4.5.6.jar (org.apache.httpcomponents:httpmime:4.5.6) with InstrumentationAnalysisTransform
Transforming httpmime-4.5.6.jar (org.apache.httpcomponents:httpmime:4.5.6) with MergeInstrumentationAnalysisTransform
Transforming commons-io-2.13.0.jar (commons-io:commons-io:2.13.0) with InstrumentationAnalysisTransform
Transforming commons-io-2.13.0.jar (commons-io:commons-io:2.13.0) with MergeInstrumentationAnalysisTransform
Transforming asm-commons-9.7.jar (org.ow2.asm:asm-commons:9.7) with InstrumentationAnalysisTransform
Transforming asm-commons-9.7.jar (org.ow2.asm:asm-commons:9.7) with MergeInstrumentationAnalysisTransform
Transforming asm-util-9.7.jar (org.ow2.asm:asm-util:9.7) with InstrumentationAnalysisTransform
Transforming asm-util-9.7.jar (org.ow2.asm:asm-util:9.7) with MergeInstrumentationAnalysisTransform
Transforming asm-analysis-9.7.jar (org.ow2.asm:asm-analysis:9.7) with InstrumentationAnalysisTransform
Transforming layoutlib-api-31.8.0.jar (com.android.tools.layoutlib:layoutlib-api:31.8.0) with ExternalDependencyInstrumentingArtifactTransform
Transforming asm-analysis-9.7.jar (org.ow2.asm:asm-analysis:9.7) with MergeInstrumentationAnalysisTransform
Transforming asm-tree-9.7.jar (org.ow2.asm:asm-tree:9.7) with InstrumentationAnalysisTransform
Transforming asm-tree-9.7.jar (org.ow2.asm:asm-tree:9.7) with MergeInstrumentationAnalysisTransform
Transforming asm-9.7.jar (org.ow2.asm:asm:9.7) with InstrumentationAnalysisTransform
Transforming databinding-compiler-common-8.8.0.jar (androidx.databinding:databinding-compiler-common:8.8.0) with ExternalDependencyInstrumentingArtifactTransform
Transforming asm-9.7.jar (org.ow2.asm:asm:9.7) with MergeInstrumentationAnalysisTransform
Transforming apkzlib-8.8.0.jar (com.android.tools.build:apkzlib:8.8.0) with InstrumentationAnalysisTransform
Transforming apkzlib-8.8.0.jar (com.android.tools.build:apkzlib:8.8.0) with MergeInstrumentationAnalysisTransform
Transforming bcpkix-jdk18on-1.77.jar (org.bouncycastle:bcpkix-jdk18on:1.77) with InstrumentationAnalysisTransform
Transforming bcpkix-jdk18on-1.77.jar (org.bouncycastle:bcpkix-jdk18on:1.77) with MergeInstrumentationAnalysisTransform
Transforming jaxb-runtime-2.3.2.jar (org.glassfish.jaxb:jaxb-runtime:2.3.2) with InstrumentationAnalysisTransform
Transforming jaxb-runtime-2.3.2.jar (org.glassfish.jaxb:jaxb-runtime:2.3.2) with MergeInstrumentationAnalysisTransform
Transforming jopt-simple-4.9.jar (net.sf.jopt-simple:jopt-simple:4.9) with InstrumentationAnalysisTransform
Transforming jopt-simple-4.9.jar (net.sf.jopt-simple:jopt-simple:4.9) with MergeInstrumentationAnalysisTransform
Transforming javapoet-1.10.0.jar (com.squareup:javapoet:1.10.0) with InstrumentationAnalysisTransform
Transforming javapoet-1.10.0.jar (com.squareup:javapoet:1.10.0) with MergeInstrumentationAnalysisTransform
Transforming protobuf-java-util-3.22.3.jar (com.google.protobuf:protobuf-java-util:3.22.3) with InstrumentationAnalysisTransform
Transforming protobuf-java-util-3.22.3.jar (com.google.protobuf:protobuf-java-util:3.22.3) with MergeInstrumentationAnalysisTransform
Transforming grpc-protobuf-1.57.0.jar (io.grpc:grpc-protobuf:1.57.0) with InstrumentationAnalysisTransform
Transforming grpc-protobuf-1.57.0.jar (io.grpc:grpc-protobuf:1.57.0) with MergeInstrumentationAnalysisTransform
Transforming tink-1.7.0.jar (com.google.crypto.tink:tink:1.7.0) with InstrumentationAnalysisTransform
Transforming tink-1.7.0.jar (com.google.crypto.tink:tink:1.7.0) with MergeInstrumentationAnalysisTransform
Transforming protos-31.8.0.jar (com.android.tools.analytics-library:protos:31.8.0) with InstrumentationAnalysisTransform
Transforming protos-31.8.0.jar (com.android.tools.analytics-library:protos:31.8.0) with MergeInstrumentationAnalysisTransform
Transforming proto-google-common-protos-2.17.0.jar (com.google.api.grpc:proto-google-common-protos:2.17.0) with InstrumentationAnalysisTransform
Transforming proto-google-common-protos-2.17.0.jar (com.google.api.grpc:proto-google-common-protos:2.17.0) with MergeInstrumentationAnalysisTransform
Transforming protobuf-java-3.22.3.jar (com.google.protobuf:protobuf-java:3.22.3) with InstrumentationAnalysisTransform
Transforming protobuf-java-3.22.3.jar (com.google.protobuf:protobuf-java:3.22.3) with MergeInstrumentationAnalysisTransform
Transforming grpc-netty-1.57.0.jar (io.grpc:grpc-netty:1.57.0) with InstrumentationAnalysisTransform
Transforming grpc-netty-1.57.0.jar (io.grpc:grpc-netty:1.57.0) with MergeInstrumentationAnalysisTransform
Transforming grpc-core-1.57.0.jar (io.grpc:grpc-core:1.57.0) with InstrumentationAnalysisTransform
Transforming grpc-core-1.57.0.jar (io.grpc:grpc-core:1.57.0) with MergeInstrumentationAnalysisTransform
Transforming gson-2.10.1.jar (com.google.code.gson:gson:2.10.1) with InstrumentationAnalysisTransform
Transforming gson-2.10.1.jar (com.google.code.gson:gson:2.10.1) with MergeInstrumentationAnalysisTransform
Transforming grpc-stub-1.57.0.jar (io.grpc:grpc-stub:1.57.0) with InstrumentationAnalysisTransform
Transforming grpc-stub-1.57.0.jar (io.grpc:grpc-stub:1.57.0) with MergeInstrumentationAnalysisTransform
Transforming core-proto-0.0.9-alpha02.jar (com.google.testing.platform:core-proto:0.0.9-alpha02) with InstrumentationAnalysisTransform
Transforming core-proto-0.0.9-alpha02.jar (com.google.testing.platform:core-proto:0.0.9-alpha02) with MergeInstrumentationAnalysisTransform
Transforming tensorflow-lite-metadata-0.1.0-rc2.jar (org.tensorflow:tensorflow-lite-metadata:0.1.0-rc2) with InstrumentationAnalysisTransform
Transforming tensorflow-lite-metadata-0.1.0-rc2.jar (org.tensorflow:tensorflow-lite-metadata:0.1.0-rc2) with MergeInstrumentationAnalysisTransform
Transforming flatbuffers-java-1.12.0.jar (com.google.flatbuffers:flatbuffers-java:1.12.0) with InstrumentationAnalysisTransform
Transforming flatbuffers-java-1.12.0.jar (com.google.flatbuffers:flatbuffers-java:1.12.0) with MergeInstrumentationAnalysisTransform
Transforming jimfs-1.1.jar (com.google.jimfs:jimfs:1.1) with InstrumentationAnalysisTransform
Transforming jimfs-1.1.jar (com.google.jimfs:jimfs:1.1) with MergeInstrumentationAnalysisTransform
Transforming grpc-context-1.57.0.jar (io.grpc:grpc-context:1.57.0) with InstrumentationAnalysisTransform
Transforming grpc-context-1.57.0.jar (io.grpc:grpc-context:1.57.0) with MergeInstrumentationAnalysisTransform
Transforming grpc-protobuf-lite-1.57.0.jar (io.grpc:grpc-protobuf-lite:1.57.0) with InstrumentationAnalysisTransform
Transforming grpc-protobuf-lite-1.57.0.jar (io.grpc:grpc-protobuf-lite:1.57.0) with MergeInstrumentationAnalysisTransform
Transforming grpc-api-1.57.0.jar (io.grpc:grpc-api:1.57.0) with InstrumentationAnalysisTransform
Transforming android-device-provider-gradle-proto-31.8.0.jar (com.android.tools.utp:android-device-provider-gradle-proto:31.8.0) with ExternalDependencyInstrumentingArtifactTransform
Transforming crash-31.8.0.jar (com.android.tools.analytics-library:crash:31.8.0) with ExternalDependencyInstrumentingArtifactTransform
Transforming baseLibrary-8.8.0.jar (com.android.databinding:baseLibrary:8.8.0) with ExternalDependencyInstrumentingArtifactTransform
Transforming android-device-provider-profile-proto-31.8.0.jar (com.android.tools.utp:android-device-provider-profile-proto:31.8.0) with ExternalDependencyInstrumentingArtifactTransform
Transforming android-test-plugin-host-additional-test-output-proto-31.8.0.jar (com.android.tools.utp:android-test-plugin-host-additional-test-output-proto:31.8.0) with ExternalDependencyInstrumentingArtifactTransform
Transforming android-device-provider-ddmlib-proto-31.8.0.jar (com.android.tools.utp:android-device-provider-ddmlib-proto:31.8.0) with ExternalDependencyInstrumentingArtifactTransform
Transforming ddmlib-31.8.0.jar (com.android.tools.ddms:ddmlib:31.8.0) with ExternalDependencyInstrumentingArtifactTransform
Transforming grpc-api-1.57.0.jar (io.grpc:grpc-api:1.57.0) with MergeInstrumentationAnalysisTransform
Transforming guava-32.0.1-jre.jar (com.google.guava:guava:32.0.1-jre) with InstrumentationAnalysisTransform
Transforming guava-32.0.1-jre.jar (com.google.guava:guava:32.0.1-jre) with MergeInstrumentationAnalysisTransform
Transforming dagger-2.28.3.jar (com.google.dagger:dagger:2.28.3) with InstrumentationAnalysisTransform
Transforming dagger-2.28.3.jar (com.google.dagger:dagger:2.28.3) with MergeInstrumentationAnalysisTransform
Transforming javax.inject-1.jar (javax.inject:javax.inject:1) with InstrumentationAnalysisTransform
Transforming javax.inject-1.jar (javax.inject:javax.inject:1) with MergeInstrumentationAnalysisTransform
Transforming android-test-plugin-host-emulator-control-proto-31.8.0.jar (com.android.tools.utp:android-test-plugin-host-emulator-control-proto:31.8.0) with ExternalDependencyInstrumentingArtifactTransform
Transforming kxml2-2.3.0.jar (net.sf.kxml:kxml2:2.3.0) with InstrumentationAnalysisTransform
Transforming kxml2-2.3.0.jar (net.sf.kxml:kxml2:2.3.0) with MergeInstrumentationAnalysisTransform
Transforming bcutil-jdk18on-1.77.jar (org.bouncycastle:bcutil-jdk18on:1.77) with InstrumentationAnalysisTransform
Transforming bcutil-jdk18on-1.77.jar (org.bouncycastle:bcutil-jdk18on:1.77) with MergeInstrumentationAnalysisTransform
Transforming bcprov-jdk18on-1.77.jar (org.bouncycastle:bcprov-jdk18on:1.77) with InstrumentationAnalysisTransform
Transforming bcprov-jdk18on-1.77.jar (org.bouncycastle:bcprov-jdk18on:1.77) with MergeInstrumentationAnalysisTransform
Transforming commons-compress-1.21.jar (org.apache.commons:commons-compress:1.21) with InstrumentationAnalysisTransform
Transforming commons-compress-1.21.jar (org.apache.commons:commons-compress:1.21) with MergeInstrumentationAnalysisTransform
Transforming httpclient-4.5.14.jar (org.apache.httpcomponents:httpclient:4.5.14) with InstrumentationAnalysisTransform
Transforming httpclient-4.5.14.jar (org.apache.httpcomponents:httpclient:4.5.14) with MergeInstrumentationAnalysisTransform
Transforming httpcore-4.4.16.jar (org.apache.httpcomponents:httpcore:4.4.16) with InstrumentationAnalysisTransform
Transforming httpcore-4.4.16.jar (org.apache.httpcomponents:httpcore:4.4.16) with MergeInstrumentationAnalysisTransform
Transforming javax.activation-1.2.0.jar (com.sun.activation:javax.activation:1.2.0) with InstrumentationAnalysisTransform
Transforming javax.activation-1.2.0.jar (com.sun.activation:javax.activation:1.2.0) with MergeInstrumentationAnalysisTransform
Transforming annotations-23.0.0.jar (org.jetbrains:annotations:23.0.0) with InstrumentationAnalysisTransform
Transforming annotations-23.0.0.jar (org.jetbrains:annotations:23.0.0) with MergeInstrumentationAnalysisTransform
Transforming signflinger-8.8.0.jar (com.android:signflinger:8.8.0) with InstrumentationAnalysisTransform
Transforming android-test-plugin-host-coverage-proto-31.8.0.jar (com.android.tools.utp:android-test-plugin-host-coverage-proto:31.8.0) with ExternalDependencyInstrumentingArtifactTransform
Transforming signflinger-8.8.0.jar (com.android:signflinger:8.8.0) with MergeInstrumentationAnalysisTransform
Transforming zipflinger-8.8.0.jar (com.android:zipflinger:8.8.0) with InstrumentationAnalysisTransform
Transforming zipflinger-8.8.0.jar (com.android:zipflinger:8.8.0) with MergeInstrumentationAnalysisTransform
Transforming android-test-plugin-host-apk-installer-proto-31.8.0.jar (com.android.tools.utp:android-test-plugin-host-apk-installer-proto:31.8.0) with ExternalDependencyInstrumentingArtifactTransform
Transforming annotations-31.8.0.jar (com.android.tools:annotations:31.8.0) with InstrumentationAnalysisTransform
Transforming android-test-plugin-host-retention-proto-31.8.0.jar (com.android.tools.utp:android-test-plugin-host-retention-proto:31.8.0) with ExternalDependencyInstrumentingArtifactTransform
Transforming android-test-plugin-host-logcat-proto-31.8.0.jar (com.android.tools.utp:android-test-plugin-host-logcat-proto:31.8.0) with ExternalDependencyInstrumentingArtifactTransform
Transforming annotations-31.8.0.jar (com.android.tools:annotations:31.8.0) with MergeInstrumentationAnalysisTransform
Transforming jna-platform-5.6.0.jar (net.java.dev.jna:jna-platform:5.6.0) with InstrumentationAnalysisTransform
Transforming jna-platform-5.6.0.jar (net.java.dev.jna:jna-platform:5.6.0) with MergeInstrumentationAnalysisTransform
Transforming juniversalchardet-1.0.3.jar (com.googlecode.juniversalchardet:juniversalchardet:1.0.3) with InstrumentationAnalysisTransform
Transforming juniversalchardet-1.0.3.jar (com.googlecode.juniversalchardet:juniversalchardet:1.0.3) with MergeInstrumentationAnalysisTransform
Transforming android-test-plugin-result-listener-gradle-proto-31.8.0.jar (com.android.tools.utp:android-test-plugin-result-listener-gradle-proto:31.8.0) with ExternalDependencyInstrumentingArtifactTransform
Transforming javax.annotation-api-1.3.2.jar (javax.annotation:javax.annotation-api:1.3.2) with InstrumentationAnalysisTransform
Transforming javax.annotation-api-1.3.2.jar (javax.annotation:javax.annotation-api:1.3.2) with MergeInstrumentationAnalysisTransform
Transforming stax-ex-1.8.1.jar (org.jvnet.staxex:stax-ex:1.8.1) with InstrumentationAnalysisTransform
Transforming stax-ex-1.8.1.jar (org.jvnet.staxex:stax-ex:1.8.1) with MergeInstrumentationAnalysisTransform
Transforming jakarta.xml.bind-api-2.3.2.jar (jakarta.xml.bind:jakarta.xml.bind-api:2.3.2) with InstrumentationAnalysisTransform
Transforming jakarta.xml.bind-api-2.3.2.jar (jakarta.xml.bind:jakarta.xml.bind-api:2.3.2) with MergeInstrumentationAnalysisTransform
Transforming txw2-2.3.2.jar (org.glassfish.jaxb:txw2:2.3.2) with InstrumentationAnalysisTransform
Transforming txw2-2.3.2.jar (org.glassfish.jaxb:txw2:2.3.2) with MergeInstrumentationAnalysisTransform
Transforming common-31.8.0.jar (com.android.tools:common:31.8.0) with ExternalDependencyInstrumentingArtifactTransform
Transforming istack-commons-runtime-3.0.8.jar (com.sun.istack:istack-commons-runtime:3.0.8) with InstrumentationAnalysisTransform
Transforming istack-commons-runtime-3.0.8.jar (com.sun.istack:istack-commons-runtime:3.0.8) with MergeInstrumentationAnalysisTransform
Transforming FastInfoset-1.2.16.jar (com.sun.xml.fastinfoset:FastInfoset:1.2.16) with InstrumentationAnalysisTransform
Transforming FastInfoset-1.2.16.jar (com.sun.xml.fastinfoset:FastInfoset:1.2.16) with MergeInstrumentationAnalysisTransform
Transforming jetifier-processor-1.0.0-beta10.jar (com.android.tools.build.jetifier:jetifier-processor:1.0.0-beta10) with ExternalDependencyInstrumentingArtifactTransform
Transforming dvlib-31.8.0.jar (com.android.tools:dvlib:31.8.0) with ExternalDependencyInstrumentingArtifactTransform
Transforming jakarta.activation-api-1.2.1.jar (jakarta.activation:jakarta.activation-api:1.2.1) with InstrumentationAnalysisTransform
Transforming jakarta.activation-api-1.2.1.jar (jakarta.activation:jakarta.activation-api:1.2.1) with MergeInstrumentationAnalysisTransform
Transforming jetifier-core-1.0.0-beta10.jar (com.android.tools.build.jetifier:jetifier-core:1.0.0-beta10) with ExternalDependencyInstrumentingArtifactTransform
Transforming auto-value-annotations-1.6.2.jar (com.google.auto.value:auto-value-annotations:1.6.2) with InstrumentationAnalysisTransform
Transforming auto-value-annotations-1.6.2.jar (com.google.auto.value:auto-value-annotations:1.6.2) with MergeInstrumentationAnalysisTransform
Transforming error_prone_annotations-2.18.0.jar (com.google.errorprone:error_prone_annotations:2.18.0) with InstrumentationAnalysisTransform
Transforming error_prone_annotations-2.18.0.jar (com.google.errorprone:error_prone_annotations:2.18.0) with MergeInstrumentationAnalysisTransform
Transforming kotlin-reflect-2.0.21.jar (org.jetbrains.kotlin:kotlin-reflect:2.0.21) with ExternalDependencyInstrumentingArtifactTransform
Transforming kotlin-stdlib-jdk7-2.0.21.jar (org.jetbrains.kotlin:kotlin-stdlib-jdk7:2.0.21) with ExternalDependencyInstrumentingArtifactTransform
Transforming kotlin-stdlib-2.0.21.jar (org.jetbrains.kotlin:kotlin-stdlib:2.0.21) with ExternalDependencyInstrumentingArtifactTransform
Transforming jose4j-0.9.5.jar (org.bitbucket.b_c:jose4j:0.9.5) with InstrumentationAnalysisTransform
Transforming jose4j-0.9.5.jar (org.bitbucket.b_c:jose4j:0.9.5) with MergeInstrumentationAnalysisTransform
Transforming slf4j-api-1.7.30.jar (org.slf4j:slf4j-api:1.7.30) with InstrumentationAnalysisTransform
Transforming slf4j-api-1.7.30.jar (org.slf4j:slf4j-api:1.7.30) with MergeInstrumentationAnalysisTransform
Transforming jdom2-2.0.6.jar (org.jdom:jdom2:2.0.6) with InstrumentationAnalysisTransform
Transforming jdom2-2.0.6.jar (org.jdom:jdom2:2.0.6) with MergeInstrumentationAnalysisTransform
Transforming transform-api-2.0.0-deprecated-use-gradle-api.jar (com.android.tools.build:transform-api:2.0.0-deprecated-use-gradle-api) with ExternalDependencyInstrumentingArtifactTransform
Transforming jsr305-3.0.2.jar (com.google.code.findbugs:jsr305:3.0.2) with InstrumentationAnalysisTransform
Transforming httpmime-4.5.6.jar (org.apache.httpcomponents:httpmime:4.5.6) with ExternalDependencyInstrumentingArtifactTransform
Transforming jsr305-3.0.2.jar (com.google.code.findbugs:jsr305:3.0.2) with MergeInstrumentationAnalysisTransform
Transforming kotlin-stdlib-jdk8-2.0.21.jar (org.jetbrains.kotlin:kotlin-stdlib-jdk8:2.0.21) with ExternalDependencyInstrumentingArtifactTransform
Transforming j2objc-annotations-2.8.jar (com.google.j2objc:j2objc-annotations:2.8) with InstrumentationAnalysisTransform
Transforming j2objc-annotations-2.8.jar (com.google.j2objc:j2objc-annotations:2.8) with MergeInstrumentationAnalysisTransform
Transforming annotations-4.1.1.4.jar (com.google.android:annotations:4.1.1.4) with InstrumentationAnalysisTransform
Transforming annotations-4.1.1.4.jar (com.google.android:annotations:4.1.1.4) with MergeInstrumentationAnalysisTransform
Transforming animal-sniffer-annotations-1.23.jar (org.codehaus.mojo:animal-sniffer-annotations:1.23) with InstrumentationAnalysisTransform
Transforming animal-sniffer-annotations-1.23.jar (org.codehaus.mojo:animal-sniffer-annotations:1.23) with MergeInstrumentationAnalysisTransform
Transforming commons-io-2.13.0.jar (commons-io:commons-io:2.13.0) with ExternalDependencyInstrumentingArtifactTransform
Transforming perfmark-api-0.26.0.jar (io.perfmark:perfmark-api:0.26.0) with InstrumentationAnalysisTransform
Transforming asm-commons-9.7.jar (org.ow2.asm:asm-commons:9.7) with ExternalDependencyInstrumentingArtifactTransform
Transforming perfmark-api-0.26.0.jar (io.perfmark:perfmark-api:0.26.0) with MergeInstrumentationAnalysisTransform
Transforming netty-codec-http2-4.1.93.Final.jar (io.netty:netty-codec-http2:4.1.93.Final) with InstrumentationAnalysisTransform
Transforming netty-codec-http2-4.1.93.Final.jar (io.netty:netty-codec-http2:4.1.93.Final) with MergeInstrumentationAnalysisTransform
Transforming netty-handler-proxy-4.1.93.Final.jar (io.netty:netty-handler-proxy:4.1.93.Final) with InstrumentationAnalysisTransform
Transforming asm-util-9.7.jar (org.ow2.asm:asm-util:9.7) with ExternalDependencyInstrumentingArtifactTransform
Transforming netty-handler-proxy-4.1.93.Final.jar (io.netty:netty-handler-proxy:4.1.93.Final) with MergeInstrumentationAnalysisTransform
Transforming asm-analysis-9.7.jar (org.ow2.asm:asm-analysis:9.7) with ExternalDependencyInstrumentingArtifactTransform
Transforming netty-codec-http-4.1.93.Final.jar (io.netty:netty-codec-http:4.1.93.Final) with InstrumentationAnalysisTransform
Transforming asm-9.7.jar (org.ow2.asm:asm:9.7) with ExternalDependencyInstrumentingArtifactTransform
Transforming netty-codec-http-4.1.93.Final.jar (io.netty:netty-codec-http:4.1.93.Final) with MergeInstrumentationAnalysisTransform
Transforming netty-handler-4.1.93.Final.jar (io.netty:netty-handler:4.1.93.Final) with InstrumentationAnalysisTransform
Transforming netty-handler-4.1.93.Final.jar (io.netty:netty-handler:4.1.93.Final) with MergeInstrumentationAnalysisTransform
Transforming netty-transport-native-unix-common-4.1.93.Final.jar (io.netty:netty-transport-native-unix-common:4.1.93.Final) with InstrumentationAnalysisTransform
Transforming netty-transport-native-unix-common-4.1.93.Final.jar (io.netty:netty-transport-native-unix-common:4.1.93.Final) with MergeInstrumentationAnalysisTransform
Transforming apkzlib-8.8.0.jar (com.android.tools.build:apkzlib:8.8.0) with ExternalDependencyInstrumentingArtifactTransform
Transforming asm-tree-9.7.jar (org.ow2.asm:asm-tree:9.7) with ExternalDependencyInstrumentingArtifactTransform
Transforming checker-qual-3.33.0.jar (org.checkerframework:checker-qual:3.33.0) with InstrumentationAnalysisTransform
Transforming checker-qual-3.33.0.jar (org.checkerframework:checker-qual:3.33.0) with MergeInstrumentationAnalysisTransform
Transforming commons-codec-1.11.jar (commons-codec:commons-codec:1.11) with InstrumentationAnalysisTransform
Transforming bcpkix-jdk18on-1.77.jar (org.bouncycastle:bcpkix-jdk18on:1.77) with ExternalDependencyInstrumentingArtifactTransform
Transforming commons-codec-1.11.jar (commons-codec:commons-codec:1.11) with MergeInstrumentationAnalysisTransform
Transforming apksig-8.8.0.jar (com.android.tools.build:apksig:8.8.0) with InstrumentationAnalysisTransform
Transforming apksig-8.8.0.jar (com.android.tools.build:apksig:8.8.0) with MergeInstrumentationAnalysisTransform
Transforming builder-model-8.8.0.jar (com.android.tools.build:builder-model:8.8.0) with ExternalDependencyInstrumentingArtifactTransform
Transforming javawriter-2.5.0.jar (com.squareup:javawriter:2.5.0) with InstrumentationAnalysisTransform
Transforming javawriter-2.5.0.jar (com.squareup:javawriter:2.5.0) with MergeInstrumentationAnalysisTransform
Transforming failureaccess-1.0.1.jar (com.google.guava:failureaccess:1.0.1) with InstrumentationAnalysisTransform
Transforming failureaccess-1.0.1.jar (com.google.guava:failureaccess:1.0.1) with MergeInstrumentationAnalysisTransform
Transforming listenablefuture-9999.0-empty-to-avoid-conflict-with-guava.jar (com.google.guava:listenablefuture:9999.0-empty-to-avoid-conflict-with-guava) with InstrumentationAnalysisTransform
Transforming listenablefuture-9999.0-empty-to-avoid-conflict-with-guava.jar (com.google.guava:listenablefuture:9999.0-empty-to-avoid-conflict-with-guava) with MergeInstrumentationAnalysisTransform
Transforming protobuf-java-util-3.22.3.jar (com.google.protobuf:protobuf-java-util:3.22.3) with ExternalDependencyInstrumentingArtifactTransform
Transforming commons-logging-1.2.jar (commons-logging:commons-logging:1.2) with InstrumentationAnalysisTransform
Transforming commons-logging-1.2.jar (commons-logging:commons-logging:1.2) with MergeInstrumentationAnalysisTransform
Transforming jna-5.6.0.jar (net.java.dev.jna:jna:5.6.0) with InstrumentationAnalysisTransform
Transforming jna-5.6.0.jar (net.java.dev.jna:jna:5.6.0) with MergeInstrumentationAnalysisTransform
Transforming netty-codec-socks-4.1.93.Final.jar (io.netty:netty-codec-socks:4.1.93.Final) with InstrumentationAnalysisTransform
Transforming netty-codec-socks-4.1.93.Final.jar (io.netty:netty-codec-socks:4.1.93.Final) with MergeInstrumentationAnalysisTransform
Transforming netty-codec-4.1.93.Final.jar (io.netty:netty-codec:4.1.93.Final) with InstrumentationAnalysisTransform
Transforming javapoet-1.10.0.jar (com.squareup:javapoet:1.10.0) with ExternalDependencyInstrumentingArtifactTransform
Transforming netty-codec-4.1.93.Final.jar (io.netty:netty-codec:4.1.93.Final) with MergeInstrumentationAnalysisTransform
Transforming netty-transport-4.1.93.Final.jar (io.netty:netty-transport:4.1.93.Final) with InstrumentationAnalysisTransform
Transforming netty-transport-4.1.93.Final.jar (io.netty:netty-transport:4.1.93.Final) with MergeInstrumentationAnalysisTransform
Transforming netty-buffer-4.1.93.Final.jar (io.netty:netty-buffer:4.1.93.Final) with InstrumentationAnalysisTransform
Transforming netty-buffer-4.1.93.Final.jar (io.netty:netty-buffer:4.1.93.Final) with MergeInstrumentationAnalysisTransform
Transforming netty-resolver-4.1.93.Final.jar (io.netty:netty-resolver:4.1.93.Final) with InstrumentationAnalysisTransform
Transforming netty-resolver-4.1.93.Final.jar (io.netty:netty-resolver:4.1.93.Final) with MergeInstrumentationAnalysisTransform
Transforming netty-common-4.1.93.Final.jar (io.netty:netty-common:4.1.93.Final) with InstrumentationAnalysisTransform
Transforming grpc-protobuf-1.57.0.jar (io.grpc:grpc-protobuf:1.57.0) with ExternalDependencyInstrumentingArtifactTransform
Transforming jopt-simple-4.9.jar (net.sf.jopt-simple:jopt-simple:4.9) with ExternalDependencyInstrumentingArtifactTransform
Transforming protos-31.8.0.jar (com.android.tools.analytics-library:protos:31.8.0) with ExternalDependencyInstrumentingArtifactTransform
Transforming tink-1.7.0.jar (com.google.crypto.tink:tink:1.7.0) with ExternalDependencyInstrumentingArtifactTransform
Transforming jaxb-runtime-2.3.2.jar (org.glassfish.jaxb:jaxb-runtime:2.3.2) with ExternalDependencyInstrumentingArtifactTransform
Transforming netty-common-4.1.93.Final.jar (io.netty:netty-common:4.1.93.Final) with MergeInstrumentationAnalysisTransform
Transforming grpc-core-1.57.0.jar (io.grpc:grpc-core:1.57.0) with ExternalDependencyInstrumentingArtifactTransform
Transforming gson-2.10.1.jar (com.google.code.gson:gson:2.10.1) with ExternalDependencyInstrumentingArtifactTransform
Transforming tensorflow-lite-metadata-0.1.0-rc2.jar (org.tensorflow:tensorflow-lite-metadata:0.1.0-rc2) with ExternalDependencyInstrumentingArtifactTransform
Transforming core-proto-0.0.9-alpha02.jar (com.google.testing.platform:core-proto:0.0.9-alpha02) with ExternalDependencyInstrumentingArtifactTransform
Transforming grpc-stub-1.57.0.jar (io.grpc:grpc-stub:1.57.0) with ExternalDependencyInstrumentingArtifactTransform
Transforming flatbuffers-java-1.12.0.jar (com.google.flatbuffers:flatbuffers-java:1.12.0) with ExternalDependencyInstrumentingArtifactTransform
Transforming grpc-api-1.57.0.jar (io.grpc:grpc-api:1.57.0) with ExternalDependencyInstrumentingArtifactTransform
Transforming grpc-context-1.57.0.jar (io.grpc:grpc-context:1.57.0) with ExternalDependencyInstrumentingArtifactTransform
Transforming guava-32.0.1-jre.jar (com.google.guava:guava:32.0.1-jre) with ExternalDependencyInstrumentingArtifactTransform
Transforming jimfs-1.1.jar (com.google.jimfs:jimfs:1.1) with ExternalDependencyInstrumentingArtifactTransform
Transforming grpc-netty-1.57.0.jar (io.grpc:grpc-netty:1.57.0) with ExternalDependencyInstrumentingArtifactTransform
Transforming grpc-protobuf-lite-1.57.0.jar (io.grpc:grpc-protobuf-lite:1.57.0) with ExternalDependencyInstrumentingArtifactTransform
Transforming javax.inject-1.jar (javax.inject:javax.inject:1) with ExternalDependencyInstrumentingArtifactTransform
Transforming dagger-2.28.3.jar (com.google.dagger:dagger:2.28.3) with ExternalDependencyInstrumentingArtifactTransform
Transforming kxml2-2.3.0.jar (net.sf.kxml:kxml2:2.3.0) with ExternalDependencyInstrumentingArtifactTransform
Transforming bcprov-jdk18on-1.77.jar (org.bouncycastle:bcprov-jdk18on:1.77) with ExternalDependencyInstrumentingArtifactTransform
Transforming protobuf-java-3.22.3.jar (com.google.protobuf:protobuf-java:3.22.3) with ExternalDependencyInstrumentingArtifactTransform
Transforming commons-compress-1.21.jar (org.apache.commons:commons-compress:1.21) with ExternalDependencyInstrumentingArtifactTransform
Transforming httpclient-4.5.14.jar (org.apache.httpcomponents:httpclient:4.5.14) with ExternalDependencyInstrumentingArtifactTransform
Transforming bcutil-jdk18on-1.77.jar (org.bouncycastle:bcutil-jdk18on:1.77) with ExternalDependencyInstrumentingArtifactTransform
Transforming httpcore-4.4.16.jar (org.apache.httpcomponents:httpcore:4.4.16) with ExternalDependencyInstrumentingArtifactTransform
Transforming javax.activation-1.2.0.jar (com.sun.activation:javax.activation:1.2.0) with ExternalDependencyInstrumentingArtifactTransform
Transforming signflinger-8.8.0.jar (com.android:signflinger:8.8.0) with ExternalDependencyInstrumentingArtifactTransform
Transforming zipflinger-8.8.0.jar (com.android:zipflinger:8.8.0) with ExternalDependencyInstrumentingArtifactTransform
Transforming annotations-31.8.0.jar (com.android.tools:annotations:31.8.0) with ExternalDependencyInstrumentingArtifactTransform
Transforming juniversalchardet-1.0.3.jar (com.googlecode.juniversalchardet:juniversalchardet:1.0.3) with ExternalDependencyInstrumentingArtifactTransform
Transforming jna-platform-5.6.0.jar (net.java.dev.jna:jna-platform:5.6.0) with ExternalDependencyInstrumentingArtifactTransform
Transforming proto-google-common-protos-2.17.0.jar (com.google.api.grpc:proto-google-common-protos:2.17.0) with ExternalDependencyInstrumentingArtifactTransform
Transforming jakarta.xml.bind-api-2.3.2.jar (jakarta.xml.bind:jakarta.xml.bind-api:2.3.2) with ExternalDependencyInstrumentingArtifactTransform
Transforming stax-ex-1.8.1.jar (org.jvnet.staxex:stax-ex:1.8.1) with ExternalDependencyInstrumentingArtifactTransform
Transforming javax.annotation-api-1.3.2.jar (javax.annotation:javax.annotation-api:1.3.2) with ExternalDependencyInstrumentingArtifactTransform
Transforming annotations-23.0.0.jar (org.jetbrains:annotations:23.0.0) with ExternalDependencyInstrumentingArtifactTransform
Transforming txw2-2.3.2.jar (org.glassfish.jaxb:txw2:2.3.2) with ExternalDependencyInstrumentingArtifactTransform
Transforming FastInfoset-1.2.16.jar (com.sun.xml.fastinfoset:FastInfoset:1.2.16) with ExternalDependencyInstrumentingArtifactTransform
Transforming jakarta.activation-api-1.2.1.jar (jakarta.activation:jakarta.activation-api:1.2.1) with ExternalDependencyInstrumentingArtifactTransform
Transforming istack-commons-runtime-3.0.8.jar (com.sun.istack:istack-commons-runtime:3.0.8) with ExternalDependencyInstrumentingArtifactTransform
Transforming auto-value-annotations-1.6.2.jar (com.google.auto.value:auto-value-annotations:1.6.2) with ExternalDependencyInstrumentingArtifactTransform
Transforming error_prone_annotations-2.18.0.jar (com.google.errorprone:error_prone_annotations:2.18.0) with ExternalDependencyInstrumentingArtifactTransform
Transforming jose4j-0.9.5.jar (org.bitbucket.b_c:jose4j:0.9.5) with ExternalDependencyInstrumentingArtifactTransform
Transforming jdom2-2.0.6.jar (org.jdom:jdom2:2.0.6) with ExternalDependencyInstrumentingArtifactTransform
Transforming slf4j-api-1.7.30.jar (org.slf4j:slf4j-api:1.7.30) with ExternalDependencyInstrumentingArtifactTransform
Transforming j2objc-annotations-2.8.jar (com.google.j2objc:j2objc-annotations:2.8) with ExternalDependencyInstrumentingArtifactTransform
Transforming jsr305-3.0.2.jar (com.google.code.findbugs:jsr305:3.0.2) with ExternalDependencyInstrumentingArtifactTransform
Transforming annotations-4.1.1.4.jar (com.google.android:annotations:4.1.1.4) with ExternalDependencyInstrumentingArtifactTransform
Transforming perfmark-api-0.26.0.jar (io.perfmark:perfmark-api:0.26.0) with ExternalDependencyInstrumentingArtifactTransform
Transforming netty-codec-http2-4.1.93.Final.jar (io.netty:netty-codec-http2:4.1.93.Final) with ExternalDependencyInstrumentingArtifactTransform
Transforming netty-handler-4.1.93.Final.jar (io.netty:netty-handler:4.1.93.Final) with ExternalDependencyInstrumentingArtifactTransform
Transforming netty-handler-proxy-4.1.93.Final.jar (io.netty:netty-handler-proxy:4.1.93.Final) with ExternalDependencyInstrumentingArtifactTransform
Transforming netty-codec-http-4.1.93.Final.jar (io.netty:netty-codec-http:4.1.93.Final) with ExternalDependencyInstrumentingArtifactTransform
Transforming netty-transport-native-unix-common-4.1.93.Final.jar (io.netty:netty-transport-native-unix-common:4.1.93.Final) with ExternalDependencyInstrumentingArtifactTransform
Transforming commons-codec-1.11.jar (commons-codec:commons-codec:1.11) with ExternalDependencyInstrumentingArtifactTransform
Transforming javawriter-2.5.0.jar (com.squareup:javawriter:2.5.0) with ExternalDependencyInstrumentingArtifactTransform
Transforming checker-qual-3.33.0.jar (org.checkerframework:checker-qual:3.33.0) with ExternalDependencyInstrumentingArtifactTransform
Transforming apksig-8.8.0.jar (com.android.tools.build:apksig:8.8.0) with ExternalDependencyInstrumentingArtifactTransform
Transforming listenablefuture-9999.0-empty-to-avoid-conflict-with-guava.jar (com.google.guava:listenablefuture:9999.0-empty-to-avoid-conflict-with-guava) with ExternalDependencyInstrumentingArtifactTransform
Transforming commons-logging-1.2.jar (commons-logging:commons-logging:1.2) with ExternalDependencyInstrumentingArtifactTransform
Transforming jna-5.6.0.jar (net.java.dev.jna:jna:5.6.0) with ExternalDependencyInstrumentingArtifactTransform
Transforming netty-codec-socks-4.1.93.Final.jar (io.netty:netty-codec-socks:4.1.93.Final) with ExternalDependencyInstrumentingArtifactTransform
Transforming netty-codec-4.1.93.Final.jar (io.netty:netty-codec:4.1.93.Final) with ExternalDependencyInstrumentingArtifactTransform
Transforming netty-transport-4.1.93.Final.jar (io.netty:netty-transport:4.1.93.Final) with ExternalDependencyInstrumentingArtifactTransform
Transforming netty-buffer-4.1.93.Final.jar (io.netty:netty-buffer:4.1.93.Final) with ExternalDependencyInstrumentingArtifactTransform
Transforming netty-resolver-4.1.93.Final.jar (io.netty:netty-resolver:4.1.93.Final) with ExternalDependencyInstrumentingArtifactTransform
Transforming netty-common-4.1.93.Final.jar (io.netty:netty-common:4.1.93.Final) with ExternalDependencyInstrumentingArtifactTransform
Transforming failureaccess-1.0.1.jar (com.google.guava:failureaccess:1.0.1) with ExternalDependencyInstrumentingArtifactTransform
Transforming animal-sniffer-annotations-1.23.jar (org.codehaus.mojo:animal-sniffer-annotations:1.23) with ExternalDependencyInstrumentingArtifactTransform

> Configure project :app
Evaluating project ':app' using build file '/data/data/com.termux/files/home/HyperPS3/HyperPS3/app/build.gradle'.
Using default execution profile
C/C++: android.ndkVersion from module build.gradle is [25.2.9519653]
C/C++: android.ndkPath from module build.gradle is not set
C/C++: ndk.dir in local.properties is not set
C/C++: Not considering ANDROID_NDK_HOME because support was removed after deprecation period.
C/C++: sdkFolder is /data/data/com.termux/files/home/android-sdk

FAILURE: Build failed with an exception.

* What went wrong:
A problem occurred configuring project ':app'.
> [CXX1101] Could not parse '/data/data/com.termux/files/home/android-sdk/ndk/25.2.9519653/meta/abis.json'.

* Try:
> Run with --debug option to get more log output.
> Run with --scan to get full insights.
> Get more help at https://help.gradle.org.

* Exception is:
org.gradle.api.ProjectConfigurationException: A problem occurred configuring project ':app'.
	at org.gradle.configuration.project.LifecycleProjectEvaluator.wrapException(LifecycleProjectEvaluator.java:84)
	at org.gradle.configuration.project.LifecycleProjectEvaluator.addConfigurationFailure(LifecycleProjectEvaluator.java:77)
	at org.gradle.configuration.project.LifecycleProjectEvaluator.access$500(LifecycleProjectEvaluator.java:55)
	at org.gradle.configuration.project.LifecycleProjectEvaluator$NotifyAfterEvaluate.run(LifecycleProjectEvaluator.java:255)
	at org.gradle.internal.operations.DefaultBuildOperationRunner$1.execute(DefaultBuildOperationRunner.java:29)
	at org.gradle.internal.operations.DefaultBuildOperationRunner$1.execute(DefaultBuildOperationRunner.java:26)
	at org.gradle.internal.operations.DefaultBuildOperationRunner$2.execute(DefaultBuildOperationRunner.java:66)
	at org.gradle.internal.operations.DefaultBuildOperationRunner$2.execute(DefaultBuildOperationRunner.java:59)
	at org.gradle.internal.operations.DefaultBuildOperationRunner.execute(DefaultBuildOperationRunner.java:166)
	at org.gradle.internal.operations.DefaultBuildOperationRunner.execute(DefaultBuildOperationRunner.java:59)
	at org.gradle.internal.operations.DefaultBuildOperationRunner.run(DefaultBuildOperationRunner.java:47)
	at org.gradle.configuration.project.LifecycleProjectEvaluator$EvaluateProject.lambda$run$0(LifecycleProjectEvaluator.java:114)
	at org.gradle.api.internal.project.DefaultProjectStateRegistry$ProjectStateImpl.lambda$applyToMutableState$1(DefaultProjectStateRegistry.java:411)
	at org.gradle.api.internal.project.DefaultProjectStateRegistry$ProjectStateImpl.lambda$fromMutableState$2(DefaultProjectStateRegistry.java:434)
	at org.gradle.internal.work.DefaultWorkerLeaseService.withReplacedLocks(DefaultWorkerLeaseService.java:359)
	at org.gradle.api.internal.project.DefaultProjectStateRegistry$ProjectStateImpl.fromMutableState(DefaultProjectStateRegistry.java:434)
	at org.gradle.api.internal.project.DefaultProjectStateRegistry$ProjectStateImpl.applyToMutableState(DefaultProjectStateRegistry.java:410)
	at org.gradle.configuration.project.LifecycleProjectEvaluator$EvaluateProject.run(LifecycleProjectEvaluator.java:100)
	at org.gradle.internal.operations.DefaultBuildOperationRunner$1.execute(DefaultBuildOperationRunner.java:29)
	at org.gradle.internal.operations.DefaultBuildOperationRunner$1.execute(DefaultBuildOperationRunner.java:26)
	at org.gradle.internal.operations.DefaultBuildOperationRunner$2.execute(DefaultBuildOperationRunner.java:66)
	at org.gradle.internal.operations.DefaultBuildOperationRunner$2.execute(DefaultBuildOperationRunner.java:59)
	at org.gradle.internal.operations.DefaultBuildOperationRunner.execute(DefaultBuildOperationRunner.java:166)
	at org.gradle.internal.operations.DefaultBuildOperationRunner.execute(DefaultBuildOperationRunner.java:59)
	at org.gradle.internal.operations.DefaultBuildOperationRunner.run(DefaultBuildOperationRunner.java:47)
	at org.gradle.configuration.project.LifecycleProjectEvaluator.evaluate(LifecycleProjectEvaluator.java:72)
	at org.gradle.api.internal.project.DefaultProject.evaluateUnchecked(DefaultProject.java:832)
	at org.gradle.api.internal.project.ProjectLifecycleController.lambda$ensureSelfConfigured$2(ProjectLifecycleController.java:85)
	at org.gradle.internal.model.StateTransitionController.lambda$doTransition$14(StateTransitionController.java:255)
	at org.gradle.internal.model.StateTransitionController.doTransition(StateTransitionController.java:266)
	at org.gradle.internal.model.StateTransitionController.doTransition(StateTransitionController.java:254)
	at org.gradle.internal.model.StateTransitionController.lambda$maybeTransitionIfNotCurrentlyTransitioning$10(StateTransitionController.java:199)
	at org.gradle.internal.work.DefaultSynchronizer.withLock(DefaultSynchronizer.java:34)
	at org.gradle.internal.model.StateTransitionController.maybeTransitionIfNotCurrentlyTransitioning(StateTransitionController.java:195)
	at org.gradle.api.internal.project.ProjectLifecycleController.ensureSelfConfigured(ProjectLifecycleController.java:85)
	at org.gradle.api.internal.project.DefaultProjectStateRegistry$ProjectStateImpl.ensureConfigured(DefaultProjectStateRegistry.java:385)
	at org.gradle.execution.TaskPathProjectEvaluator.configure(TaskPathProjectEvaluator.java:34)
	at org.gradle.execution.TaskPathProjectEvaluator.configureHierarchy(TaskPathProjectEvaluator.java:50)
	at org.gradle.configuration.DefaultProjectsPreparer.prepareProjects(DefaultProjectsPreparer.java:42)
	at org.gradle.configuration.BuildTreePreparingProjectsPreparer.prepareProjects(BuildTreePreparingProjectsPreparer.java:65)
	at org.gradle.configuration.BuildOperationFiringProjectsPreparer$ConfigureBuild.run(BuildOperationFiringProjectsPreparer.java:52)
	at org.gradle.internal.operations.DefaultBuildOperationRunner$1.execute(DefaultBuildOperationRunner.java:29)
	at org.gradle.internal.operations.DefaultBuildOperationRunner$1.execute(DefaultBuildOperationRunner.java:26)
	at org.gradle.internal.operations.DefaultBuildOperationRunner$2.execute(DefaultBuildOperationRunner.java:66)
	at org.gradle.internal.operations.DefaultBuildOperationRunner$2.execute(DefaultBuildOperationRunner.java:59)
	at org.gradle.internal.operations.DefaultBuildOperationRunner.execute(DefaultBuildOperationRunner.java:166)
	at org.gradle.internal.operations.DefaultBuildOperationRunner.execute(DefaultBuildOperationRunner.java:59)
	at org.gradle.internal.operations.DefaultBuildOperationRunner.run(DefaultBuildOperationRunner.java:47)
	at org.gradle.configuration.BuildOperationFiringProjectsPreparer.prepareProjects(BuildOperationFiringProjectsPreparer.java:40)
	at org.gradle.initialization.VintageBuildModelController.lambda$prepareProjects$2(VintageBuildModelController.java:84)
	at org.gradle.internal.model.StateTransitionController.lambda$doTransition$14(StateTransitionController.java:255)
	at org.gradle.internal.model.StateTransitionController.doTransition(StateTransitionController.java:266)
	at org.gradle.internal.model.StateTransitionController.doTransition(StateTransitionController.java:254)
	at org.gradle.internal.model.StateTransitionController.lambda$transitionIfNotPreviously$11(StateTransitionController.java:213)
	at org.gradle.internal.work.DefaultSynchronizer.withLock(DefaultSynchronizer.java:34)
	at org.gradle.internal.model.StateTransitionController.transitionIfNotPreviously(StateTransitionController.java:209)
	at org.gradle.initialization.VintageBuildModelController.prepareProjects(VintageBuildModelController.java:84)
	at org.gradle.initialization.VintageBuildModelController.prepareToScheduleTasks(VintageBuildModelController.java:71)
	at org.gradle.internal.build.DefaultBuildLifecycleController.lambda$prepareToScheduleTasks$6(DefaultBuildLifecycleController.java:175)
	at org.gradle.internal.model.StateTransitionController.lambda$doTransition$14(StateTransitionController.java:255)
	at org.gradle.internal.model.StateTransitionController.doTransition(StateTransitionController.java:266)
	at org.gradle.internal.model.StateTransitionController.doTransition(StateTransitionController.java:254)
	at org.gradle.internal.model.StateTransitionController.lambda$maybeTransition$9(StateTransitionController.java:190)
	at org.gradle.internal.work.DefaultSynchronizer.withLock(DefaultSynchronizer.java:34)
	at org.gradle.internal.model.StateTransitionController.maybeTransition(StateTransitionController.java:186)
	at org.gradle.internal.build.DefaultBuildLifecycleController.prepareToScheduleTasks(DefaultBuildLifecycleController.java:173)
	at org.gradle.internal.buildtree.DefaultBuildTreeWorkPreparer.scheduleRequestedTasks(DefaultBuildTreeWorkPreparer.java:36)
	at org.gradle.internal.cc.impl.VintageBuildTreeWorkController$scheduleAndRunRequestedTasks$1.apply(VintageBuildTreeWorkController.kt:36)
	at org.gradle.internal.cc.impl.VintageBuildTreeWorkController$scheduleAndRunRequestedTasks$1.apply(VintageBuildTreeWorkController.kt:35)
	at org.gradle.composite.internal.DefaultIncludedBuildTaskGraph.withNewWorkGraph(DefaultIncludedBuildTaskGraph.java:112)
	at org.gradle.internal.cc.impl.VintageBuildTreeWorkController.scheduleAndRunRequestedTasks(VintageBuildTreeWorkController.kt:35)
	at org.gradle.internal.buildtree.DefaultBuildTreeLifecycleController.lambda$scheduleAndRunTasks$1(DefaultBuildTreeLifecycleController.java:77)
	at org.gradle.internal.buildtree.DefaultBuildTreeLifecycleController.lambda$runBuild$4(DefaultBuildTreeLifecycleController.java:120)
	at org.gradle.internal.model.StateTransitionController.lambda$transition$6(StateTransitionController.java:169)
	at org.gradle.internal.model.StateTransitionController.doTransition(StateTransitionController.java:266)
	at org.gradle.internal.model.StateTransitionController.lambda$transition$7(StateTransitionController.java:169)
	at org.gradle.internal.work.DefaultSynchronizer.withLock(DefaultSynchronizer.java:44)
	at org.gradle.internal.model.StateTransitionController.transition(StateTransitionController.java:169)
	at org.gradle.internal.buildtree.DefaultBuildTreeLifecycleController.runBuild(DefaultBuildTreeLifecycleController.java:117)
	at org.gradle.internal.buildtree.DefaultBuildTreeLifecycleController.scheduleAndRunTasks(DefaultBuildTreeLifecycleController.java:77)
	at org.gradle.internal.buildtree.DefaultBuildTreeLifecycleController.scheduleAndRunTasks(DefaultBuildTreeLifecycleController.java:72)
	at org.gradle.tooling.internal.provider.ExecuteBuildActionRunner.run(ExecuteBuildActionRunner.java:31)
	at org.gradle.launcher.exec.ChainingBuildActionRunner.run(ChainingBuildActionRunner.java:35)
	at org.gradle.internal.buildtree.ProblemReportingBuildActionRunner.run(ProblemReportingBuildActionRunner.java:49)
	at org.gradle.launcher.exec.BuildOutcomeReportingBuildActionRunner.run(BuildOutcomeReportingBuildActionRunner.java:65)
	at org.gradle.tooling.internal.provider.FileSystemWatchingBuildActionRunner.run(FileSystemWatchingBuildActionRunner.java:140)
	at org.gradle.launcher.exec.BuildCompletionNotifyingBuildActionRunner.run(BuildCompletionNotifyingBuildActionRunner.java:41)
	at org.gradle.launcher.exec.RootBuildLifecycleBuildActionExecutor.lambda$execute$0(RootBuildLifecycleBuildActionExecutor.java:54)
	at org.gradle.composite.internal.DefaultRootBuildState.run(DefaultRootBuildState.java:130)
	at org.gradle.launcher.exec.RootBuildLifecycleBuildActionExecutor.execute(RootBuildLifecycleBuildActionExecutor.java:54)
	at org.gradle.internal.buildtree.InitDeprecationLoggingActionExecutor.execute(InitDeprecationLoggingActionExecutor.java:62)
	at org.gradle.internal.buildtree.InitProblems.execute(InitProblems.java:36)
	at org.gradle.internal.buildtree.DefaultBuildTreeContext.execute(DefaultBuildTreeContext.java:40)
	at org.gradle.launcher.exec.BuildTreeLifecycleBuildActionExecutor.lambda$execute$0(BuildTreeLifecycleBuildActionExecutor.java:71)
	at org.gradle.internal.buildtree.BuildTreeState.run(BuildTreeState.java:60)
	at org.gradle.launcher.exec.BuildTreeLifecycleBuildActionExecutor.execute(BuildTreeLifecycleBuildActionExecutor.java:71)
	at org.gradle.launcher.exec.RunAsBuildOperationBuildActionExecutor$3.call(RunAsBuildOperationBuildActionExecutor.java:61)
	at org.gradle.launcher.exec.RunAsBuildOperationBuildActionExecutor$3.call(RunAsBuildOperationBuildActionExecutor.java:57)
	at org.gradle.internal.operations.DefaultBuildOperationRunner$CallableBuildOperationWorker.execute(DefaultBuildOperationRunner.java:209)
	at org.gradle.internal.operations.DefaultBuildOperationRunner$CallableBuildOperationWorker.execute(DefaultBuildOperationRunner.java:204)
	at org.gradle.internal.operations.DefaultBuildOperationRunner$2.execute(DefaultBuildOperationRunner.java:66)
	at org.gradle.internal.operations.DefaultBuildOperationRunner$2.execute(DefaultBuildOperationRunner.java:59)
	at org.gradle.internal.operations.DefaultBuildOperationRunner.execute(DefaultBuildOperationRunner.java:166)
	at org.gradle.internal.operations.DefaultBuildOperationRunner.execute(DefaultBuildOperationRunner.java:59)
	at org.gradle.internal.operations.DefaultBuildOperationRunner.call(DefaultBuildOperationRunner.java:53)
	at org.gradle.launcher.exec.RunAsBuildOperationBuildActionExecutor.execute(RunAsBuildOperationBuildActionExecutor.java:57)
	at org.gradle.launcher.exec.RunAsWorkerThreadBuildActionExecutor.lambda$execute$0(RunAsWorkerThreadBuildActionExecutor.java:36)
	at org.gradle.internal.work.DefaultWorkerLeaseService.withLocks(DefaultWorkerLeaseService.java:263)
	at org.gradle.internal.work.DefaultWorkerLeaseService.runAsWorkerThread(DefaultWorkerLeaseService.java:127)
	at org.gradle.launcher.exec.RunAsWorkerThreadBuildActionExecutor.execute(RunAsWorkerThreadBuildActionExecutor.java:36)
	at org.gradle.tooling.internal.provider.continuous.ContinuousBuildActionExecutor.execute(ContinuousBuildActionExecutor.java:110)
	at org.gradle.tooling.internal.provider.SubscribableBuildActionExecutor.execute(SubscribableBuildActionExecutor.java:64)
	at org.gradle.internal.session.DefaultBuildSessionContext.execute(DefaultBuildSessionContext.java:46)
	at org.gradle.internal.buildprocess.execution.BuildSessionLifecycleBuildActionExecutor$ActionImpl.apply(BuildSessionLifecycleBuildActionExecutor.java:92)
	at org.gradle.internal.buildprocess.execution.BuildSessionLifecycleBuildActionExecutor$ActionImpl.apply(BuildSessionLifecycleBuildActionExecutor.java:80)
	at org.gradle.internal.session.BuildSessionState.run(BuildSessionState.java:71)
	at org.gradle.internal.buildprocess.execution.BuildSessionLifecycleBuildActionExecutor.execute(BuildSessionLifecycleBuildActionExecutor.java:62)
	at org.gradle.internal.buildprocess.execution.BuildSessionLifecycleBuildActionExecutor.execute(BuildSessionLifecycleBuildActionExecutor.java:41)
	at org.gradle.internal.buildprocess.execution.StartParamsValidatingActionExecutor.execute(StartParamsValidatingActionExecutor.java:64)
	at org.gradle.internal.buildprocess.execution.StartParamsValidatingActionExecutor.execute(StartParamsValidatingActionExecutor.java:32)
	at org.gradle.internal.buildprocess.execution.SessionFailureReportingActionExecutor.execute(SessionFailureReportingActionExecutor.java:51)
	at org.gradle.internal.buildprocess.execution.SessionFailureReportingActionExecutor.execute(SessionFailureReportingActionExecutor.java:39)
	at org.gradle.internal.buildprocess.execution.SetupLoggingActionExecutor.execute(SetupLoggingActionExecutor.java:47)
	at org.gradle.internal.buildprocess.execution.SetupLoggingActionExecutor.execute(SetupLoggingActionExecutor.java:31)
	at org.gradle.launcher.daemon.server.exec.ExecuteBuild.doBuild(ExecuteBuild.java:70)
	at org.gradle.launcher.daemon.server.exec.BuildCommandOnly.execute(BuildCommandOnly.java:37)
	at org.gradle.launcher.daemon.server.api.DaemonCommandExecution.proceed(DaemonCommandExecution.java:104)
	at org.gradle.launcher.daemon.server.exec.WatchForDisconnection.execute(WatchForDisconnection.java:39)
	at org.gradle.launcher.daemon.server.api.DaemonCommandExecution.proceed(DaemonCommandExecution.java:104)
	at org.gradle.launcher.daemon.server.exec.ResetDeprecationLogger.execute(ResetDeprecationLogger.java:29)
	at org.gradle.launcher.daemon.server.api.DaemonCommandExecution.proceed(DaemonCommandExecution.java:104)
	at org.gradle.launcher.daemon.server.exec.RequestStopIfSingleUsedDaemon.execute(RequestStopIfSingleUsedDaemon.java:35)
	at org.gradle.launcher.daemon.server.api.DaemonCommandExecution.proceed(DaemonCommandExecution.java:104)
	at org.gradle.launcher.daemon.server.exec.ForwardClientInput.lambda$execute$0(ForwardClientInput.java:40)
	at org.gradle.internal.daemon.clientinput.ClientInputForwarder.forwardInput(ClientInputForwarder.java:80)
	at org.gradle.launcher.daemon.server.exec.ForwardClientInput.execute(ForwardClientInput.java:37)
	at org.gradle.launcher.daemon.server.api.DaemonCommandExecution.proceed(DaemonCommandExecution.java:104)
	at org.gradle.launcher.daemon.server.exec.LogAndCheckHealth.execute(LogAndCheckHealth.java:64)
	at org.gradle.launcher.daemon.server.api.DaemonCommandExecution.proceed(DaemonCommandExecution.java:104)
	at org.gradle.launcher.daemon.server.exec.LogToClient.doBuild(LogToClient.java:63)
	at org.gradle.launcher.daemon.server.exec.BuildCommandOnly.execute(BuildCommandOnly.java:37)
	at org.gradle.launcher.daemon.server.api.DaemonCommandExecution.proceed(DaemonCommandExecution.java:104)
	at org.gradle.launcher.daemon.server.exec.EstablishBuildEnvironment.doBuild(EstablishBuildEnvironment.java:84)
	at org.gradle.launcher.daemon.server.exec.BuildCommandOnly.execute(BuildCommandOnly.java:37)
	at org.gradle.launcher.daemon.server.api.DaemonCommandExecution.proceed(DaemonCommandExecution.java:104)
	at org.gradle.launcher.daemon.server.exec.StartBuildOrRespondWithBusy$1.run(StartBuildOrRespondWithBusy.java:52)
	at org.gradle.launcher.daemon.server.DaemonStateCoordinator.lambda$runCommand$0(DaemonStateCoordinator.java:321)
	at org.gradle.internal.concurrent.ExecutorPolicy$CatchAndRecordFailures.onExecute(ExecutorPolicy.java:64)
	at org.gradle.internal.concurrent.AbstractManagedExecutor$1.run(AbstractManagedExecutor.java:48)
Caused by: com.android.builder.errors.EvalIssueException: [CXX1101] Could not parse '/data/data/com.termux/files/home/android-sdk/ndk/25.2.9519653/meta/abis.json'.
	at com.android.builder.errors.IssueReporter.reportError(IssueReporter.kt:118)
	at com.android.builder.errors.IssueReporter.reportError$default(IssueReporter.kt:114)
	at com.android.build.gradle.internal.cxx.logging.IssueReporterLoggingEnvironment.log(IssueReporterLoggingEnvironment.kt:113)
	at com.android.build.gradle.internal.cxx.logging.ThreadLoggingEnvironment$Companion.reportFormattedErrorToCurrentLogger(LoggingEnvironment.kt:230)
	at com.android.build.gradle.internal.cxx.logging.LoggingEnvironmentKt.errorln(LoggingEnvironment.kt:62)
	at com.android.build.gradle.internal.cxx.configure.NdkAbiFile.<init>(NdkAbiFile.kt:60)
	at com.android.build.gradle.internal.ndk.NdkR25Info.<init>(NdkR25Info.kt:45)
	at com.android.build.gradle.internal.ndk.NdkHandler.getNdkInfo(NdkHandler.kt:73)
	at com.android.build.gradle.internal.ndk.NdkHandler.getNdkStatus(NdkHandler.kt:85)
	at com.android.build.gradle.internal.ndk.NdkHandler.getNdkPlatform(NdkHandler.kt:96)
	at com.android.build.gradle.internal.cxx.gradle.generator.CxxConfigurationModelKt.tryCreateConfigurationParameters(CxxConfigurationModel.kt:213)
	at com.android.build.gradle.internal.cxx.configure.CxxCreateGradleTasksKt.createCxxTasks(CxxCreateGradleTasks.kt:89)
	at com.android.build.gradle.internal.VariantTaskManager.createTopLevelTasks(VariantTaskManager.kt:216)
	at com.android.build.gradle.internal.VariantTaskManager.createTasks(VariantTaskManager.kt:140)
	at com.android.build.gradle.internal.plugins.BasePlugin.createAndroidTasks(BasePlugin.kt:739)
	at com.android.build.gradle.internal.plugins.BasePlugin$createTasks$2$1.call(BasePlugin.kt:594)
	at com.android.build.gradle.internal.profile.NoOpAnalyticsConfiguratorService.recordBlock(NoOpAnalyticsConfiguratorService.kt:57)
	at com.android.build.gradle.internal.plugins.BasePlugin$createTasks$2.accept(BasePlugin.kt:589)
	at com.android.build.gradle.internal.plugins.BasePlugin$createTasks$2.accept(BasePlugin.kt:586)
	at com.android.build.gradle.internal.crash.CrashReporting$afterEvaluate$1.execute(crash_reporting.kt:37)
	at com.android.build.gradle.internal.crash.CrashReporting$afterEvaluate$1.execute(crash_reporting.kt:35)
	at org.gradle.internal.code.DefaultUserCodeApplicationContext$CurrentApplication$1.execute(DefaultUserCodeApplicationContext.java:124)
	at org.gradle.configuration.internal.DefaultListenerBuildOperationDecorator$BuildOperationEmittingAction$1.run(DefaultListenerBuildOperationDecorator.java:173)
	at org.gradle.internal.operations.DefaultBuildOperationRunner$1.execute(DefaultBuildOperationRunner.java:29)
	at org.gradle.internal.operations.DefaultBuildOperationRunner$1.execute(DefaultBuildOperationRunner.java:26)
	at org.gradle.internal.operations.DefaultBuildOperationRunner$2.execute(DefaultBuildOperationRunner.java:66)
	at org.gradle.internal.operations.DefaultBuildOperationRunner$2.execute(DefaultBuildOperationRunner.java:59)
	at org.gradle.internal.operations.DefaultBuildOperationRunner.execute(DefaultBuildOperationRunner.java:166)
	at org.gradle.internal.operations.DefaultBuildOperationRunner.execute(DefaultBuildOperationRunner.java:59)
	at org.gradle.internal.operations.DefaultBuildOperationRunner.run(DefaultBuildOperationRunner.java:47)
	at org.gradle.configuration.internal.DefaultListenerBuildOperationDecorator$BuildOperationEmittingAction.execute(DefaultListenerBuildOperationDecorator.java:170)
	at org.gradle.internal.event.BroadcastDispatch$ActionInvocationHandler.dispatch(BroadcastDispatch.java:99)
	at org.gradle.internal.event.BroadcastDispatch$ActionInvocationHandler.dispatch(BroadcastDispatch.java:87)
	at org.gradle.internal.event.AbstractBroadcastDispatch.dispatch(AbstractBroadcastDispatch.java:44)
	at org.gradle.internal.event.BroadcastDispatch$SingletonDispatch.dispatch(BroadcastDispatch.java:268)
	at org.gradle.internal.event.BroadcastDispatch$SingletonDispatch.dispatch(BroadcastDispatch.java:170)
	at org.gradle.internal.event.AbstractBroadcastDispatch.dispatch(AbstractBroadcastDispatch.java:84)
	at org.gradle.internal.event.AbstractBroadcastDispatch.dispatch(AbstractBroadcastDispatch.java:70)
	at org.gradle.internal.event.BroadcastDispatch$CompositeDispatch.dispatch(BroadcastDispatch.java:380)
	at org.gradle.internal.event.BroadcastDispatch$CompositeDispatch.dispatch(BroadcastDispatch.java:272)
	at org.gradle.internal.event.ListenerBroadcast.dispatch(ListenerBroadcast.java:153)
	at org.gradle.internal.event.ListenerBroadcast.dispatch(ListenerBroadcast.java:38)
	at org.gradle.internal.dispatch.ProxyDispatchAdapter$DispatchingInvocationHandler.invoke(ProxyDispatchAdapter.java:92)
	at jdk.proxy1/jdk.proxy1.$Proxy61.afterEvaluate(Unknown Source)
	at org.gradle.configuration.project.LifecycleProjectEvaluator$NotifyAfterEvaluate$1.execute(LifecycleProjectEvaluator.java:247)
	at org.gradle.configuration.project.LifecycleProjectEvaluator$NotifyAfterEvaluate$1.execute(LifecycleProjectEvaluator.java:244)
	at org.gradle.api.internal.project.DefaultProject.stepEvaluationListener(DefaultProject.java:1594)
	at org.gradle.configuration.project.LifecycleProjectEvaluator$NotifyAfterEvaluate.run(LifecycleProjectEvaluator.java:253)
	at org.gradle.internal.operations.DefaultBuildOperationRunner$1.execute(DefaultBuildOperationRunner.java:29)
	at org.gradle.internal.operations.DefaultBuildOperationRunner$1.execute(DefaultBuildOperationRunner.java:26)
	at org.gradle.internal.operations.DefaultBuildOperationRunner$2.execute(DefaultBuildOperationRunner.java:66)
	at org.gradle.internal.operations.DefaultBuildOperationRunner$2.execute(DefaultBuildOperationRunner.java:59)
	at org.gradle.internal.operations.DefaultBuildOperationRunner.execute(DefaultBuildOperationRunner.java:166)
	at org.gradle.internal.operations.DefaultBuildOperationRunner.execute(DefaultBuildOperationRunner.java:59)
	at org.gradle.internal.operations.DefaultBuildOperationRunner.run(DefaultBuildOperationRunner.java:47)
	at org.gradle.configuration.project.LifecycleProjectEvaluator$EvaluateProject.lambda$run$0(LifecycleProjectEvaluator.java:114)
	at org.gradle.api.internal.project.DefaultProjectStateRegistry$ProjectStateImpl.lambda$applyToMutableState$1(DefaultProjectStateRegistry.java:411)
	at org.gradle.api.internal.project.DefaultProjectStateRegistry$ProjectStateImpl.lambda$fromMutableState$2(DefaultProjectStateRegistry.java:434)
	at org.gradle.internal.work.DefaultWorkerLeaseService.withReplacedLocks(DefaultWorkerLeaseService.java:359)
	at org.gradle.api.internal.project.DefaultProjectStateRegistry$ProjectStateImpl.fromMutableState(DefaultProjectStateRegistry.java:434)
	at org.gradle.api.internal.project.DefaultProjectStateRegistry$ProjectStateImpl.applyToMutableState(DefaultProjectStateRegistry.java:410)
	at org.gradle.configuration.project.LifecycleProjectEvaluator$EvaluateProject.run(LifecycleProjectEvaluator.java:100)
	at org.gradle.internal.operations.DefaultBuildOperationRunner$1.execute(DefaultBuildOperationRunner.java:29)
	at org.gradle.internal.operations.DefaultBuildOperationRunner$1.execute(DefaultBuildOperationRunner.java:26)
	at org.gradle.internal.operations.DefaultBuildOperationRunner$2.execute(DefaultBuildOperationRunner.java:66)
	at org.gradle.internal.operations.DefaultBuildOperationRunner$2.execute(DefaultBuildOperationRunner.java:59)
	at org.gradle.internal.operations.DefaultBuildOperationRunner.execute(DefaultBuildOperationRunner.java:166)
	at org.gradle.internal.operations.DefaultBuildOperationRunner.execute(DefaultBuildOperationRunner.java:59)
	at org.gradle.internal.operations.DefaultBuildOperationRunner.run(DefaultBuildOperationRunner.java:47)
	at org.gradle.configuration.project.LifecycleProjectEvaluator.evaluate(LifecycleProjectEvaluator.java:72)
	at org.gradle.api.internal.project.DefaultProject.evaluateUnchecked(DefaultProject.java:832)
	at org.gradle.api.internal.project.ProjectLifecycleController.lambda$ensureSelfConfigured$2(ProjectLifecycleController.java:85)
	at org.gradle.internal.model.StateTransitionController.lambda$doTransition$14(StateTransitionController.java:255)
	at org.gradle.internal.model.StateTransitionController.doTransition(StateTransitionController.java:266)
	at org.gradle.internal.model.StateTransitionController.doTransition(StateTransitionController.java:254)
	at org.gradle.internal.model.StateTransitionController.lambda$maybeTransitionIfNotCurrentlyTransitioning$10(StateTransitionController.java:199)
	at org.gradle.internal.work.DefaultSynchronizer.withLock(DefaultSynchronizer.java:34)
	at org.gradle.internal.model.StateTransitionController.maybeTransitionIfNotCurrentlyTransitioning(StateTransitionController.java:195)
	at org.gradle.api.internal.project.ProjectLifecycleController.ensureSelfConfigured(ProjectLifecycleController.java:85)
	at org.gradle.api.internal.project.DefaultProjectStateRegistry$ProjectStateImpl.ensureConfigured(DefaultProjectStateRegistry.java:385)
	at org.gradle.execution.TaskPathProjectEvaluator.configure(TaskPathProjectEvaluator.java:34)
	at org.gradle.execution.TaskPathProjectEvaluator.configureHierarchy(TaskPathProjectEvaluator.java:50)
	at org.gradle.configuration.DefaultProjectsPreparer.prepareProjects(DefaultProjectsPreparer.java:42)
	at org.gradle.configuration.BuildTreePreparingProjectsPreparer.prepareProjects(BuildTreePreparingProjectsPreparer.java:65)
	at org.gradle.configuration.BuildOperationFiringProjectsPreparer$ConfigureBuild.run(BuildOperationFiringProjectsPreparer.java:52)
	at org.gradle.internal.operations.DefaultBuildOperationRunner$1.execute(DefaultBuildOperationRunner.java:29)
	at org.gradle.internal.operations.DefaultBuildOperationRunner$1.execute(DefaultBuildOperationRunner.java:26)
	at org.gradle.internal.operations.DefaultBuildOperationRunner$2.execute(DefaultBuildOperationRunner.java:66)
	at org.gradle.internal.operations.DefaultBuildOperationRunner$2.execute(DefaultBuildOperationRunner.java:59)
	at org.gradle.internal.operations.DefaultBuildOperationRunner.execute(DefaultBuildOperationRunner.java:166)
	at org.gradle.internal.operations.DefaultBuildOperationRunner.execute(DefaultBuildOperationRunner.java:59)
	at org.gradle.internal.operations.DefaultBuildOperationRunner.run(DefaultBuildOperationRunner.java:47)
	at org.gradle.configuration.BuildOperationFiringProjectsPreparer.prepareProjects(BuildOperationFiringProjectsPreparer.java:40)
	at org.gradle.initialization.VintageBuildModelController.lambda$prepareProjects$2(VintageBuildModelController.java:84)
	at org.gradle.internal.model.StateTransitionController.lambda$doTransition$14(StateTransitionController.java:255)
	at org.gradle.internal.model.StateTransitionController.doTransition(StateTransitionController.java:266)
	at org.gradle.internal.model.StateTransitionController.doTransition(StateTransitionController.java:254)
	at org.gradle.internal.model.StateTransitionController.lambda$transitionIfNotPreviously$11(StateTransitionController.java:213)
	at org.gradle.internal.work.DefaultSynchronizer.withLock(DefaultSynchronizer.java:34)
	at org.gradle.internal.model.StateTransitionController.transitionIfNotPreviously(StateTransitionController.java:209)
	at org.gradle.initialization.VintageBuildModelController.prepareProjects(VintageBuildModelController.java:84)
	at org.gradle.initialization.VintageBuildModelController.prepareToScheduleTasks(VintageBuildModelController.java:71)
	at org.gradle.internal.build.DefaultBuildLifecycleController.lambda$prepareToScheduleTasks$6(DefaultBuildLifecycleController.java:175)
	at org.gradle.internal.model.StateTransitionController.lambda$doTransition$14(StateTransitionController.java:255)
	at org.gradle.internal.model.StateTransitionController.doTransition(StateTransitionController.java:266)
	at org.gradle.internal.model.StateTransitionController.doTransition(StateTransitionController.java:254)
	at org.gradle.internal.model.StateTransitionController.lambda$maybeTransition$9(StateTransitionController.java:190)
	at org.gradle.internal.work.DefaultSynchronizer.withLock(DefaultSynchronizer.java:34)
	at org.gradle.internal.model.StateTransitionController.maybeTransition(StateTransitionController.java:186)
	at org.gradle.internal.build.DefaultBuildLifecycleController.prepareToScheduleTasks(DefaultBuildLifecycleController.java:173)
	at org.gradle.internal.buildtree.DefaultBuildTreeWorkPreparer.scheduleRequestedTasks(DefaultBuildTreeWorkPreparer.java:36)
	at org.gradle.internal.cc.impl.VintageBuildTreeWorkController$scheduleAndRunRequestedTasks$1.apply(VintageBuildTreeWorkController.kt:36)
	at org.gradle.internal.cc.impl.VintageBuildTreeWorkController$scheduleAndRunRequestedTasks$1.apply(VintageBuildTreeWorkController.kt:35)
	at org.gradle.composite.internal.DefaultIncludedBuildTaskGraph.withNewWorkGraph(DefaultIncludedBuildTaskGraph.java:112)
	at org.gradle.internal.cc.impl.VintageBuildTreeWorkController.scheduleAndRunRequestedTasks(VintageBuildTreeWorkController.kt:35)
	at org.gradle.internal.buildtree.DefaultBuildTreeLifecycleController.lambda$scheduleAndRunTasks$1(DefaultBuildTreeLifecycleController.java:77)
	at org.gradle.internal.buildtree.DefaultBuildTreeLifecycleController.lambda$runBuild$4(DefaultBuildTreeLifecycleController.java:120)
	at org.gradle.internal.model.StateTransitionController.lambda$transition$6(StateTransitionController.java:169)
	at org.gradle.internal.model.StateTransitionController.doTransition(StateTransitionController.java:266)
	at org.gradle.internal.model.StateTransitionController.lambda$transition$7(StateTransitionController.java:169)
	at org.gradle.internal.work.DefaultSynchronizer.withLock(DefaultSynchronizer.java:44)
	at org.gradle.internal.model.StateTransitionController.transition(StateTransitionController.java:169)
	at org.gradle.internal.buildtree.DefaultBuildTreeLifecycleController.runBuild(DefaultBuildTreeLifecycleController.java:117)
	at org.gradle.internal.buildtree.DefaultBuildTreeLifecycleController.scheduleAndRunTasks(DefaultBuildTreeLifecycleController.java:77)
	at org.gradle.internal.buildtree.DefaultBuildTreeLifecycleController.scheduleAndRunTasks(DefaultBuildTreeLifecycleController.java:72)
	at org.gradle.tooling.internal.provider.ExecuteBuildActionRunner.run(ExecuteBuildActionRunner.java:31)
	at org.gradle.launcher.exec.ChainingBuildActionRunner.run(ChainingBuildActionRunner.java:35)
	at org.gradle.internal.buildtree.ProblemReportingBuildActionRunner.run(ProblemReportingBuildActionRunner.java:49)
	at org.gradle.launcher.exec.BuildOutcomeReportingBuildActionRunner.run(BuildOutcomeReportingBuildActionRunner.java:65)
	at org.gradle.tooling.internal.provider.FileSystemWatchingBuildActionRunner.run(FileSystemWatchingBuildActionRunner.java:140)
	at org.gradle.launcher.exec.BuildCompletionNotifyingBuildActionRunner.run(BuildCompletionNotifyingBuildActionRunner.java:41)
	at org.gradle.launcher.exec.RootBuildLifecycleBuildActionExecutor.lambda$execute$0(RootBuildLifecycleBuildActionExecutor.java:54)
	at org.gradle.composite.internal.DefaultRootBuildState.run(DefaultRootBuildState.java:130)
	at org.gradle.launcher.exec.RootBuildLifecycleBuildActionExecutor.execute(RootBuildLifecycleBuildActionExecutor.java:54)
	at org.gradle.internal.buildtree.InitDeprecationLoggingActionExecutor.execute(InitDeprecationLoggingActionExecutor.java:62)
	at org.gradle.internal.buildtree.InitProblems.execute(InitProblems.java:36)
	at org.gradle.internal.buildtree.DefaultBuildTreeContext.execute(DefaultBuildTreeContext.java:40)
	at org.gradle.launcher.exec.BuildTreeLifecycleBuildActionExecutor.lambda$execute$0(BuildTreeLifecycleBuildActionExecutor.java:71)
	at org.gradle.internal.buildtree.BuildTreeState.run(BuildTreeState.java:60)
	at org.gradle.launcher.exec.BuildTreeLifecycleBuildActionExecutor.execute(BuildTreeLifecycleBuildActionExecutor.java:71)
	at org.gradle.launcher.exec.RunAsBuildOperationBuildActionExecutor$3.call(RunAsBuildOperationBuildActionExecutor.java:61)
	at org.gradle.launcher.exec.RunAsBuildOperationBuildActionExecutor$3.call(RunAsBuildOperationBuildActionExecutor.java:57)
	at org.gradle.internal.operations.DefaultBuildOperationRunner$CallableBuildOperationWorker.execute(DefaultBuildOperationRunner.java:209)
	at org.gradle.internal.operations.DefaultBuildOperationRunner$CallableBuildOperationWorker.execute(DefaultBuildOperationRunner.java:204)
	at org.gradle.internal.operations.DefaultBuildOperationRunner$2.execute(DefaultBuildOperationRunner.java:66)
	at org.gradle.internal.operations.DefaultBuildOperationRunner$2.execute(DefaultBuildOperationRunner.java:59)
	at org.gradle.internal.operations.DefaultBuildOperationRunner.execute(DefaultBuildOperationRunner.java:166)
	at org.gradle.internal.operations.DefaultBuildOperationRunner.execute(DefaultBuildOperationRunner.java:59)
	at org.gradle.internal.operations.DefaultBuildOperationRunner.call(DefaultBuildOperationRunner.java:53)
	at org.gradle.launcher.exec.RunAsBuildOperationBuildActionExecutor.execute(RunAsBuildOperationBuildActionExecutor.java:57)
	at org.gradle.launcher.exec.RunAsWorkerThreadBuildActionExecutor.lambda$execute$0(RunAsWorkerThreadBuildActionExecutor.java:36)
	at org.gradle.internal.work.DefaultWorkerLeaseService.withLocks(DefaultWorkerLeaseService.java:263)
	at org.gradle.internal.work.DefaultWorkerLeaseService.runAsWorkerThread(DefaultWorkerLeaseService.java:127)
	at org.gradle.launcher.exec.RunAsWorkerThreadBuildActionExecutor.execute(RunAsWorkerThreadBuildActionExecutor.java:36)
	at org.gradle.tooling.internal.provider.continuous.ContinuousBuildActionExecutor.execute(ContinuousBuildActionExecutor.java:110)
	at org.gradle.tooling.internal.provider.SubscribableBuildActionExecutor.execute(SubscribableBuildActionExecutor.java:64)
	at org.gradle.internal.session.DefaultBuildSessionContext.execute(DefaultBuildSessionContext.java:46)
	at org.gradle.internal.buildprocess.execution.BuildSessionLifecycleBuildActionExecutor$ActionImpl.apply(BuildSessionLifecycleBuildActionExecutor.java:92)
	at org.gradle.internal.buildprocess.execution.BuildSessionLifecycleBuildActionExecutor$ActionImpl.apply(BuildSessionLifecycleBuildActionExecutor.java:80)
	at org.gradle.internal.session.BuildSessionState.run(BuildSessionState.java:71)
	at org.gradle.internal.buildprocess.execution.BuildSessionLifecycleBuildActionExecutor.execute(BuildSessionLifecycleBuildActionExecutor.java:62)
	at org.gradle.internal.buildprocess.execution.BuildSessionLifecycleBuildActionExecutor.execute(BuildSessionLifecycleBuildActionExecutor.java:41)
	at org.gradle.internal.buildprocess.execution.StartParamsValidatingActionExecutor.execute(StartParamsValidatingActionExecutor.java:64)
	at org.gradle.internal.buildprocess.execution.StartParamsValidatingActionExecutor.execute(StartParamsValidatingActionExecutor.java:32)
	at org.gradle.internal.buildprocess.execution.SessionFailureReportingActionExecutor.execute(SessionFailureReportingActionExecutor.java:51)
	at org.gradle.internal.buildprocess.execution.SessionFailureReportingActionExecutor.execute(SessionFailureReportingActionExecutor.java:39)
	at org.gradle.internal.buildprocess.execution.SetupLoggingActionExecutor.execute(SetupLoggingActionExecutor.java:47)
	at org.gradle.internal.buildprocess.execution.SetupLoggingActionExecutor.execute(SetupLoggingActionExecutor.java:31)
	at org.gradle.launcher.daemon.server.exec.ExecuteBuild.doBuild(ExecuteBuild.java:70)
	at org.gradle.launcher.daemon.server.exec.BuildCommandOnly.execute(BuildCommandOnly.java:37)
	at org.gradle.launcher.daemon.server.api.DaemonCommandExecution.proceed(DaemonCommandExecution.java:104)
	at org.gradle.launcher.daemon.server.exec.WatchForDisconnection.execute(WatchForDisconnection.java:39)
	at org.gradle.launcher.daemon.server.api.DaemonCommandExecution.proceed(DaemonCommandExecution.java:104)
	at org.gradle.launcher.daemon.server.exec.ResetDeprecationLogger.execute(ResetDeprecationLogger.java:29)
	at org.gradle.launcher.daemon.server.api.DaemonCommandExecution.proceed(DaemonCommandExecution.java:104)
	at org.gradle.launcher.daemon.server.exec.RequestStopIfSingleUsedDaemon.execute(RequestStopIfSingleUsedDaemon.java:35)
	at org.gradle.launcher.daemon.server.api.DaemonCommandExecution.proceed(DaemonCommandExecution.java:104)
	at org.gradle.launcher.daemon.server.exec.ForwardClientInput.lambda$execute$0(ForwardClientInput.java:40)
	at org.gradle.internal.daemon.clientinput.ClientInputForwarder.forwardInput(ClientInputForwarder.java:80)
	at org.gradle.launcher.daemon.server.exec.ForwardClientInput.execute(ForwardClientInput.java:37)
	at org.gradle.launcher.daemon.server.api.DaemonCommandExecution.proceed(DaemonCommandExecution.java:104)
	at org.gradle.launcher.daemon.server.exec.LogAndCheckHealth.execute(LogAndCheckHealth.java:64)
	at org.gradle.launcher.daemon.server.api.DaemonCommandExecution.proceed(DaemonCommandExecution.java:104)
	at org.gradle.launcher.daemon.server.exec.LogToClient.doBuild(LogToClient.java:63)
	at org.gradle.launcher.daemon.server.exec.BuildCommandOnly.execute(BuildCommandOnly.java:37)
	at org.gradle.launcher.daemon.server.api.DaemonCommandExecution.proceed(DaemonCommandExecution.java:104)
	at org.gradle.launcher.daemon.server.exec.EstablishBuildEnvironment.doBuild(EstablishBuildEnvironment.java:84)
	at org.gradle.launcher.daemon.server.exec.BuildCommandOnly.execute(BuildCommandOnly.java:37)
	at org.gradle.launcher.daemon.server.api.DaemonCommandExecution.proceed(DaemonCommandExecution.java:104)
	at org.gradle.launcher.daemon.server.exec.StartBuildOrRespondWithBusy$1.run(StartBuildOrRespondWithBusy.java:52)
	at org.gradle.launcher.daemon.server.DaemonStateCoordinator.lambda$runCommand$0(DaemonStateCoordinator.java:321)
	at org.gradle.internal.concurrent.ExecutorPolicy$CatchAndRecordFailures.onExecute(ExecutorPolicy.java:64)
	at org.gradle.internal.concurrent.AbstractManagedExecutor$1.run(AbstractManagedExecutor.java:48)


BUILD FAILED in 2s
